시설명,카테고리1,카테고리2,카테고리3,시도 명칭,시군구 명칭,법정읍면동명칭,리 명칭,번지,도로명 이름,건물 번호,위도,경도,우편번호,도로명주소,지번주소,전화번호,홈페이지,휴무일,운영시간,주차 가능여부,입장(이용료)가격 정보,반려동물 동반 가능정보,반려동물 전용 정보,입장 가능 동물 크기,반려동물 제한사항,장소(실내) 여부,장소(실외)여부,기본 정보_장소설명,애견 동반 추가 요금,최종작성일
369펜션,반려동물업,반려동반여행,펜션,제주특별자치도,제주시,조천읍,와흘리,243 번지,와흘로,369 번,33.47371025,126.645997,63344.0,제주특별자치도 제주시 조천읍 와흘로 369,제주특별자치도 제주시 조천읍 와흘리 243,064-726-8266,http://jeju369.com/,연중무휴,매일 16:00~11:00,Y,변동,Y,해당없음,10kg 미만,애견용품 개별준비,Y,Y,애견 동반 펜션,"20,000원",2022-11-30
518기념공원,반려동물업,반려동반여행,여행지,광주광역시,서구,쌍촌동,,1268 번지,상무민주로,61 번,35.15574851,126.858584,61965.0,광주광역시 서구 상무민주로 61,광주광역시 서구 쌍촌동 1268,062-376-5197,https://www.seogu.gwangju.kr/menu.es?mid=a70901070000,연중무휴,매일 00:00~24:00,Y,없음,Y,해당없음,모두 가능,"목줄, 배변봉투",N,Y,공원,없음,2022-11-30
가경공원,반려동물업,반려동반여행,여행지,충청북도,청주시 흥덕구,가경동,,84-1 번지,서부로,1241-31 번,36.61266041,127.437237,28382.0,충청북도 청주시 흥덕구 서부로 1241-31,충청북도 청주시 흥덕구 가경동 산 84-1,043-201-4435,정보없음,연중무휴,매일 00:00~24:00,Y,없음,Y,해당없음,모두 가능,"목줄, 배변봉투",N,Y,공원,없음,2022-11-30
가든블루,반려동물업,반려동반여행,펜션,경기도,포천시,이동면,장암리,636-12 번지,화동로,2236-33 번,38.04364239,127.374561,11111.0,경기도 포천시 이동면 화동로 2236-33,경기도 포천시 이동면 장암리 636-12,0507-1309-3493,http://gardenblue.co.kr/,연중무휴,매일 15:00~11:00,Y,변동,Y,해당없음,10kg 이하,제한사항 없음,Y,Y,"애견 동반 펜션, 사전문의 필수","20,000원",2022-11-30
가락바위소류지,반려동물업,반려동반여행,여행지,충청남도,아산시,탕정면,명암리,588 번지,,,36.80759774,127.059415,31452.0,,충청남도 아산시 탕정면 명암리 588,,정보없음,연중무휴,매일 00:00~24:00,Y,없음,Y,해당없음,모두 가능,"목줄, 배변봉투",N,Y,관광지,없음,2022-11-30
가마미해수욕장,반려동물업,반려동반여행,여행지,전라남도,영광군,홍농읍,계마리,802-1 번지,가마미로,341-6 번,35.39762675,126.408005,57000.0,전라남도 영광군 홍농읍 가마미로 341-6,전라남도 영광군 홍농읍 계마리 802-1,061-356-1020,https://www.yeonggwang.go.kr/subpage/?site=tour_2019&mn=7387,연중무휴,매일 00:00~24:00,Y,없음,Y,해당없음,모두 가능,"목줄, 배변봉투",N,Y,관광지,없음,2022-11-30
가수원근린공원,반려동물업,반려동반여행,여행지,대전광역시,서구,가수원동,,802-1 번지,가수원중로65번길,22 번,36.29819101,127.352494,35390.0,대전광역시 서구 가수원중로65번길 22,대전광역시 서구 가수원동 802-1,,정보없음,연중무휴,매일 00:00~24:00,N,없음,Y,해당없음,모두 가능,목줄,N,Y,공원,없음,2022-11-30
가우도,반려동물업,반려동반여행,여행지,전라남도,강진군,,신기리,,,,34.52719533,126.764915,59251.0,,전라남도 강진군 도암면 신기리,061-432-2254,정보없음,연중무휴,매일 00:00~24:00,Y,없음,Y,해당없음,모두 가능,목줄,N,Y,관광지,없음,2022-11-30
가원별장 펜션,반려동물업,반려동반여행,펜션,경기도,양평군,단월면,명성리,613-3 번지,명성길,176-1 번,37.62218608,127.631772,12526.0,경기도 양평군 단월면 명성길 176-1,경기도 양평군 단월면 명성리 613-3,0507-1317-2027,http://gawonps.co.kr/,연중무휴,매일 15:00~11:00,Y,변동,Y,해당없음,7kg 이하,제한사항 없음,Y,Y,"애견 동반 펜션, 사전문의 필수","20,000원",2022-11-30
가자펜션,반려동물업,반려동반여행,펜션,경상남도,거제시,남부면,다포리,38-15 번지,거제남서로,324-4 번,34.71600425,128.626327,53334.0,경상남도 거제시 남부면 거제남서로 324-4,경상남도 거제시 남부면 다포리 38-15,,https://gajaps.modoo.at/,연중무휴,매일 15:00~11:00,Y,변동,N,해당없음,해당없음,해당없음,Y,Y,펜션,없음,2022-11-30
가평 퓨어향기 독채펜션,반려동물업,반려동반여행,펜션,경기도,가평군,북면,적목리,166-2 번지,가화로,2670-23 번,37.97137565,127.454239,12400.0,경기도 가평군 북면 가화로 2670-23,경기도 가평군 북면 적목리 166-2,,http://hyanggi.co.kr/,연중무휴,매일 15:00~11:00,Y,변동,N,해당없음,해당없음,해당없음,Y,Y,펜션,없음,2022-11-30
가평휴게소 반려견놀이터,반려동물업,반려동반여행,여행지,경기도,가평군,설악면,미사리,149-4 번지,미사리로540번길,51 번,37.70194035,127.546805,12462.0,경기도 가평군 설악면 미사리로540번길 51,경기도 가평군 설악면 미사리 149-4,031-584-1426,정보없음,연중무휴,매일 08:00~18:00,Y,없음,Y,해당없음,모두 가능,"목줄, 배변봉투",N,Y,관광지,없음,2022-11-30
가평힐링타임펜션,반려동물업,반려동반여행,펜션,경기도,가평군,상면,행현리,375-1 번지,수목원로,181-26 번,37.76246255,127.364275,12448.0,경기도 가평군 상면 수목원로 181-26,경기도 가평군 상면 행현리 375-1,,http://www.healingtimeps.com/,연중무휴,매일 15:00~11:00,Y,변동,Y,해당없음,소형/중형,애견용품 개별준비,Y,Y,"애견 동반 펜션, 대형견 사전문의","10,000원",2022-11-30
가학산근린공원,반려동물업,반려동반여행,여행지,경기도,광명시,가학동,,7 번지,가학로85번길,134-23 번,37.42592096,126.865928,14341.0,경기도 광명시 가학로85번길 134-23,경기도 광명시 가학동 산 7,02-2680-6952,정보없음,연중무휴,매일 00:00~24:00,Y,없음,Y,해당없음,소형,"목줄, 배변봉투",N,Y,공원,없음,2022-11-30
가화쌈지숲공원,반려동물업,반려동반여행,여행지,충청북도,옥천군,옥천읍,금구리,223 번지,,,36.30557822,127.560966,29034.0,,충청북도 옥천군 옥천읍 금구리 223,043-730-3484,정보없음,연중무휴,매일 00:00~24:00,Y,없음,Y,해당없음,모두 가능,"목줄, 배변봉투",N,Y,공원,없음,2022-11-30
각리근린공원,반려동물업,반려동반여행,여행지,충청북도,청주시 청원구,오창읍,각리,639-3 번지,,,36.70914239,127.432127,28125.0,,충청북도 청주시 청원구 오창읍 각리 639-3,043-201-4414,정보없음,연중무휴,매일 00:00~24:00,N,없음,Y,해당없음,모두 가능,"목줄, 배변봉투",N,Y,공원,없음,2022-11-30
각화제,반려동물업,반려동반여행,여행지,광주광역시,북구,각화동,,,,,35.18452351,126.939782,61165.0,,광주광역시 북구 각화동,,정보없음,연중무휴,매일 00:00~24:00,Y,없음,Y,해당없음,모두 가능,목줄,N,Y,관광지,없음,2022-11-30
간절곶,반려동물업,반려동반여행,여행지,울산광역시,울주군,서생면,대송리,28-1 번지,간절곶1길,39-2 번,35.35897306,129.360296,45015.0,울산광역시 울주군 서생면 간절곶1길 39-2,울산광역시 울주군 서생면 대송리 28-1,052-239-6313,https://www.lighthouse-museum.or.kr/,매주 월요일,"화~일 하절기 09:00~18:00, 동절기 09:00~17:00",Y,없음,Y,해당없음,모두 가능,목줄,N,Y,관광지,없음,2022-11-30
갈마봉근린공원,반려동물업,반려동반여행,여행지,대전광역시,유성구,지족동,,837 번지,지족로328번길,123 번,36.38402393,127.317422,34076.0,대전광역시 유성구 지족로328번길 123,대전광역시 유성구 지족동 837,042-611-2344,정보없음,연중무휴,매일 00:00~24:00,N,없음,Y,해당없음,모두 가능,목줄,N,Y,공원,없음,2022-11-30
갈매구릉산자락길,반려동물업,반려동반여행,여행지,경기도,구리시,갈매동,,392-20 번지,,,37.62707172,127.121305,11902.0,,경기도 구리시 갈매동 392-20,031-550-2047,https://www.guri.go.kr/culture/selectTourCntntsWebView.do?tourNo=161&key=1188&ctgry=5,연중무휴,매일 00:00~24:00,Y,없음,Y,해당없음,모두 가능,"목줄, 배변봉투",N,Y,관광지,없음,2022-11-30
감나무실공원,반려동물업,반려동반여행,여행지,충청북도,청주시 흥덕구,가경동,,1692 번지,2순환로1329번길,10 번,36.61860037,127.436758,28411.0,충청북도 청주시 흥덕구 2순환로1329번길 10,충청북도 청주시 흥덕구 가경동 1692,043-200-2815,정보없음,연중무휴,매일 00:00~24:00,N,없음,Y,해당없음,모두 가능,"목줄, 배변봉투",N,Y,공원,없음,2022-11-30
감악산 출렁다리,반려동물업,반려동반여행,여행지,경기도,파주시,적성면,설마리,산 21-1 번지,설마천로,238 번,37.93841476,126.947316,10805.0,경기도 파주시 적성면 설마천로 238,경기도 파주시 적성면 설마리 산 21-1,031-950-1938,https://tour.paju.go.kr/user/tour/place/BD_tourPlaceInfoView.do?menuCode=4&areaSe=&cntntsSn=2061,연중무휴,매일 09:00~18:00,Y,없음,Y,해당없음,모두 가능,"목줄, 배변봉투",N,Y,관광지,없음,2022-11-30
감천문화마을,반려동물업,반려동반여행,여행지,부산광역시,사하구,감천동,,10-2 번지,옥천로,130 번,35.09686103,129.01109,49368.0,부산광역시 사하구 옥천로 130,부산광역시 사하구 감천동 10-2,051-204-1444,https://m.gamcheon.or.kr/?doc=sub_01_02,연중무휴,매일 00:00~24:00,Y,없음,Y,해당없음,모두 가능,목줄,N,Y,관광지,없음,2022-11-30
갑천근린공원,반려동물업,반려동반여행,여행지,대전광역시,유성구,봉명동,,702 번지,,,36.35459963,127.350864,34175.0,,대전광역시 유성구 봉명동 702,,정보없음,연중무휴,매일 00:00~24:00,Y,없음,Y,해당없음,모두 가능,목줄,N,Y,공원,없음,2022-11-30
강경젓갈전시관,반려동물업,반려동반여행,여행지,충청남도,논산시,강경읍,황산리,198 번지,금백로,45 번,36.15755625,127.009806,32930.0,충청남도 논산시 강경읍 금백로 45,충청남도 논산시 강경읍 황산리 198,041-730-4648,정보없음,매주 일요일,월~토 10:00~17:00,Y,없음,Y,해당없음,모두 가능,목줄,N,Y,관광지,없음,2022-11-30
강릉굴산사지당간지주,반려동물업,반려동반여행,여행지,강원도,강릉시,구정면,학산리,1181 번지,,,37.70727935,128.891822,25623.0,,강원도 강릉시 구정면 학산리 1181,033-640-5581,정보없음,연중무휴,매일 00:00~24:00,N,없음,Y,해당없음,모두 가능,"목줄, 배변봉투",N,Y,관광지,없음,2022-11-30
강릉대관령전망대,반려동물업,반려동반여행,여행지,강원도,강릉시,성산면,보광리,151 번지,영동고속도로,232 번,37.75734947,128.806638,25442.0,강원도 강릉시 성산면 영동고속도로 232,강원도 강릉시 성산면 보광리 151,,정보없음,연중무휴,매일 00:00~24:00,Y,없음,Y,해당없음,모두 가능,목줄,N,Y,관광지,없음,2022-11-30
강서 한강공원,반려동물업,반려동반여행,여행지,서울특별시,강서구,방화동,,47 번지,양천로27길,279-23 번,37.58604147,126.817145,7518.0,서울특별시 강서구 양천로27길 279-23,서울특별시 강서구 방화동 47,02-3780-0621,https://hangang.seoul.go.kr/archives/46788,연중무휴,매일 00:00~24:00,Y,없음,Y,해당없음,모두 가능,"목줄, 배변봉투",N,Y,공원,없음,2022-11-30
강아지숲 반려견 테마파크,반려동물업,반려동반여행,여행지,강원도,춘천시,남산면,광판리,1193 번지,충효로,437 번,37.73643502,127.66202,24466.0,강원도 춘천시 남산면 충효로 437,강원도 춘천시 남산면 광판리 1193,033-913-1400,http://www.dforest.co.kr/index.html,매주 월요일,화~일 10:00~18:00,Y,17000원,Y,해당없음,모두 가능,"맹견, 공격성 있는 경우 입장 제한",Y,Y,"애견카페, 운동장","8,000원",2022-11-30
강이네하우스,반려동물업,반려동반여행,펜션,강원도,양양군,서면,상평리,437 번지,상평1길,17-2 번,38.06692416,128.583355,25035.0,강원도 양양군 서면 상평1길 17-2,강원도 양양군 서면 상평리 437,0507-1314-2453,https://kang2nehouse.modoo.at/,연중무휴,매일 15:00~11:00,Y,변동,Y,해당없음,소형/중형,"입질, 공격성 있는 경우 입장 제한",Y,Y,"애견 동반 펜션, 사전문의 필수","20,000원",2022-11-30
강주해바라기마을,반려동물업,반려동반여행,여행지,경상남도,함안군,법수면,강주리,486-3 번지,강주4길,37 번,35.32130962,128.333096,52059.0,경상남도 함안군 법수면 강주4길 37,경상남도 함안군 법수면 강주리 486-3,055-583-5387,https://www.haman.go.kr/,연중무휴,매일 08:00~19:00,Y,3000원,Y,해당없음,모두 가능,목줄,N,Y,관광지,없음,2022-11-30
강천섬유원지,반려동물업,반려동반여행,여행지,경기도,여주시,강천면,강천리,645 번지,강천리길,88 번,37.23474348,127.707936,12664.0,경기도 여주시 강천면 강천리길 88,경기도 여주시 강천면 강천리 645,,정보없음,연중무휴,매일 00:00~24:00,Y,없음,Y,해당없음,모두 가능,"목줄, 배변봉투",N,Y,관광지,없음,2022-11-30
강촌꿈에그린,반려동물업,반려동반여행,펜션,강원도,춘천시,남산면,창촌리,333-4 번지,보매기1길,61-56 번,37.78745102,127.640485,24465.0,강원도 춘천시 남산면 보매기1길 61-56,강원도 춘천시 남산면 창촌리 333-4,,http://www.kcgreen.co.kr/,정보없음,정보없음,Y,변동,N,해당없음,해당없음,해당없음,Y,Y,펜션,없음,2022-11-30
강촌레일파크,반려동물업,반려동반여행,여행지,강원도,춘천시,남산면,서천리,226-6 번지,서백길,57 번,37.84274539,127.550947,24464.0,강원도 춘천시 남산면 서백길 57,강원도 춘천시 남산면 서천리 226-6,033-245-1002,http://www.railpark.co.kr/,연중무휴,"매일 하절기 09:00~17:00, 동절기 09:00~15:30",Y,변동,Y,해당없음,소형,목줄,N,Y,관광지,없음,2022-11-30
강화 고벵이 오션뷰 수영장 애견동반 펜션,반려동물업,반려동반여행,펜션,인천광역시,강화군,화도면,장화리,285-7 번지,해안남로,2506-16 번,37.6273168,126.37992,23061.0,인천광역시 강화군 화도면 해안남로 2506-16,인천광역시 강화군 화도면 장화리 285-7,0507-1494-1338,http://www.xn--299a731a0odzyhu2q.com/,연중무휴,매일 15:00~11:00,Y,변동,Y,해당없음,5kg 미만,객실당 최대 3마리,Y,Y,애견 동반 펜션,"30,000원",2022-11-30
강화 로만티카애견리조트,반려동물업,반려동반여행,펜션,인천광역시,강화군,화도면,흥왕리,917 번지,해안남로,1986 번,37.60418699,126.411654,23062.0,인천광역시 강화군 화도면 해안남로 1986,인천광역시 강화군 화도면 흥왕리 917,0507-1351-4569,http://www.romantica2010.com/,연중무휴,매일 15:00~11:00,Y,변동,Y,해당없음,10kg 미만,객실당 최대 5마리,Y,Y,애견 동반 펜션,"10,000원",2022-11-30
강화 로맨틱큐브펜션,반려동물업,반려동반여행,펜션,인천광역시,강화군,길상면,선두리,965-21 번지,해안남로,664-11 번,37.60244201,126.491252,23051.0,인천광역시 강화군 길상면 해안남로 664-11,인천광역시 강화군 길상면 선두리 965-21,,http://www.romanticcube.com/,연중무휴,매일 15:00~11:00,Y,변동,Y,해당없음,10kg 미만,객실당 최대 3마리,Y,Y,애견 동반 펜션,"20,000원",2022-11-30
강화 마니산스토리,반려동물업,반려동반여행,펜션,인천광역시,강화군,화도면,여차리,645-1 번지,해안남로2220번길,30 번,37.6096682,126.396051,23061.0,인천광역시 강화군 화도면 해안남로2220번길 30,인천광역시 강화군 화도면 여차리 645-1,,https://manisanstorys.modoo.at/,연중무휴,매일 15:00~11:00,Y,변동,Y,해당없음,8kg 미만,객실당 최대 3마리,Y,Y,애견 동반 펜션,"10,000원",2022-11-30
강화 아우라 독채펜션,반려동물업,반려동반여행,펜션,인천광역시,강화군,화도면,여차리,415 번지,해안남로,2166-32 번,37.60577455,126.40127,23061.0,인천광역시 강화군 화도면 해안남로 2166-32,인천광역시 강화군 화도면 여차리 415,,http://xn--oi2b00q97cvubvy6a.kr/,연중무휴,매일 14:00~11:00,Y,변동,Y,해당없음,10kg 미만,"객실당 최대 2마리, 애견용품 개별준비",Y,Y,애견 동반 펜션,"20,000원",2022-11-30
강화 어나더153 애견펜션,반려동물업,반려동반여행,펜션,인천광역시,강화군,화도면,동막리,211-13 번지,해안남로,1669-12 번,37.5944154,126.437672,23062.0,인천광역시 강화군 화도면 해안남로 1669-12,인천광역시 강화군 화도면 동막리 211-13,0507-1322-1530,https://www.another153.net/,연중무휴,매일 15:00~11:00,Y,변동,Y,해당없음,5kg 미만,제한사항 없음,Y,Y,애견 동반 펜션,"10,000원",2022-11-30
강화 제임스펜션,반려동물업,반려동반여행,펜션,인천광역시,강화군,내가면,고천리,830-5 번지,강화서로227번길,51 번,37.71753294,126.384849,23018.0,인천광역시 강화군 내가면 강화서로227번길 51,인천광역시 강화군 내가면 고천리 830-5,,http://jmspension.com/,연중무휴,매일 15:00~11:00,Y,변동,Y,해당없음,5kg 이하,객실당 최대 2마리,Y,Y,애견 동반 펜션,"10,000원",2022-11-30
강화 터 애견펜션,반려동물업,반려동반여행,펜션,인천광역시,강화군,화도면,여차리,933 번지,해안남로,2297-26 번,37.61126367,126.384841,23061.0,인천광역시 강화군 화도면 해안남로 2297-26,인천광역시 강화군 화도면 여차리 933,,http://teopension.co.kr/,연중무휴,매일 15:00~11:00,Y,변동,Y,해당없음,7kg 미만,"객실당 최대 3마리, 13kg 이상 대형견 입실 불가",Y,Y,애견 동반 펜션,"20,000원",2022-11-30
강화 팽나무 펜션,반려동물업,반려동반여행,펜션,인천광역시,강화군,화도면,장화리,800 번지,동녘말길,41-4 번,37.6174018,126.388439,23061.0,인천광역시 강화군 화도면 동녘말길 41-4,인천광역시 강화군 화도면 장화리 800,050-5765-0603,http://paengnamu.kr/,연중무휴,매일 15:00~11:00,Y,변동,Y,해당없음,5kg 이하,"객실당 최대 2마리, 애견용품 개별준비",Y,Y,애견 동반 펜션,"10,000원",2022-11-30
강화 해마루 애견동반 펜션,반려동물업,반려동반여행,펜션,인천광역시,강화군,화도면,여차리,910 번지,해안남로,2289 번,37.60908898,126.386917,23061.0,인천광역시 강화군 화도면 해안남로 2289,인천광역시 강화군 화도면 여차리 910,,https://xn--2s2b1pr5pnoum9b.com/,연중무휴,매일 15:00~11:00,Y,변동,Y,해당없음,15kg 미만,객실당 최대 2마리,Y,Y,애견 동반 펜션,"20,000원",2022-11-30
강화 향기정원 애견동반펜션,반려동물업,반려동반여행,펜션,인천광역시,강화군,화도면,여차리,473 번지,해안남로,2166-39 번,37.60696815,126.400736,23061.0,인천광역시 강화군 화도면 해안남로 2166-39,인천광역시 강화군 화도면 여차리 473,,https://aromagarden.co.kr/,연중무휴,매일 15:00~11:00,Y,변동,Y,해당없음,8kg 미만,객실당 최대 2마리,Y,Y,애견 동반 펜션,"20,000원",2022-11-30
강화도바다네스파펜션,반려동물업,반려동반여행,펜션,인천광역시,강화군,길상면,선두리,890-15 번지,해안남로,789-17 번,37.60624479,126.479886,23051.0,인천광역시 강화군 길상면 해안남로 789-17,인천광역시 강화군 길상면 선두리 890-15,050-5356-9622,http://badane.co.kr/,연중무휴,매일 15:00~11:00,Y,변동,Y,해당없음,5kg 이하,"객실당 최대 1마리, 애견용품 개인준비 필수",Y,Y,"애견 동반 펜션, 사전문의 필수","15,000원",2022-11-30
강화돌담캠핑 글램핑,반려동물업,반려동반여행,펜션,인천광역시,강화군,삼산면,석모리,111-23 번지,삼산북로,397-1 번,37.70120264,126.328233,23005.0,인천광역시 강화군 삼산면 삼산북로 397-1,인천광역시 강화군 삼산면 석모리 111-23,0507-1382-5373,http://xn--o39aw5krsar7ax30fxni.com/,연중무휴,매일 15:00~11:00,Y,변동,Y,해당없음,16kg 미만,객실당 최대 5마리,Y,Y,애견 동반 펜션,"10,000원",2022-11-30
개가사는그집 펜션,반려동물업,반려동반여행,펜션,경기도,가평군,가평읍,복장리,253-4 번지,복장포길,85 번,37.73923783,127.50469,12430.0,경기도 가평군 가평읍 복장포길 85,경기도 가평군 가평읍 복장리 253-4,0507-1410-1734,http://www.gaghouse.co.kr/,연중무휴,매일 15:00~11:00,Y,변동,Y,해당없음,모두 가능,제한사항 없음,Y,Y,"애견 동반 펜션, 카페, 수영장, 사전문의 필수","10,000원",2022-11-30
개들의수다,반려동물업,반려동반여행,펜션,경기도,김포시,고촌읍,신곡리,394-1 번지,은행영사정로51번길,42 번,37.60457184,126.776563,10124.0,경기도 김포시 고촌읍 은행영사정로51번길 42,경기도 김포시 고촌읍 신곡리 394-1,031-989-4518,https://www.instagram.com/dog_chatter/,매주 목요일,"월~금 11:00~19:00, 토~일 10:00~19:00",Y,변동,Y,해당없음,소형/중형,제한사항 없음,Y,Y,"애견 동반 펜션, 애견 카페, 노키즈존, 사전문의 필수",없음,2022-11-30
개리비안베이,반려동물업,반려동반여행,펜션,충청남도,태안군,소원면,법산리,72 번지,법산길,584-40 번,36.75522415,126.211853,32119.0,충청남도 태안군 소원면 법산길 584-40,충청남도 태안군 소원면 법산리 72,0507-1330-8189,http://garibbeanbay.com/,연중무휴,매일 15:00~11:00,Y,변동,Y,해당없음,10kg 미만,"입질, 공격성 심한 경우, 맹견 입실 불가, 객실당 최대 4마리",Y,Y,애견 동반 펜션,"10,000원",2022-11-30
개심사,반려동물업,반려동반여행,여행지,충청남도,서산시,운산면,신창리,1 번지,개심사로,321-86 번,36.74690048,126.589969,31949.0,충청남도 서산시 운산면 개심사로 321-86,충청남도 서산시 운산면 신창리 1,041-688-2256,https://gaesimsa.modoo.at/,연중무휴,매일 00:00~24:00,Y,없음,Y,해당없음,모두 가능,"목줄, 배변봉투",N,Y,관광지,없음,2022-11-30
개울가 오토 캠핑장,반려동물업,반려동반여행,펜션,경기도,가평군,설악면,가일리,185-3 번지,유명로,654-58 번,37.60300317,127.494925,12473.0,경기도 가평군 설악면 유명로 654-58,경기도 가평군 설악면 가일리 185-3,031-584-7958,http://www.gaewoolga.co.kr/,연중무휴,매일 13:00~11:00,Y,변동,N,해당없음,해당없음,해당없음,Y,Y,펜션,없음,2022-11-30
개인공간,반려동물업,반려동반여행,펜션,경상북도,경주시,천북면,신당리,1115-9 번지,산업로,4694-23 번,35.89387536,129.240686,38041.0,경상북도 경주시 천북면 산업로 4694-23,경상북도 경주시 천북면 신당리 1115-9,,https://blog.naver.com/rlatpwls2045,연중무휴,매일 15:00~11:00,Y,변동,Y,해당없음,모두 가능,"목줄 필수, 맹견 입장 불가",Y,Y,"애견 동반 펜션, 사전문의 필수",없음,2022-11-30
개팔자상팔자펜션,반려동물업,반려동반여행,펜션,강원도,홍천군,서면,굴업리,125 번지,한서로,2278-9 번,37.61005847,127.684292,25103.0,강원도 홍천군 서면 한서로 2278-9,강원도 홍천군 서면 굴업리 125,0507-1364-6599,http://개팔자상팔자.com,연중무휴,매일 15:00~11:00,Y,변동,Y,해당없음,8kg 이하,"입질, 공격성 있는 경우 입장 제한",Y,Y,"애견 동반 펜션, 애견수영장, 사전문의 필수, 추가인원 15,000원","10,000원",2022-11-30
개화예술공원,반려동물업,반려동반여행,여행지,충청남도,보령시,성주면,개화리,177-2 번지,,,36.3133478,126.658555,33486.0,,충청남도 보령시 성주면 개화리 177-2,041-931-6789,정보없음,연중무휴,매일 09:00~18:00,Y,5000원,Y,해당없음,모두 가능,"케이지, 안기, 배변봉투",N,Y,공원,없음,2022-11-30
갯골생태공원,반려동물업,반려동반여행,여행지,경기도,시흥시,장곡동,,724-32 번지,동서로,287 번,37.38979099,126.781255,14971.0,경기도 시흥시 동서로 287,경기도 시흥시 장곡동 724-32,031-488-6900,정보없음,연중무휴,매일 00:00~24:00,Y,없음,Y,해당없음,모두 가능,"목줄, 배변봉투",N,Y,공원,없음,2022-11-30
거북선공원,반려동물업,반려동반여행,여행지,전라남도,여수시,학동,,162 번지,거북선공원2길,10 번,34.76059056,127.666721,59676.0,전라남도 여수시 거북선공원2길 10,전라남도 여수시 학동 162,061-659-4627,정보없음,연중무휴,매일 00:00~24:00,Y,없음,Y,해당없음,모두 가능,"목줄, 배변봉투",N,Y,공원,없음,2022-11-30
거제 도그펜션,반려동물업,반려동반여행,펜션,경상남도,거제시,일운면,망치리,9-42 번지,북병산로,475-9 번,34.81788763,128.675148,53329.0,경상남도 거제시 일운면 북병산로 475-9,경상남도 거제시 일운면 망치리 9-42,,http://dogpension.kr/,연중무휴,매일 15:00~11:00,Y,변동,Y,해당없음,7kg 미만,제한사항 없음,Y,Y,"애견 동반 펜션, 애견수영장, 운동장","20,000원",2022-11-30
거제 블루캐슬 애견펜션,반려동물업,반려동반여행,펜션,경상남도,거제시,일운면,망치리,759 번지,거제대로,1477 번,34.79099186,128.665195,53329.0,경상남도 거제시 일운면 거제대로 1477,경상남도 거제시 일운면 망치리 759,0507-1362-2918,http://xn--939a6k862a6oin5e2eo72a8jv8rd.com/,연중무휴,매일 15:00~11:00,Y,변동,Y,해당없음,모두 가능,목줄,Y,Y,"애견 동반 펜션, 사전문의 필수","10,000원",2022-11-30
거제봄날펜션,반려동물업,반려동반여행,펜션,경상남도,거제시,동부면,오송리,700-23 번지,가배오송길,139 번,34.79255804,128.581313,53330.0,경상남도 거제시 동부면 가배오송길 139,경상남도 거제시 동부면 오송리 700-23,,http://bomnalpension.modoo.at/,연중무휴,매일 15:00~11:00,Y,변동,Y,해당없음,10kg 이하,제한사항 없음,Y,Y,"애견 동반 펜션, 사전문의 필수",없음,2022-11-30
거제해돋이 애견펜션,반려동물업,반려동반여행,펜션,경상남도,거제시,장목면,송진포리,198-13 번지,신촌길,13-11 번,34.99896429,128.692509,53200.0,경상남도 거제시 장목면 신촌길 13-11,경상남도 거제시 장목면 송진포리 198-13,0507-1467-2038,http://soos5150.com/,연중무휴,매일 15:00~11:00,Y,변동,Y,해당없음,10kg 미만,"입질, 공격성 있는 경우 입장 제한, 최대 3마리",Y,Y,"애견 동반 펜션, 사전문의 필수","20,000원",2022-11-30
게스트하우스 하하네,반려동물업,반려동반여행,펜션,서울특별시,마포구,신수동,,308-1 번지,토정로17길,31-8 번,37.54624807,126.935585,4088.0,서울특별시 마포구 토정로17길 31-8,서울특별시 마포구 신수동 308-1,0507-1344-4069,정보없음,연중무휴,매일 15:00~11:00,Y,변동,Y,해당없음,모두 가능,제한사항 없음,Y,Y,애견 동반 펜션,"30,000원",2022-11-30
게스트하우스파티유쾌한환이네,반려동물업,반려동반여행,펜션,제주특별자치도,서귀포시,성산읍,온평리,595-6 번지,일주동로,4675 번,33.41275161,126.899846,63633.0,제주특별자치도 서귀포시 성산읍 일주동로 4675,제주특별자치도 서귀포시 성산읍 온평리 595-6,,정보없음,연중무휴,매일 17:00~10:00,Y,변동,Y,해당없음,소형,제한사항 없음,Y,Y,애견 동반 펜션,변동,2022-11-30
경산공원,반려동물업,반려동반여행,여행지,충청북도,청주시 흥덕구,가경동,,1512 번지,,,36.62480631,127.439642,28378.0,,충청북도 청주시 흥덕구 가경동 1512,043-201-4433,정보없음,연중무휴,매일 00:00~24:00,N,없음,Y,해당없음,모두 가능,"목줄, 배변봉투",N,Y,공원,없음,2022-11-30
경암동철길마을,반려동물업,반려동반여행,여행지,전라북도,군산시,경암동,,539-4 번지,경촌4길,14 번,35.98130977,126.736212,54033.0,전라북도 군산시 경촌4길 14,전라북도 군산시 경암동 539-4,063-450-6598,https://www.gunsan.go.kr/tour/m2099/view/433883,연중무휴,매일 00:00~24:00,N,없음,Y,해당없음,모두 가능,목줄,N,Y,관광지,없음,2022-11-30
경인아라뱃길,반려동물업,반려동반여행,여행지,인천광역시,서구,오류동,,1563 번지,정서진1로,41 번,37.55843603,126.607464,22850.0,인천광역시 서구 정서진1로 41,인천광역시 서구 오류동 1563,1599-3650,https://www.kwater.or.kr/giwaterway/ara.do,"매주 월요일, 법정공휴일","화~일 3~10월 10:00~19:00, 11~2월 09:00~18:00",Y,없음,Y,해당없음,모두 가능,"목줄, 배변봉투",N,Y,관광지,없음,2022-11-30
경주 화랑의 언덕,반려동물업,반려동반여행,여행지,경상북도,경주시,산내면,내일리,164-2 번지,수의길,601 번,35.77204571,129.084329,38185.0,경상북도 경주시 산내면 수의길 601,경상북도 경주시 산내면 내일리 164-2,054-753-7001,https://www.instagram.com/gyeongju_okgreen/,연중무휴,매일 09:00~18:00,Y,2000원,Y,해당없음,모두 가능,"목줄, 케이지, 배변봉투",N,Y,관광지,"2,000원",2022-11-30
경주엑스포대공원,반려동물업,반려동반여행,여행지,경상북도,경주시,천군동,,130 번지,경감로,614 번,35.8322527,129.288867,38118.0,경상북도 경주시 경감로 614,경상북도 경주시 천군동 130,054-748-3011,http://www.cultureexpo.or.kr/,연중무휴,"매일 10~4월 10:00~18:00, 5, 9월 10:00~19:00, 6~8월 10:00~20:00",Y,12000원,Y,해당없음,소형/중형,"목줄, 배변봉투",N,Y,공원,없음,2022-11-30
경주장,반려동물업,반려동반여행,펜션,경상북도,경주시,황오동,,308-1 번지,태종로,801 번,35.84139023,129.215401,38159.0,경상북도 경주시 태종로 801,경상북도 경주시 황오동 308-1,050-5903-9202,http://경주장.com/,연중무휴,매일 16:00~10:00,Y,변동,N,해당없음,해당없음,해당없음,Y,Y,펜션,없음,2022-11-30
경주허브랜드식물원,반려동물업,반려동반여행,여행지,경상북도,경주시,문무대왕면,장항리,589-1 번지,불국로,1593 번,35.78949833,129.386375,38120.0,경상북도 경주시 문무대왕면 불국로 1593,경상북도 경주시 문무대왕면 장항리 589-1,054-744-9080,정보없음,연중무휴,"월~금 10:00~18:00, 토~일 09:30~18:30",Y,없음,Y,해당없음,모두 가능,목줄,N,Y,관광지,없음,2022-11-30
경천섬공원,반려동물업,반려동반여행,여행지,경상북도,상주시,중동면,오상리,968-1 번지,,,36.43188984,128.246993,37245.0,,경상북도 상주시 중동면 오상리 968-1,054-531-1996,정보없음,연중무휴,매일 00:00~24:00,Y,없음,Y,해당없음,모두 가능,"목줄, 배변봉투",N,Y,공원,없음,2022-11-30
경포딩가 애견펜션,반려동물업,반려동반여행,펜션,강원도,강릉시,안현동,,55-2 번지,하남길,345-7 번,37.809497,128.899023,25459.0,강원도 강릉시 하남길 345-7,강원도 강릉시 안현동 55-2,,http://gpdinga.com,연중무휴,매일 15:00~11:00,Y,변동,Y,해당없음,7kg 이하,"입질, 공격성 있는 경우 입장 제한, 애견샤워 금지",Y,Y,"애견 동반 펜션, 사전문의 필수, 놀이터, 추가인원 15,000원","15,000원",2022-11-30
경포코지펜션,반려동물업,반려동반여행,펜션,강원도,강릉시,초당동,,433-3 번지,난설헌로219번길,22 번,37.79432267,128.913484,25466.0,강원도 강릉시 난설헌로219번길 22,강원도 강릉시 초당동 433-3,0507-1497-7753,http://www.cozypension.co.kr,연중무휴,매일 15:00~11:00,Y,변동,Y,해당없음,10kg 이하,제한사항 없음,Y,Y,"애견 동반 펜션, 사전문의 필수","10,000원",2022-11-30
계룡시입암리유적공원,반려동물업,반려동반여행,여행지,충청남도,계룡시,두마면,입암리,83 번지,,,36.24939953,127.270556,32842.0,,충청남도 계룡시 두마면 입암리 83,,정보없음,연중무휴,매일 00:00~24:00,N,없음,Y,해당없음,모두 가능,목줄,N,Y,공원,없음,2022-11-30
계룡시종합문화체육공원,반려동물업,반려동반여행,여행지,충청남도,계룡시,엄사면,유동리,264 번지,,,36.26975368,127.233049,32830.0,,충청남도 계룡시 엄사면 유동리 264,,정보없음,연중무휴,매일 00:00~24:00,Y,없음,Y,해당없음,모두 가능,목줄,N,Y,공원,없음,2022-11-30
계양산산림욕장,반려동물업,반려동반여행,여행지,인천광역시,계양구,계산동,,48 번지,경명대로955번길,17 번,37.54651868,126.712241,21042.0,인천광역시 계양구 경명대로955번길 17,인천광역시 계양구 계산동 산 48,032-450-5655,정보없음,연중무휴,매일 00:00~24:00,Y,없음,Y,해당없음,모두 가능,목줄,N,Y,관광지,없음,2022-11-30
고래들근린공원,반려동물업,반려동반여행,여행지,대전광역시,유성구,지족동,,1064 번지,,,36.3865439,127.30993,34085.0,,대전광역시 유성구 지족동 1064,,정보없음,연중무휴,매일 00:00~24:00,Y,없음,Y,해당없음,모두 가능,목줄,N,Y,공원,없음,2022-11-30
고마제,반려동물업,반려동반여행,여행지,전라북도,부안군,동진면,내기리,292-10 번지,고마제로,115 번,35.73823486,126.761115,56303.0,전라북도 부안군 동진면 고마제로 115,전라북도 부안군 동진면 내기리 292-10,,정보없음,연중무휴,매일 00:00~24:00,N,없음,Y,해당없음,모두 가능,목줄,N,Y,관광지,없음,2022-11-30
고모저수지,반려동물업,반려동반여행,여행지,경기도,포천시,소흘읍,고모리,669-5 번지,죽엽산로,454 번,37.79407652,127.165042,11185.0,경기도 포천시 소흘읍 죽엽산로 454,경기도 포천시 소흘읍 고모리 669-5,031-538-4102,정보없음,연중무휴,매일 00:00~24:00,Y,없음,Y,해당없음,모두 가능,"목줄, 배변봉투",N,Y,관광지,없음,2022-11-30
고석정,반려동물업,반려동반여행,여행지,강원도,철원군,동송읍,장흥리,20-1 번지,태봉로,1825 번,38.18542141,127.287404,24023.0,강원도 철원군 동송읍 태봉로 1825,강원도 철원군 동송읍 장흥리 20-1,033-450-5559,https://www.cwg.go.kr/tour/,매주 화요일,수~월 10:00~17:00,Y,없음,Y,해당없음,모두 가능,목줄,N,Y,관광지,없음,2022-11-30
고석정꽃밭,반려동물업,반려동반여행,여행지,강원도,철원군,동송읍,장흥리,10-2 번지,태봉로,1769 번,38.1882275,127.295506,24023.0,강원도 철원군 동송읍 태봉로 1769,강원도 철원군 동송읍 장흥리 10-2,033-455-7072,https://www.cwg.go.kr/tour/contents.do?key=1629,매주 화요일,수~월 09:00~21:00,Y,6000원,Y,해당없음,모두 가능,"목줄, 배변봉투",N,Y,관광지,없음,2022-11-30
고소동 벽화마을,반려동물업,반려동반여행,여행지,전라남도,여수시,고소동,,268 번지,,,34.73900024,127.741163,59738.0,,전라남도 여수시 고소동 268,061-659-3877,http://tour.yeosu.go.kr,연중무휴,매일 00:00~24:00,Y,없음,Y,해당없음,모두 가능,"목줄, 배변봉투",N,Y,관광지,없음,2022-11-30
고운정,반려동물업,반려동반여행,펜션,광주광역시,광산구,고룡동,,84 번지,임곡연동길,131-13 번,35.20511584,126.777242,62207.0,광주광역시 광산구 임곡연동길 131-13,광주광역시 광산구 고룡동 84,0507-1333-0846,정보없음,연중무휴,매일 16:00~11:00,Y,변동,Y,해당없음,모두 가능,제한사항 없음,Y,Y,관광지,"20,000원",2022-11-30
고인돌공원,반려동물업,반려동반여행,여행지,전라북도,고창군,고창읍,도산리,676 번지,고인돌공원길,74 번,35.44169795,126.652498,56443.0,전라북도 고창군 고창읍 고인돌공원길 74,전라북도 고창군 고창읍 도산리 676,063-560-8666,정보없음,연중무휴,매일 00:00~24:00,Y,없음,Y,해당없음,모두 가능,목줄,N,Y,공원,없음,2022-11-30
고창 청농원,반려동물업,반려동반여행,여행지,전라북도,고창군,공음면,용수리,681 번지,청천길,41-27 번,35.37359974,126.535064,56461.0,전라북도 고창군 공음면 청천길 41-27,전라북도 고창군 공음면 용수리 681,063-561-6907,http://gobluefarm.com/,연중무휴,매일 09:00~17:30,Y,변동,Y,해당없음,모두 가능,"목줄, 배변봉투",N,Y,"관광지, 라벤더, 핑크뮬리 5,000원(시즌 외 무료입장)",없음,2022-11-30
고현성,반려동물업,반려동반여행,여행지,경상남도,거제시,고현동,,,,,34.88255464,128.623265,53247.0,,경상남도 거제시 고현동,055-639-3000,정보없음,연중무휴,매일 00:00~24:00,Y,없음,Y,해당없음,모두 가능,"목줄, 배변봉투",N,Y,관광지,없음,2022-11-30
고흥 남열해돋이펜트하우스,반려동물업,반려동반여행,펜션,전라남도,고흥군,영남면,남열리,796 번지,남열본동2길,48-58 번,34.58669568,127.479934,59521.0,전라남도 고흥군 영남면 남열본동2길 48-58,전라남도 고흥군 영남면 남열리 796,,http://nypenthouse.co.kr/,연중무휴,매일 15:00~11:00,Y,변동,Y,해당없음,5kg 미만,객실당 최대 2마리,Y,Y,애견 동반 펜션,"10,000원",2022-11-30
고흥 누림펜션,반려동물업,반려동반여행,펜션,전라남도,고흥군,동일면,봉영리,1194-1 번지,봉영로,542-6 번,34.49090796,127.475862,59567.0,전라남도 고흥군 동일면 봉영로 542-6,전라남도 고흥군 동일면 봉영리 1194-1,0507-1376-0726,https://nurimps.modoo.at/,연중무휴,매일 15:00~11:00,Y,변동,Y,반려동물 전용,5kg 미만,제한사항 없음,Y,Y,애견 동반 펜션,"10,000원",2022-11-30
고흥 힐링 펜션,반려동물업,반려동반여행,펜션,전라남도,고흥군,금산면,오천리,623-30 번지,거금일주로,1467 번,34.43239437,127.196936,59566.0,전라남도 고흥군 금산면 거금일주로 1467,전라남도 고흥군 금산면 오천리 623-30,061-844-7700,정보없음,연중무휴,매일 15:00~11:00,Y,변동,Y,해당없음,7kg 미만,객실당 최대 1마리,Y,Y,애견 동반 펜션,"15,000원",2022-11-30
골드독펜션,반려동물업,반려동반여행,펜션,충청남도,태안군,안면읍,정당리,1109-87 번지,붓드기길,4 번,36.55768917,126.346019,32163.0,충청남도 태안군 안면읍 붓드기길 4,충청남도 태안군 안면읍 정당리 1109-87,,http://golddogps.com,연중무휴,매일 15:00~11:00,Y,변동,Y,반려동물 전용,10kg 이하,맹견류 입장 불가,Y,Y,애견 동반 펜션,"10,000원",2022-11-30
곰나루국민관광단지,반려동물업,반려동반여행,여행지,충청남도,공주시,웅진동,,431 번지,백제큰길,2110-16 번,36.47022166,127.111701,32535.0,충청남도 공주시 백제큰길 2110-16,충청남도 공주시 웅진동 431,041-856-7700,정보없음,연중무휴,매일 00:00~24:00,Y,없음,Y,해당없음,모두 가능,목줄,N,Y,관광지,없음,2022-11-30
곰나루펜션,반려동물업,반려동반여행,펜션,충청남도,공주시,사곡면,월가리,1021-12 번지,정안마곡사로,1355-50 번,36.57531981,127.043052,32521.0,충청남도 공주시 사곡면 정안마곡사로 1355-50,충청남도 공주시 사곡면 월가리 1021-12,,http://www.gongjup.com/main/main.html,정보없음,정보없음,Y,변동,Y,해당없음,소형/중형,제한사항 없음,Y,Y,애견 동반 펜션,없음,2022-11-30
공기마을 편백나무숲,반려동물업,반려동반여행,여행지,전라북도,완주군,상관면,죽림리,204-1 번지,죽림편백길,72-13 번,35.74599177,127.212489,55360.0,전라북도 완주군 상관면 죽림편백길 72-13,전라북도 완주군 상관면 죽림리 산 204-1,063-290-2114,정보없음,연중무휴,매일 00:00~24:00,Y,없음,Y,해당없음,모두 가능,"목줄, 배변봉투",N,Y,관광지,없음,2022-11-30
공룡알화석산지,반려동물업,반려동반여행,여행지,경기도,화성시,송산면,고정리,6 번지,공룡로,659 번,37.26222503,126.747071,18235.0,경기도 화성시 송산면 공룡로 659,경기도 화성시 송산면 고정리 산 6,031-357-3951,http://dinopia.hscity.go.kr/user/index.jsp,매주 월요일,화~일 09:00~17:00,Y,없음,Y,해당없음,모두 가능,"목줄, 배변봉투",N,Y,관광지,없음,2022-11-30
공리저수지,반려동물업,반려동반여행,여행지,충청남도,홍성군,구항면,공리,89-2 번지,내포로686번길,72 번,36.59239649,126.594495,32213.0,충청남도 홍성군 구항면 내포로686번길 72,충청남도 홍성군 구항면 공리 89-2,,정보없음,연중무휴,매일 00:00~24:00,Y,없음,Y,해당없음,모두 가능,목줄,N,Y,관광지,없음,2022-11-30
공천포구,반려동물업,반려동반여행,여행지,제주특별자치도,서귀포시,남원읍,신례리,72-18 번지,,,33.26316429,126.641664,63612.0,,제주특별자치도 서귀포시 남원읍 신례리 72-18,064-740-6000,https://www.visitjeju.net/u/9iE,연중무휴,매일 00:00~24:00,N,없음,Y,해당없음,모두 가능,제한사항 없음,N,Y,관광지,없음,2022-11-30
곽지해수욕장,반려동물업,반려동반여행,여행지,제주특별자치도,제주시,애월읍,곽지리,1565-6 번지,곽지11길,15-6 번,33.45308487,126.30669,63034.0,제주특별자치도 제주시 애월읍 곽지11길 15-6,제주특별자치도 제주시 애월읍 곽지리 1565-6,064-728-3985,https://www.visitjeju.net/kr/detail/view?contentsid=CONT_000000000500056#tdetailInfo,연중무휴,매일 00:00~24:00,Y,없음,Y,해당없음,모두 가능,목줄,N,Y,관광지,없음,2022-11-30
관문체육공원,반려동물업,반려동반여행,여행지,경기도,과천시,관문동,,3 번지,중앙로,294 번,37.44136421,126.996346,13830.0,경기도 과천시 중앙로 294,경기도 과천시 관문동 3,02-504-7300,정보없음,연중무휴,매일 00:00~24:00,Y,없음,Y,해당없음,소형/중형,"목줄, 배변봉투",N,Y,공원,없음,2022-11-30
관저체육공원,반려동물업,반려동반여행,여행지,대전광역시,서구,관저동,,1580 번지,구봉산북로,121 번,36.29278461,127.333588,35376.0,대전광역시 서구 구봉산북로 121,대전광역시 서구 관저동 1580,,정보없음,연중무휴,매일 00:00~24:00,Y,없음,Y,해당없음,모두 가능,목줄,N,Y,공원,없음,2022-11-30
광교호수공원,반려동물업,반려동반여행,여행지,경기도,수원시 영통구,하동,,1026-1 번지,광교호수로,165 번,37.28326769,127.070057,16514.0,경기도 수원시 영통구 광교호수로 165,경기도 수원시 영통구 하동 1026-1,070-8800-2460,http://www.gglakepark.or.kr/,연중무휴,매일 00:00~24:00,Y,없음,Y,해당없음,모두 가능,"목줄, 배변봉투",N,Y,공원,없음,2022-11-30
광명시반려견놀이터,반려동물업,반려동반여행,여행지,경기도,광명시,소하동,,1345 번지,하안로,60 번,37.44474476,126.894026,14322.0,경기도 광명시 하안로 60,경기도 광명시 소하동 1345,031-335-6050,정보없음,법정공휴일,매일 09:00~18:00,N,없음,Y,해당없음,모두 가능,"목줄, 배변봉투, 질병이나 공격성 있는 경우 입장 불가",N,Y,"관광지, 강아지놀이터, 13세 미만 보호자 동반 필수",없음,2022-11-30
광주시민의숲,반려동물업,반려동반여행,여행지,광주광역시,북구,월출동,,968 번지,추암로,190 번,35.23301946,126.866337,61002.0,광주광역시 북구 추암로 190,광주광역시 북구 월출동 968,062-613-6467,정보없음,연중무휴,매일 00:00~24:00,Y,없음,Y,해당없음,모두 가능,"목줄, 배변봉투",N,Y,관광지,없음,2022-11-30
교동생태습지,반려동물업,반려동반여행,여행지,충청북도,옥천군,옥천읍,교동리,159 번지,향수길,95-27 번,36.31923846,127.585035,29027.0,충청북도 옥천군 옥천읍 향수길 95-27,충청북도 옥천군 옥천읍 교동리 159,043-730-4972,정보없음,연중무휴,매일 00:00~24:00,Y,없음,Y,해당없음,모두 가능,"목줄, 배변봉투",N,Y,관광지,없음,2022-11-30
교암해변,반려동물업,반려동반여행,여행지,강원도,고성군,토성면,교암리,12-7 번지,천학정길,43 번,38.29201763,128.546642,24755.0,강원도 고성군 토성면 천학정길 43,강원도 고성군 토성면 교암리 12-7,033-680-3356,https://www.gwgs.go.kr/prog/tursmCn/tour/sub02_02/view.do?cntno=66,연중무휴,매일 00:00~24:00,Y,없음,Y,해당없음,모두 가능,"목줄, 배변봉투",N,Y,관광지,없음,2022-11-30
교촌한옥마을,반려동물업,반려동반여행,여행지,경상북도,경주시,교동,,59-3 번지,,,35.83028236,129.21643,38170.0,,경상북도 경주시 교동 59-3,054-760-7880,정보없음,연중무휴,매일 00:00~24:00,Y,없음,Y,해당없음,모두 가능,목줄,N,Y,관광지,없음,2022-11-30
구갈레스피아반려견놀이터,반려동물업,반려동반여행,여행지,경기도,용인시 기흥구,구갈동,,33-3 번지,중부대로,640 번,37.26682449,127.131244,17069.0,경기도 용인시 기흥구 중부대로 640,경기도 용인시 기흥구 구갈동 33-3,031-324-3466,https://www.giheunggu.go.kr/_lmth/04_life/life_0105.asp,매주 월요일,"화~일 하절기 09:00~20:00, 동절기 10:00~19:00",Y,없음,Y,해당없음,모두 가능,목줄,N,Y,관광지,없음,2022-11-30
구둔역 폐역,반려동물업,반려동반여행,여행지,경기도,양평군,지평면,일신리,1336-9 번지,,,37.43741855,127.688846,12542.0,,경기도 양평군 지평면 일신리 1336-9,031-771-2101,http://travelyangpyeong.com/product/detail.html?product_no=69&cate_no=31&display_group=1,연중무휴,매일 00:00~24:00,Y,없음,Y,해당없음,모두 가능,"목줄, 배변봉투",N,Y,관광지,없음,2022-11-30
구드래조각공원,반려동물업,반려동반여행,여행지,충청남도,부여군,부여읍,구교리,17-4 번지,백강로,148 번,36.28718846,126.906814,33142.0,충청남도 부여군 부여읍 백강로 148,충청남도 부여군 부여읍 구교리 17-4,041-830-2880,정보없음,연중무휴,매일 00:00~24:00,Y,없음,Y,해당없음,모두 가능,목줄,N,Y,공원,없음,2022-11-30
구례 섬진강햇살맞이펜션,반려동물업,반려동반여행,펜션,전라남도,구례군,토지면,외곡리,1150 번지,섬진강대로,4142-51 번,35.19419846,127.616524,57623.0,전라남도 구례군 토지면 섬진강대로 4142-51,전라남도 구례군 토지면 외곡리 1150,,http://xn--3z2b18jf7fylq.com/,연중무휴,매일 15:00~11:00,Y,변동,Y,해당없음,10kg 미만,제한사항 없음,Y,Y,애견 동반 펜션,"10,000원",2022-11-30
구례 시크릿가든,반려동물업,반려동반여행,펜션,전라남도,구례군,토지면,외곡리,159-4 번지,피아골로,215 번,35.21873827,127.604808,57623.0,전라남도 구례군 토지면 피아골로 215,전라남도 구례군 토지면 외곡리 159-4,,http://jirisansecret.com/,연중무휴,매일 15:00~11:00,Y,변동,Y,해당없음,5kg 미만,객실당 최대 2마리,Y,Y,애견 동반 펜션,"10,000원",2022-11-30
구례 지리산 봉쥬르펜션,반려동물업,반려동반여행,펜션,전라남도,구례군,토지면,외곡리,843 번지,섬진강대로,4310-20 번,35.2024311,127.601196,57623.0,전라남도 구례군 토지면 섬진강대로 4310-20,전라남도 구례군 토지면 외곡리 843,0507-1376-1409,https://pensionbonjour.modoo.at/,연중무휴,매일 15:00~11:00,Y,변동,Y,해당없음,5kg 미만,객실당 최대 1마리,Y,Y,애견 동반 펜션,"10,000원",2022-11-30
구룡공원,반려동물업,반려동반여행,여행지,경기도,안산시 상록구,이동,,609-3 번지,구룡체육관로,21 번,37.30822207,126.860503,15510.0,경기도 안산시 상록구 구룡체육관로 21,경기도 안산시 상록구 이동 609-3,,정보없음,연중무휴,매일 00:00~24:00,N,없음,Y,해당없음,모두 가능,"목줄, 배변봉투",N,Y,공원,없음,2022-11-30
구룡근린공원,반려동물업,반려동반여행,여행지,충청북도,청주시 청원구,오창읍,구룡리,376-1 번지,,,36.71518947,127.414792,28121.0,,충청북도 청주시 청원구 오창읍 구룡리 376-1,043-201-4432,정보없음,연중무휴,매일 00:00~24:00,Y,없음,Y,해당없음,모두 가능,"목줄, 배변봉투",N,Y,공원,없음,2022-11-30
구룡포 일본인가옥거리,반려동물업,반려동반여행,여행지,경상북도,포항시 남구,구룡포읍,구룡포리,243 번지,구룡포길,153-1 번,35.99053886,129.561599,37931.0,경상북도 포항시 남구 구룡포읍 구룡포길 153-1,경상북도 포항시 남구 구룡포읍 구룡포리 243,054-276-9605,https://www.pohang.go.kr/tourInfo/phtour/51/17/tourView.do,매주 월요일,화~일 10:00~17:30,Y,없음,Y,해당없음,모두 가능,목줄,N,Y,관광지,없음,2022-11-30
구름이쉬어가는곳펜션,반려동물업,반려동반여행,펜션,강원도,평창군,봉평면,면온리,689-5 번지,꿈동산길,39-30 번,37.56615818,128.352506,25309.0,강원도 평창군 봉평면 꿈동산길 39-30,강원도 평창군 봉평면 면온리 689-5,033-333-7692,정보없음,연중무휴,매일 15:00~11:00,Y,변동,Y,해당없음,모두 가능,제한사항 없음,Y,Y,애견 동반 펜션,없음,2022-11-30
구리역공원,반려동물업,반려동반여행,여행지,경기도,구리시,인창동,,675-1 번지,,,37.60236014,127.141687,11918.0,,경기도 구리시 인창동 675-1,031-550-2417,정보없음,연중무휴,매일 00:00~24:00,Y,없음,Y,해당없음,모두 가능,"목줄, 배변봉투",N,Y,공원,없음,2022-11-30
구리한강시민공원,반려동물업,반려동반여행,여행지,경기도,구리시,토평동,,810 번지,코스모스길14번길,249 번,37.57447848,127.132863,11961.0,경기도 구리시 코스모스길14번길 249,경기도 구리시 토평동 810,031-550-3789,https://www.guri.go.kr/environment/contents.do?key=1393,연중무휴,매일 00:00~24:00,Y,없음,Y,해당없음,모두 가능,"목줄, 배변봉투",N,Y,공원,없음,2022-11-30
구봉근린공원,반려동물업,반려동반여행,여행지,대전광역시,서구,관저동,,1642 번지,,,36.29242722,127.344422,35377.0,,대전광역시 서구 관저동 1642,,정보없음,연중무휴,매일 00:00~24:00,Y,없음,Y,해당없음,모두 가능,목줄,N,Y,공원,없음,2022-11-30
구산공원,반려동물업,반려동반여행,여행지,전라북도,김제시,옥산동,,6-5 번지,,,35.79659172,126.886489,54409.0,,전라북도 김제시 옥산동 6-5,,정보없음,연중무휴,매일 00:00~24:00,Y,없음,Y,해당없음,모두 가능,목줄,N,Y,공원,없음,2022-11-30
구시포해수욕장,반려동물업,반려동반여행,여행지,전라북도,고창군,,자룡리,,,,35.44173173,126.446121,,,전라북도 고창군 상하면 자룡리,063-564-6872,정보없음,연중무휴,매일 00:00~24:00,Y,없음,Y,해당없음,모두 가능,목줄,N,Y,관광지,없음,2022-11-30
구암역사공원,반려동물업,반려동반여행,여행지,전라북도,군산시,구암동,,358-2 번지,영명길,29 번,35.98693796,126.742259,54043.0,전라북도 군산시 영명길 29,전라북도 군산시 구암동 358-2,063-450-4472,정보없음,연중무휴,매일 00:00~24:00,Y,없음,Y,해당없음,모두 가능,목줄,N,Y,공원,없음,2022-11-30
구이저수지,반려동물업,반려동반여행,여행지,전라북도,완주군,,원기리,,,,35.73166834,127.098744,,,전라북도 완주군 구이면 원기리,063-290-2114,https://www.wanju.go.kr/tour/index.wanju,연중무휴,매일 00:00~24:00,Y,없음,Y,해당없음,모두 가능,"목줄, 배변봉투",N,Y,관광지,없음,2022-11-30
구평근린공원,반려동물업,반려동반여행,여행지,부산광역시,사하구,구평동,,500 번지,,,35.08376696,128.984236,49456.0,,부산광역시 사하구 구평동 500,,정보없음,연중무휴,매일 00:00~24:00,N,없음,Y,해당없음,모두 가능,"목줄, 배변봉투",N,Y,공원,없음,2022-11-30
국기원,반려동물업,반려동반여행,여행지,서울특별시,강남구,역삼동,,635 번지,테헤란로7길,32 번,37.50251536,127.030391,6130.0,서울특별시 강남구 테헤란로7길 32,서울특별시 강남구 역삼동 635,02-567-1058,www.kukkiwon.or.kr,연중무휴,"매일 하절기 09:00~18:30, 동절기 09:00~18:00",Y,없음,Y,해당없음,소형/중형,"목줄, 배변봉투, 야외만 가능",N,Y,관광지,없음,2022-11-30
군봉공원,반려동물업,반려동반여행,여행지,전라북도,군산시,구암동,,48-10 번지,잠두1길,65 번,35.97889133,126.758612,54044.0,전라북도 군산시 잠두1길 65,전라북도 군산시 구암동 48-10,063-454-5598,정보없음,연중무휴,매일 00:00~24:00,Y,없음,Y,해당없음,모두 가능,목줄,N,Y,공원,없음,2022-11-30
군산 선유도리조트,반려동물업,반려동반여행,펜션,전라북도,군산시,옥도면,선유도리,207-2 번지,선유북길,129-6 번,35.8134707,126.409776,54000.0,전라북도 군산시 옥도면 선유북길 129-6,전라북도 군산시 옥도면 선유도리 207-2,063-471-0999,http://sunudo.com/skin1/,연중무휴,매일 15:00~11:00,Y,변동,Y,해당없음,5kg 미만,객실당 최대 2마리,Y,Y,애견 동반 펜션,없음,2022-11-30
군산수송공원,반려동물업,반려동반여행,여행지,전라북도,군산시,수송동,,851 번지,,,35.96581117,126.720844,54091.0,,전라북도 군산시 수송동 851,063-465-8191,https://www.gunsan.go.kr/,연중무휴,매일 00:00~24:00,Y,없음,Y,해당없음,모두 가능,목줄,N,Y,공원,없음,2022-11-30
군산오름,반려동물업,반려동반여행,여행지,제주특별자치도,서귀포시,안덕면,창천리,564 번지,,,33.25516034,126.368303,63532.0,,제주특별자치도 서귀포시 안덕면 창천리 564,064-740-6000,http://www.visitjeju.net,연중무휴,매일 00:00~24:00,Y,없음,Y,해당없음,모두 가능,"목줄, 배변봉투",N,Y,관광지,없음,2022-11-30
군산휴게소 반려견놀이터,반려동물업,반려동반여행,여행지,전라북도,군산시,나포면,서포리,406-6 번지,서해안고속도로,148 번,36.01825676,126.797846,54049.0,전라북도 군산시 나포면 서해안고속도로 148,전라북도 군산시 나포면 서포리 406-6,063-453-2818,정보없음,연중무휴,매일 00:00~24:00,Y,없음,Y,해당없음,모두 가능,"목줄, 배변봉투",N,Y,관광지,없음,2022-11-30
군위화산산성전망대,반려동물업,반려동반여행,여행지,경상북도,군위군,삼국유사면,화북리,230 번지,,,36.09830933,128.781367,39057.0,,경상북도 군위군 삼국유사면 화북리 산 230,,정보없음,연중무휴,매일 00:00~24:00,N,없음,Y,해당없음,모두 가능,목줄,N,Y,관광지,없음,2022-11-30
굿모닝하우스 펜션,반려동물업,반려동반여행,펜션,경기도,가평군,가평읍,두밀리,426-1 번지,태봉두밀로406번길,282 번,37.82977532,127.434745,12425.0,경기도 가평군 가평읍 태봉두밀로406번길 282,경기도 가평군 가평읍 두밀리 426-1,050-5765-0425,http://goodmorninghouse.co.kr/,연중무휴,매일 15:00~11:00,Y,변동,Y,해당없음,10kg 미만,제한사항 없음,Y,Y,"애견 동반 펜션, 사전문의 필수","10,000원",2022-11-30
궁남지,반려동물업,반려동반여행,여행지,충청남도,부여군,부여읍,동남리,152-1 번지,궁남로,52 번,36.27161768,126.912919,33165.0,충청남도 부여군 부여읍 궁남로 52,충청남도 부여군 부여읍 동남리 152-1,041-830-2880,https://buyeo.go.kr/html/tour/info/info_010103.html,연중무휴,매일 00:00~24:00,Y,없음,Y,해당없음,모두 가능,"목줄, 배변봉투",N,Y,관광지,없음,2022-11-30
궁동근린공원,반려동물업,반려동반여행,여행지,대전광역시,유성구,궁동,,390 번지,,,36.36414435,127.349258,34137.0,,대전광역시 유성구 궁동 390,,정보없음,연중무휴,매일 00:00~24:00,Y,없음,Y,해당없음,모두 가능,목줄,N,Y,공원,없음,2022-11-30
궁호텔,반려동물업,반려동반여행,펜션,전라북도,전주시 덕진구,금암동,,700-3 번지,용산1길,17-4 번,35.83504606,127.13141,54933.0,전라북도 전주시 덕진구 용산1길 17-4,전라북도 전주시 덕진구 금암동 700-3,063-255-3311,정보없음,연중무휴,매일 17:00~11:00,Y,변동,Y,해당없음,소형/중형,제한사항 없음,Y,Y,"애견 동반 펜션, 사전문의 필수",없음,2022-11-30
그디글라 게스트하우스,반려동물업,반려동반여행,펜션,제주특별자치도,제주시,애월읍,광령리,2304 번지,광령4길,10-6 번,33.4589441,126.433853,63062.0,제주특별자치도 제주시 애월읍 광령4길 10-6,제주특별자치도 제주시 애월읍 광령리 2304,064-746-4114,정보없음,정보없음,정보없음,Y,변동,Y,해당없음,모두 가능,애견용품 개별준비,Y,Y,애견 동반 펜션,없음,2022-11-30
그랑샤리오펜션,반려동물업,반려동반여행,펜션,강원도,평창군,방림면,계촌리,2228-2 번지,감동지길,104 번,37.47853623,128.273022,25364.0,강원도 평창군 방림면 감동지길 104,강원도 평창군 방림면 계촌리 2228-2,033-332-7778,http://grandchariot.co.kr/,연중무휴,매일 14:00~12:00,Y,변동,Y,해당없음,소형,제한사항 없음,Y,Y,"애견 동반 펜션, 추가인원 10,000원","10,000원",2022-11-30
그랜드유원지,반려동물업,반려동반여행,여행지,경기도,양주시,장흥면,부곡리,108-6 번지,호국로,332 번,37.71402632,126.953278,11521.0,경기도 양주시 장흥면 호국로 332,경기도 양주시 장흥면 부곡리 산 108-6,031-826-4544,정보없음,연중무휴,매일 09:00~18:00,Y,없음,Y,해당없음,소형,제한사항 없음,N,Y,관광지,없음,2022-11-30
그레이캐슬펜션,반려동물업,반려동반여행,펜션,경기도,양주시,장흥면,석현리,360 번지,권율로309번길,67-16 번,37.74206533,126.95322,11519.0,경기도 양주시 장흥면 권율로309번길 67-16,경기도 양주시 장흥면 석현리 360,031-875-9191,http://www.greycastle.co.kr,연중무휴,매일 15:00~11:00,Y,변동,Y,해당없음,5kg 이하,객실당 최대 2마리,Y,Y,"애견 동반 펜션, 사전문의 필수","10,000원",2022-11-30
그리다숨,반려동물업,반려동반여행,펜션,충청남도,태안군,안면읍,승언리,2689 번지,안수터길,75-2 번,36.51689376,126.367165,32165.0,충청남도 태안군 안면읍 안수터길 75-2,충청남도 태안군 안면읍 승언리 2689,,http://xn--2i0bj7g1wgjoj.com/,연중무휴,매일 15:00~11:00,Y,변동,Y,해당없음,9kg 미만,맹견류 입장 불가,Y,Y,애견 동반 펜션,"10,000원",2022-11-30
그린공원,반려동물업,반려동반여행,여행지,전라북도,전주시 완산구,삼천2동,,659 번지,거마남로,41 번,35.79492105,127.121444,55090.0,전라북도 전주시 완산구 거마남로 41,전라북도 전주시 완산구 삼천동1가 659,063-281-2107,정보없음,연중무휴,매일 00:00~24:00,N,없음,Y,해당없음,모두 가능,"목줄, 배변봉투",N,Y,공원,없음,2022-11-30
그린듯이 아름다운,반려동물업,반려동반여행,펜션,경기도,가평군,조종면,상판리,147 번지,명지산로,337-251 번,37.90861481,127.380467,12431.0,경기도 가평군 조종면 명지산로 337-251,경기도 가평군 조종면 상판리 147,031-585-7027,https://0315857027.modoo.at/,연중무휴,매일 15:00~11:00,Y,변동,Y,해당없음,8kg 미만,최대 3마리,Y,Y,"애견 동반 펜션, 애견수영장, 사전문의 필수","10,000원",2022-11-30
그림하우스,반려동물업,반려동반여행,펜션,부산광역시,해운대구,송정동,,793-1 번지,송정구덕포길,64 번,35.17292101,129.19744,48073.0,부산광역시 해운대구 송정구덕포길 64,부산광역시 해운대구 송정동 793-1,051-704-7887,http://www.greemhouse.com/,연중무휴,매일 16:00~11:00,Y,변동,N,해당없음,해당없음,해당없음,Y,Y,펜션,없음,2022-11-30
글램독 애견펜션 거제점,반려동물업,반려동반여행,펜션,경상남도,거제시,동부면,가배리,740-19 번지,함박금길,26-5 번,34.79042984,128.558916,53330.0,경상남도 거제시 동부면 함박금길 26-5,경상남도 거제시 동부면 가배리 740-19,,http://glamdog01.co.kr/,연중무휴,매일 15:00~11:00,Y,변동,Y,해당없음,15kg 이하,제한사항 없음,Y,Y,"애견 동반 펜션, 사전문의 필수","10,000원",2022-11-30
글램독 애견펜션 영흥도점,반려동물업,반려동반여행,펜션,인천광역시,옹진군,영흥면,외리,6-4 번지,영흥남로9번길,123 번,37.24837271,126.481089,23121.0,인천광역시 옹진군 영흥면 영흥남로9번길 123,인천광역시 옹진군 영흥면 외리 6-4,,http://glamdog02.co.kr/,연중무휴,매일 15:00~11:00,Y,변동,Y,해당없음,15kg 이하,"입질, 공격성 있는 경우 입장 제한",Y,Y,애견 동반 펜션,"10,000원",2022-11-30
글램독 애견펜션 통영점,반려동물업,반려동반여행,펜션,경상남도,통영시,광도면,용호리,144-1 번지,용호로,285-16 번,34.8726688,128.39139,53022.0,경상남도 통영시 광도면 용호로 285-16,경상남도 통영시 광도면 용호리 144-1,,http://glamdog04.co.kr/,연중무휴,매일 15:00~11:00,Y,변동,Y,해당없음,15kg 이하,최대 2마리,Y,Y,"애견 동반 펜션, 사전문의 필수","20,000원",2022-11-30
글램핑코리아 양주애견점,반려동물업,반려동반여행,펜션,경기도,양주시,백석읍,기산리,136-1 번지,권율로,848 번,37.77384124,126.96138,11518.0,경기도 양주시 백석읍 권율로 848,경기도 양주시 백석읍 기산리 136-1,070-7775-8681,정보없음,연중무휴,매일 15:00~11:00,Y,변동,Y,해당없음,모두 가능,"입질, 공격성 있는 경우 입장 제한, 목줄, 소형견 최대 4마리",Y,Y,"애견 동반 펜션, 사전문의 필수","10,000원",2022-11-30
금강3공구야생초화원,반려동물업,반려동반여행,여행지,충청남도,부여군,세도면,가회리,573 번지,,,36.15381355,126.998384,33232.0,,충청남도 부여군 세도면 가회리 573,041-830-2364,정보없음,연중무휴,매일 00:00~24:00,Y,없음,Y,해당없음,모두 가능,목줄,N,Y,관광지,없음,2022-11-30
금강5공구너울마당,반려동물업,반려동반여행,여행지,충청남도,부여군,규암면,진변리,99-6 번지,진변로,39-7 번,36.280561,126.888382,33116.0,충청남도 부여군 규암면 진변로 39-7,충청남도 부여군 규암면 진변리 99-6,,정보없음,연중무휴,매일 00:00~24:00,N,없음,Y,해당없음,모두 가능,목줄,N,Y,관광지,없음,2022-11-30
금강생태공원,반려동물업,반려동반여행,여행지,충청남도,서천군,마서면,도삼리,59 번지,장산로,916 번,36.02280001,126.742693,33657.0,충청남도 서천군 마서면 장산로 916,충청남도 서천군 마서면 도삼리 59,,정보없음,연중무휴,매일 00:00~24:00,N,없음,Y,해당없음,모두 가능,목줄,N,Y,공원,없음,2022-11-30
금강습지생태공원,반려동물업,반려동반여행,여행지,전라북도,군산시,성산면,성덕리,181-1 번지,,,36.02318644,126.768744,54045.0,,전라북도 군산시 성산면 성덕리 181-1,063-454-3330,정보없음,연중무휴,매일 00:00~24:00,Y,없음,Y,해당없음,모두 가능,목줄,N,Y,공원,없음,2022-11-30
금강시민공원,반려동물업,반려동반여행,여행지,전라북도,군산시,성산면,성덕리,487-19 번지,강변로,477 번,36.01123781,126.756162,54045.0,전라북도 군산시 성산면 강변로 477,전라북도 군산시 성산면 성덕리 487-19,063-454-3330,정보없음,연중무휴,매일 00:00~24:00,Y,없음,Y,해당없음,모두 가능,목줄,N,Y,공원,없음,2022-11-30
금성근린공원,반려동물업,반려동반여행,여행지,대전광역시,유성구,신성동,,206 번지,신성로58번길,38-4 번,36.38753122,127.348112,34117.0,대전광역시 유성구 신성로58번길 38-4,대전광역시 유성구 신성동 206,042-600-3634,정보없음,연중무휴,매일 00:00~24:00,N,없음,Y,해당없음,모두 가능,목줄,N,Y,공원,없음,2022-11-30
금오름,반려동물업,반려동반여행,여행지,제주특별자치도,제주시,한림읍,금악리,1-1 번지,,,33.35569584,126.305586,63021.0,,제주특별자치도 제주시 한림읍 금악리 산 1-1,064-740-6000,https://www.visitjeju.net/u/9iN,연중무휴,매일 00:00~24:00,Y,없음,Y,해당없음,모두 가능,제한사항 없음,N,Y,관광지,없음,2022-11-30
금은모래강변공원,반려동물업,반려동반여행,여행지,경기도,여주시,연양동,,8 번지,강변유원지길,164 번,37.28937608,127.67195,12634.0,경기도 여주시 강변유원지길 164,경기도 여주시 연양동 8,031-887-2604,https://www.yjcmc.or.kr/sub1/camp/gold.do,연중무휴,매일 00:00~24:00,Y,없음,Y,해당없음,모두 가능,목줄,N,Y,공원,없음,2022-11-30
기린공원,반려동물업,반려동반여행,여행지,전라북도,전주시 덕진구,인후3동,,925 번지,,,35.82403929,127.162358,55020.0,,전라북도 전주시 덕진구 인후동1가 925,063-222-1000,https://deokjingu.jeonju.go.kr/,연중무휴,매일 00:00~24:00,N,없음,Y,해당없음,모두 가능,"목줄, 배변봉투",N,Y,공원,없음,2022-11-30
기성망양해수욕장,반려동물업,반려동반여행,여행지,경상북도,울진군,,망양리,,,,36.85850811,129.421214,,,경상북도 울진군 기성면 망양리,054-789-6862,정보없음,연중무휴,매일 00:00~24:00,Y,없음,Y,해당없음,모두 가능,목줄,N,Y,관광지,없음,2022-11-30
기지제수변공원,반려동물업,반려동반여행,여행지,전라북도,전주시 덕진구,장동,,1094 번지,,,35.84124798,127.064498,54866.0,,전라북도 전주시 덕진구 장동 1094,063-222-1000,https://deokjingu.jeonju.go.kr/,연중무휴,매일 00:00~24:00,Y,없음,Y,해당없음,모두 가능,"목줄, 배변봉투",N,Y,공원,없음,2022-11-30
기흥레스피아호수공원,반려동물업,반려동반여행,여행지,경기도,용인시 기흥구,하갈동,,114 번지,하갈로,79 번,37.25211139,127.096458,17099.0,경기도 용인시 기흥구 하갈로 79,경기도 용인시 기흥구 하갈동 114,031-335-6050,http://www.giheunggu.go.kr/,연중무휴,매일 00:00~24:00,Y,없음,Y,해당없음,모두 가능,목줄,N,Y,공원,없음,2022-11-30
길마중길,반려동물업,반려동반여행,여행지,서울특별시,서초구,잠원동,,84-3 번지,,,37.51496793,127.015183,,,서울특별시 서초구 잠원동 84-3,02-2155-6860,http://parks.seoul.go.kr/template/sub/namsan.do,연중무휴,매일 00:00~24:00,Y,없음,Y,해당없음,모두 가능,"목줄, 배변봉투",N,Y,관광지,없음,2022-11-30
김녕몽생이,반려동물업,반려동반여행,펜션,제주특별자치도,제주시,구좌읍,김녕리,1378 번지,김녕로1길,35-14 번,33.5571976,126.748123,63357.0,제주특별자치도 제주시 구좌읍 김녕로1길 35-14,제주특별자치도 제주시 구좌읍 김녕리 1378,,http://mongsengee.fortour.kr/,연중무휴,매일 15:00~11:00,Y,변동,N,해당없음,해당없음,해당없음,Y,Y,펜션,없음,2022-11-30
김녕해수욕장,반려동물업,반려동반여행,여행지,제주특별자치도,제주시,구좌읍,김녕리,4330 번지,구좌해안로,237 번,33.55720814,126.736551,63348.0,제주특별자치도 제주시 구좌읍 구좌해안로 237,제주특별자치도 제주시 구좌읍 김녕리 4330,064-728-3987,https://www.visitjeju.net/u/9i0,연중무휴,매일 00:00~24:00,Y,없음,Y,해당없음,모두 가능,목줄,N,Y,관광지,없음,2022-11-30
김인전공원,반려동물업,반려동반여행,여행지,충청남도,서천군,마서면,도삼리,751-17 번지,장산로,856 번,36.01847901,126.738539,33657.0,충청남도 서천군 마서면 장산로 856,충청남도 서천군 마서면 도삼리 751-17,,정보없음,연중무휴,매일 00:00~24:00,Y,없음,Y,해당없음,모두 가능,목줄,N,Y,공원,없음,2022-11-30
김제시민운동장,반려동물업,반려동반여행,여행지,전라북도,김제시,검산동,,62-8 번지,도작로,220 번,35.81037235,126.900053,54368.0,전라북도 김제시 도작로 220,전라북도 김제시 검산동 산 62-8,063-540-3962,https://lrl.kr/ePRD,연중무휴,매일 08:00~18:00,Y,변동,Y,해당없음,모두 가능,목줄,N,Y,관광지,없음,2022-11-30
김포국제조각공원,반려동물업,반려동반여행,여행지,경기도,김포시,월곶면,고막리,435-14 번지,용강로13번길,38 번,37.72103748,126.553771,10024.0,경기도 김포시 월곶면 용강로13번길 38,경기도 김포시 월곶면 고막리 435-14,031-984-5167,https://www.gcf.or.kr/main/?mc_code=1414,연중무휴,매일 00:00~24:00,Y,없음,Y,해당없음,모두 가능,"목줄, 배변봉투",N,Y,공원,없음,2022-11-30
까사린다,반려동물업,반려동반여행,펜션,제주특별자치도,제주시,한림읍,명월리,1558-4 번지,명월로6길,28 번,33.38241773,126.265626,63014.0,제주특별자치도 제주시 한림읍 명월로6길 28,제주특별자치도 제주시 한림읍 명월리 1558-4,,http://site.onda.me/120593,연중무휴,매일 15:00~11:00,Y,변동,Y,해당없음,소형,제한사항 없음,Y,Y,애견 동반 펜션,없음,2022-11-30
깔끄막 희컨집,반려동물업,반려동반여행,펜션,인천광역시,강화군,강화읍,국화리,458-2 번지,국화길,130 번,37.74469291,126.461029,23028.0,인천광역시 강화군 강화읍 국화길 130,인천광역시 강화군 강화읍 국화리 458-2,032-933-0988,정보없음,연중무휴,매일 15:00~11:00,Y,변동,N,해당없음,해당없음,해당없음,Y,Y,펜션,없음,2022-11-30
깜포펜션,반려동물업,반려동반여행,펜션,강원도,평창군,용평면,속사리,745 번지,운두령로,109-49 번,37.64672294,128.487006,25312.0,강원도 평창군 용평면 운두령로 109-49,강원도 평창군 용평면 속사리 745,033-334-0770,http://www.naturalpension.com,연중무휴,매일 15:00~11:00,Y,변동,N,해당없음,해당없음,해당없음,Y,Y,펜션,없음,2022-11-30
꼬로몽 애견펜션,반려동물업,반려동반여행,펜션,강원도,양양군,서면,논화리,16 번지,원당골길,111 번,38.06913597,128.567674,25035.0,강원도 양양군 서면 원당골길 111,강원도 양양군 서면 논화리 16,,http://kkoromong.co.kr/,연중무휴,매일 15:00~11:00,Y,변동,Y,해당없음,13kg 이하,제한사항 없음,Y,Y,"애견 동반 펜션, 노키즈존, 사전문의 필수",없음,2022-11-30
꼰띠고 애견펜션,반려동물업,반려동반여행,펜션,충청남도,태안군,안면읍,정당리,1130-49 번지,붓드기길,76 번,36.55681874,126.339068,32162.0,충청남도 태안군 안면읍 붓드기길 76,충청남도 태안군 안면읍 정당리 1130-49,,http://contigodog.com/,연중무휴,매일 15:00~11:00,Y,변동,Y,해당없음,10kg 이하,제한사항 없음,Y,Y,애견 동반 펜션,"20,000원",2022-11-30
꼴 게스트하우스,반려동물업,반려동반여행,펜션,전라북도,전주시 완산구,풍남동,,38-3 번지,은행로,21 번,35.81809089,127.152021,55040.0,전라북도 전주시 완산구 은행로 21,전라북도 전주시 완산구 풍남동2가 38-3,0502-1484-8560,http://www.ggol.kr/,연중무휴,매일 15:00~11:00,Y,변동,Y,해당없음,모두 가능,"마킹, 스크래치, 짖음 심한 경우 사전문의 필수",Y,Y,애견 동반 펜션,"10,000원",2022-11-30
꽃과썸타다,반려동물업,반려동반여행,여행지,제주특별자치도,서귀포시,안덕면,동광리,950-3 번지,동광로,151 번,33.30973501,126.340157,63523.0,제주특별자치도 서귀포시 안덕면 동광로 151,제주특별자치도 서귀포시 안덕면 동광리 950-3,064-792-1165,https://flowersomething.modoo.at/,매주 월요일,화~일 11:00~20:00,Y,1000원,Y,해당없음,모두 가능,제한사항 없음,N,Y,관광지,없음,2022-11-30
꽃재공원,반려동물업,반려동반여행,여행지,충청북도,청주시 흥덕구,가경동,,1505 번지,장구봉로42번길,42 번,36.61999515,127.439059,28406.0,충청북도 청주시 흥덕구 장구봉로42번길 42,충청북도 청주시 흥덕구 가경동 1505,043-201-4433,정보없음,연중무휴,매일 00:00~24:00,N,없음,Y,해당없음,모두 가능,"목줄, 배변봉투",N,Y,공원,없음,2022-11-30
꽃지해송펜션,반려동물업,반려동반여행,펜션,충청남도,태안군,안면읍,승언리,173-5 번지,꽃지2길,35-9 번,36.49294838,126.337958,32166.0,충청남도 태안군 안면읍 꽃지2길 35-9,충청남도 태안군 안면읍 승언리 173-5,0507-1358-1311,https://kkotjihaesongpension.modoo.at/,연중무휴,매일 15:00~11:00,Y,변동,Y,해당없음,10kg 미만,객실당 최대 2마리,Y,Y,애견 동반 펜션,"10,000원",2022-11-30
꽃지해수욕장,반려동물업,반려동반여행,여행지,충청남도,태안군,,승언리,,,,36.50516785,126.362764,,,충청남도 태안군 안면읍 승언리,041-673-1061,http://www.taean.go.kr/tour.do,연중무휴,매일 00:00~24:00,Y,없음,Y,해당없음,모두 가능,목줄,N,Y,관광지,없음,2022-11-30
꿈꾸는 다도해,반려동물업,반려동반여행,펜션,경상남도,거제시,동부면,가배리,15 번지,덕원길,75 번,34.77896356,128.575209,53330.0,경상남도 거제시 동부면 덕원길 75,경상남도 거제시 동부면 가배리 15,0507-1318-9112,https://dreamindadohae.modoo.at/,연중무휴,매일 15:00~11:00,Y,변동,N,해당없음,해당없음,해당없음,Y,Y,펜션,없음,2022-11-30
꿈꾸는다락방,반려동물업,반려동반여행,펜션,충청남도,태안군,안면읍,창기리,628 번지,해안관광로,730-3 번,36.56342075,126.325688,32162.0,충청남도 태안군 안면읍 해안관광로 730-3,충청남도 태안군 안면읍 창기리 628,,http://xn--vv0b5a47nfj99qbxh.kr/,연중무휴,매일 15:00~11:00,Y,변동,Y,해당없음,9kg 이하,객실당 최대 4마리,Y,Y,애견 동반 펜션,"10,000원",2022-11-30
나곡해수욕장,반려동물업,반려동반여행,여행지,경상북도,울진군,,나곡리,,,,37.12892098,129.362487,,,경상북도 울진군 북면 나곡리,054-782-1501,정보없음,연중무휴,매일 00:00~24:00,Y,없음,Y,해당없음,모두 가능,목줄,N,Y,관광지,없음,2022-11-30
나들목가족공원,반려동물업,반려동반여행,여행지,전라북도,전주시 덕진구,용정동,,469-15 번지,,,35.87627198,127.055532,54806.0,,전라북도 전주시 덕진구 용정동 469-15,063-222-1000,https://deokjingu.jeonju.go.kr/,연중무휴,매일 00:00~24:00,Y,없음,Y,해당없음,모두 가능,"목줄, 배변봉투",N,Y,공원,없음,2022-11-30
나래공원,반려동물업,반려동반여행,여행지,충청남도,부여군,부여읍,군수리,518-12 번지,,,36.25971065,126.903951,33169.0,,충청남도 부여군 부여읍 군수리 518-12,041-835-5509,정보없음,연중무휴,매일 00:00~24:00,N,없음,Y,해당없음,모두 가능,목줄,N,Y,공원,없음,2022-11-30
나로우주해수욕장,반려동물업,반려동반여행,여행지,전라남도,고흥군,봉래면,신금리,724-1 번지,신금길,30-23 번,34.46765282,127.46858,59569.0,전라남도 고흥군 봉래면 신금길 30-23,전라남도 고흥군 봉래면 신금리 724-1,061-830-5608,정보없음,연중무휴,매일 10:00~18:00,Y,없음,Y,해당없음,소형/대형,"목줄, 배변봉투",N,Y,관광지,없음,2022-11-30
나불도유원지,반려동물업,반려동반여행,여행지,전라남도,영암군,삼호읍,나불리,289-8 번지,나불외도로,165-1 번,34.78664393,126.46347,58447.0,전라남도 영암군 삼호읍 나불외도로 165-1,전라남도 영암군 삼호읍 나불리 289-8,,정보없음,연중무휴,매일 00:00~24:00,Y,없음,Y,해당없음,모두 가능,"목줄, 배변봉투",N,Y,관광지,없음,2022-11-30
나비스호텔,반려동물업,반려동반여행,펜션,제주특별자치도,제주시,애월읍,하귀2리,2749-3 번지,애월해안로,885 번,33.48646199,126.391537,63050.0,제주특별자치도 제주시 애월읍 애월해안로 885,제주특별자치도 제주시 애월읍 하귀2리 2749-3,064-712-5200,정보없음,연중무휴,매일 15:00~11:00,Y,변동,Y,해당없음,소형/중형,제한사항 없음,Y,Y,애견 동반 펜션,없음,2022-11-30
나정고운모래해변,반려동물업,반려동반여행,여행지,경상북도,경주시,감포읍,나정리,25-4 번지,동해안로,1969 번,35.78321153,129.489517,38123.0,경상북도 경주시 감포읍 동해안로 1969,경상북도 경주시 감포읍 나정리 25-4,,정보없음,연중무휴,매일 09:00~19:00,Y,없음,Y,해당없음,모두 가능,"목줄, 배변봉투",N,Y,관광지,없음,2022-11-30
낙동강체육공원,반려동물업,반려동반여행,여행지,경상북도,구미시,양호동,,614-1 번지,낙동제방길,200 번,36.13113322,128.368069,39193.0,경상북도 구미시 낙동제방길 200,경상북도 구미시 양호동 614-1,054-458-2124,낙동강체육공원 (gumisports.or.kr),연중무휴,매일 00:00~24:00,Y,없음,Y,해당없음,모두 가능,"목줄, 배변봉투",N,Y,공원,없음,2022-11-30
낙산해수욕장,반려동물업,반려동반여행,여행지,강원도,양양군,강현면,주청리,1-1 번지,해맞이길,59 번,38.11692058,128.633882,25009.0,강원도 양양군 강현면 해맞이길 59,강원도 양양군 강현면 주청리 1-1,033-670-2518,http://naksan-beach.co.kr/,연중무휴,매일 06:00~24:00,Y,없음,Y,해당없음,모두 가능,목줄,N,Y,관광지,없음,2022-11-30
낙안읍성민속마을,반려동물업,반려동반여행,여행지,전라남도,순천시,낙안면,동내리,438-1 번지,충민길,30 번,34.90640107,127.341823,57918.0,전라남도 순천시 낙안면 충민길 30,전라남도 순천시 낙안면 동내리 438-1,061-749-8831,http://nagan.suncheon.go.kr,연중무휴,"매일 2~4월, 10월 09:00~18:00, 5~9월 08:30~18:30, 1, 11, 12월 09:00~17:30",Y,4000원,Y,해당없음,모두 가능,목줄,N,Y,관광지,없음,2022-11-30
낙조전망대,반려동물업,반려동반여행,여행지,경기도,안산시 단원구,대부북동,,23 번지,,,37.28823974,126.534543,15645.0,,경기도 안산시 단원구 대부북동 산 23,1899-1720,https://www.ansan.go.kr/tourinfo/common/cntnts/selectContents.do?cntnts_id=C0001971,연중무휴,매일 00:00~24:00,Y,없음,Y,해당없음,모두 가능,"목줄, 배변봉투",N,Y,관광지,없음,2022-11-30
난지천공원,반려동물업,반려동반여행,여행지,서울특별시,마포구,상암동,,1538 번지,월드컵로,365 번,37.57246315,126.887048,3900.0,서울특별시 마포구 월드컵로 365,서울특별시 마포구 상암동 1538,02-2236-9134,정보없음,연중무휴,매일 00:00~24:00,Y,없음,Y,해당없음,모두 가능,"목줄, 배변봉투",N,Y,공원,없음,2022-11-30
남경수목원,반려동물업,반려동반여행,여행지,경기도,양주시,장흥면,삼하리,386-3 번지,일영로501번길,156 번,37.68740645,126.916654,11525.0,경기도 양주시 장흥면 일영로501번길 156,경기도 양주시 장흥면 삼하리 386-3,,http://www.nkgarden.co.kr/,연중무휴,"월~금 10:00~17:00, 토~일 10:00~18:00",Y,12000원,Y,해당없음,모두 가능,"목줄, 배변봉투",N,Y,관광지,없음,2022-11-30
남대천연어생태공원,반려동물업,반려동반여행,여행지,강원도,양양군,양양읍,조산리,86-7 번지,,,38.09814199,128.639772,25016.0,,강원도 양양군 양양읍 조산리 86-7,033-670-2518,정보없음,연중무휴,매일 00:00~24:00,Y,없음,Y,해당없음,모두 가능,목줄,N,Y,공원,없음,2022-11-30
남령근린공원,반려동물업,반려동반여행,여행지,충청남도,부여군,부여읍,동남리,440-2 번지,,,36.2807207,126.915934,33169.0,,충청남도 부여군 부여읍 동남리 440-2,,정보없음,연중무휴,매일 00:00~24:00,N,없음,Y,해당없음,모두 가능,목줄,N,Y,공원,없음,2022-11-30
남망산조각공원,반려동물업,반려동반여행,여행지,경상남도,통영시,동호동,,230-1 번지,남망공원길,29 번,34.84232394,128.428631,53051.0,경상남도 통영시 남망공원길 29,경상남도 통영시 동호동 230-1,055-650-1410,https://www.utour.go.kr/01198/01963/01212.web?amode=view&idx=1682&,연중무휴,매일 00:00~24:00,Y,없음,Y,해당없음,모두 가능,"목줄, 배변봉투",N,Y,공원,없음,2022-11-30
남산골한옥마을,반려동물업,반려동반여행,여행지,서울특별시,중구,필동,,84-1 번지,퇴계로34길,28 번,37.55954227,126.994739,4626.0,서울특별시 중구 퇴계로34길 28,서울특별시 중구 필동2가 84-1,02-2261-0517,https://www.hanokmaeul.or.kr/,매주 월요일,화~일 09:00~20:00,Y,없음,Y,해당없음,모두 가능,"목줄, 배변봉투",N,Y,관광지,없음,2022-11-30
남산공원,반려동물업,반려동반여행,여행지,서울특별시,중구,,,,,,37.55558921,126.981204,4529.0,,서울특별시 중구 회현동1가,02-3783-5900,http://seoulnamsan.alltheway.kr/,연중무휴,매일 00:00~24:00,Y,없음,Y,해당없음,모두 가능,"목줄, 배변봉투",N,Y,공원,없음,2022-11-30
남산야외식물원,반려동물업,반려동반여행,여행지,서울특별시,용산구,이태원동,,259-16 번지,,,37.54297029,126.994588,4344.0,,서울특별시 용산구 이태원동 259-16,02-798-3771,https://parks.seoul.go.kr/template/sub/namsan.do,연중무휴,매일 00:00~24:00,Y,없음,Y,해당없음,모두 가능,"목줄, 배변봉투",N,Y,관광지,없음,2022-11-30
남선공원,반려동물업,반려동반여행,여행지,대전광역시,서구,탄방동,,1084 번지,남선로,66 번,36.34623037,127.397991,35254.0,대전광역시 서구 남선로 66,대전광역시 서구 탄방동 1084,042-488-5605,https://korean.visitkorea.or.kr/detail/ms_detail.do?cotid=7ce6d7c9-1136-43c1-b82b-8ef0e858918c&big_category=A02&mid_category=A0202&big_area=3,연중무휴,매일 00:00~24:00,Y,없음,Y,해당없음,모두 가능,"목줄, 배변봉투",N,Y,공원,없음,2022-11-30
남애3리해수욕장,반려동물업,반려동반여행,여행지,강원도,양양군,,남애리,,,,37.94002076,128.777593,,,강원도 양양군 현남면 남애리,033-670-2397,정보없음,연중무휴,매일 00:00~24:00,Y,없음,Y,해당없음,모두 가능,목줄,N,Y,관광지,없음,2022-11-30
남애항,반려동물업,반려동반여행,여행지,강원도,양양군,현남면,남애리,2-2 번지,매바위길,138 번,37.94492468,128.787131,25057.0,강원도 양양군 현남면 매바위길 138,강원도 양양군 현남면 남애리 2-2,033-530-2474,정보없음,연중무휴,매일 00:00~24:00,Y,없음,Y,해당없음,모두 가능,"목줄, 배변봉투",N,Y,관광지,없음,2022-11-30
남양펜션,반려동물업,반려동반여행,펜션,강원도,춘천시,사북면,지암리,566-1 번지,화악지암길,126 번,37.96773421,127.581907,24200.0,강원도 춘천시 사북면 화악지암길 126,강원도 춘천시 사북면 지암리 566-1,033-241-0991,http://www.namyangps.com/,연중무휴,매일 14:00~12:00,Y,변동,Y,해당없음,모두 가능,제한사항 없음,Y,Y,애견 동반 펜션,없음,2022-11-30
남원 하늘정원 빌리지,반려동물업,반려동반여행,펜션,전라북도,남원시,산내면,덕동리,323 번지,산내달궁길,16-10 번,35.35095991,127.552608,55805.0,전라북도 남원시 산내면 산내달궁길 16-10,전라북도 남원시 산내면 덕동리 323,0507-1312-3013,http://www.girisanjang.net/html/index.html,연중무휴,매일 15:00~11:00,Y,변동,Y,해당없음,5kg 미만,객실당 최대 3마리,Y,Y,애견 동반 펜션,"20,000원",2022-11-30
남이섬,반려동물업,반려동반여행,여행지,강원도,춘천시,남산면,방하리,197 번지,남이섬길,1 번,37.79012495,127.526129,24464.0,강원도 춘천시 남산면 남이섬길 1,강원도 춘천시 남산면 방하리 197,031-580-8114,https://namisum.com/,연중무휴,매일 08:00~21:00,Y,16000원,Y,해당없음,소형/중형,목줄,N,Y,관광지,없음,2022-11-30
남제골 벽화마을,반려동물업,반려동반여행,여행지,전라남도,순천시,덕월동,,483-8 번지,,,34.93557573,127.4888,57997.0,,전라남도 순천시 덕월동 483-8,,https://www.suncheon.go.kr/tour/tourist/0015/0003/,연중무휴,매일 00:00~24:00,N,없음,Y,해당없음,모두 가능,"목줄, 배변봉투",N,Y,관광지,없음,2022-11-30
남해 바다의숲펜션,반려동물업,반려동반여행,펜션,경상남도,남해군,미조면,송정리,407-5 번지,동부대로,83 번,34.73424344,128.03662,52441.0,경상남도 남해군 미조면 동부대로 83,경상남도 남해군 미조면 송정리 407-5,055-862-6393,http://www.ohmypension.com,연중무휴,매일 15:00~12:00,Y,변동,Y,해당없음,소형,"목줄, 반려동물용품 지참",Y,Y,"애견 동반 펜션, 사전문의 필수","10,000원",2022-11-30
남해 상상양떼목장 편백숲,반려동물업,반려동반여행,여행지,경상남도,남해군,설천면,문의리,187-1 번지,설천로775번길,364 번,34.93570763,127.890579,52401.0,경상남도 남해군 설천면 설천로775번길 364,경상남도 남해군 설천면 문의리 산 187-1,055-862-5300,http://www.yangttefarm.com/,연중무휴,"매일 3~11월 09:00~18:00, 12~1월 09:00~17:00",Y,없음,Y,해당없음,소형/중형,"목줄, 케이지",N,Y,관광지,없음,2022-11-30
남해 요기가펜션,반려동물업,반려동반여행,펜션,경상남도,사천시,서포면,다평리,1273-22 번지,제비길,164 번,34.97696032,127.951045,52544.0,경상남도 사천시 서포면 제비길 164,경상남도 사천시 서포면 다평리 1273-22,,http://yogiga.co.kr/,연중무휴,매일 15:00~11:00,Y,변동,Y,해당없음,15kg 미만,제한사항 없음,Y,Y,"애견 동반 펜션, 사전문의 필수","20,000원",2022-11-30
남해독일마을,반려동물업,반려동반여행,여행지,경상남도,남해군,삼동면,물건리,1074-2 번지,,,34.79835386,128.041609,52447.0,,경상남도 남해군 삼동면 물건리 1074-2,055-867-8897,http://남해독일마을.com/,연중무휴,매일 00:00~24:00,Y,변동,Y,해당없음,모두 가능,목줄,N,Y,"관광지, 파독광부 전시관 입장료 1,000원",없음,2022-11-30
남해양떼목장,반려동물업,반려동반여행,여행지,경상남도,남해군,삼동면,봉화리,1311 번지,금암로,179-45 번,34.79059003,128.024228,52448.0,경상남도 남해군 삼동면 금암로 179-45,경상남도 남해군 삼동면 봉화리 1311,,https://www.nh-yang.com/,연중무휴,"월~금 10:00~17:00, 토~일 10:00~17:30",Y,5000원,Y,해당없음,모두 가능,목줄,N,Y,관광지,없음,2022-11-30
낭도항,반려동물업,반려동반여행,여행지,전라남도,여수시,,낭도리,,,,34.59827716,127.546593,59781.0,,전라남도 여수시 화정면 낭도리,061-659-5696,정보없음,연중무휴,매일 00:00~24:00,Y,없음,Y,해당없음,모두 가능,"목줄, 배변봉투",N,Y,관광지,없음,2022-11-30
낮은굴뚝펜션,반려동물업,반려동반여행,펜션,충청남도,태안군,이원면,당산리,531-1 번지,사관로,245-63 번,36.86833938,126.294464,32102.0,충청남도 태안군 이원면 사관로 245-63,충청남도 태안군 이원면 당산리 531-1,041-673-4363,http://lowstack.kr/,연중무휴,매일 15:00~11:00,Y,변동,Y,해당없음,모두 가능,"중성화 수술 필수, 생리 중인 경우 입실 불가",Y,Y,애견 동반 펜션,"10,000원",2022-11-30
내덕생활체육공원,반려동물업,반려동반여행,여행지,충청북도,청주시 청원구,내덕동,,61-7 번지,충청대로62번길,1-18 번,36.66275816,127.494817,28495.0,충청북도 청주시 청원구 충청대로62번길 1-18,충청북도 청주시 청원구 내덕동 산 61-7,043-215-3290,정보없음,연중무휴,매일 00:00~24:00,Y,없음,Y,해당없음,모두 가능,"목줄, 배변봉투",N,Y,공원,없음,2022-11-30
내장산문화광장,반려동물업,반려동반여행,여행지,전라북도,정읍시,부전동,,1004 번지,내장산로,390 번,35.52559816,126.896148,56198.0,전라북도 정읍시 내장산로 390,전라북도 정읍시 부전동 1004,063-532-5949,http://naejangsan.invil.org/index.html?menuno=573432&lnb=1,연중무휴,매일 00:00~24:00,Y,없음,Y,해당없음,모두 가능,목줄,N,Y,관광지,없음,2022-11-30
내초공원,반려동물업,반려동반여행,여행지,전라북도,군산시,내초동,,231 번지,동장산로,32 번,35.95060166,126.589642,54158.0,전라북도 군산시 동장산로 32,전라북도 군산시 내초동 231,,정보없음,연중무휴,매일 00:00~24:00,Y,없음,Y,해당없음,모두 가능,목줄,N,Y,공원,없음,2022-11-30
냉천,반려동물업,반려동반여행,여행지,경상북도,포항시 남구,,문덕리,,,,35.94497591,129.393754,37886.0,,경상북도 포항시 남구 오천읍 문덕리,,정보없음,연중무휴,매일 00:00~24:00,N,없음,Y,해당없음,모두 가능,"목줄, 배변봉투",N,Y,관광지,없음,2022-11-30
너울공원,반려동물업,반려동반여행,여행지,부산광역시,강서구,명지동,,3439 번지,명지국제6로220번길,30 번,35.09581412,128.925039,46726.0,부산광역시 강서구 명지국제6로220번길 30,부산광역시 강서구 명지동 3439,,정보없음,연중무휴,매일 00:00~24:00,Y,없음,Y,해당없음,모두 가능,"목줄, 배변봉투",N,Y,공원,없음,2022-11-30
노루목홍천강,반려동물업,반려동반여행,펜션,강원도,홍천군,북방면,장항리,98-4 번지,노루목길,66 번,37.69241407,127.793394,25116.0,강원도 홍천군 북방면 노루목길 66,강원도 홍천군 북방면 장항리 98-4,033-435-9030,http://www.hongriver.co.kr,연중무휴,매일 15:00~11:00,Y,변동,Y,해당없음,5kg 이하,제한사항 없음,Y,Y,"애견 동반 펜션, 사전문의 필수, 추가인원 10,000원",없음,2022-11-30
노리매,반려동물업,반려동반여행,여행지,제주특별자치도,서귀포시,대정읍,구억리,654-1 번지,중산간서로,2260-15 번,33.28254416,126.287344,63519.0,제주특별자치도 서귀포시 대정읍 중산간서로 2260-15,제주특별자치도 서귀포시 대정읍 구억리 654-1,064-792-8211,www.norimae.com,연중무휴,매일 09:00~18:00,Y,9000원,Y,해당없음,모두 가능,"목줄, 배변봉투",N,Y,관광지,없음,2022-11-30
노블렛유스호스텔,반려동물업,반려동반여행,펜션,제주특별자치도,서귀포시,남원읍,수망리,974-1 번지,남조로,861-83 번,33.34314033,126.696041,63615.0,제주특별자치도 서귀포시 남원읍 남조로 861-83,제주특별자치도 서귀포시 남원읍 수망리 974-1,064-764-8900,정보없음,연중무휴,매일 14:00~11:00,Y,변동,Y,해당없음,5kg 이하,객실당 최대 2마리,Y,Y,애견 동반 펜션,"10,000원",2022-11-30
노비오스,반려동물업,반려동반여행,펜션,경상북도,경주시,진현동,,449 번지,진티길,37-4 번,35.78207529,129.330243,38127.0,경상북도 경주시 진티길 37-4,경상북도 경주시 진현동 449,0507-1327-4623,http://www.noviospen.com/,연중무휴,매일 15:00~11:00,Y,변동,Y,해당없음,10kg 이하,제한사항 없음,Y,Y,애견 동반 펜션,"10,000원",2022-11-30
노을공원,반려동물업,반려동반여행,여행지,전라남도,목포시,산정동,,1827 번지,청호로219번길,34-22 번,34.80895733,126.365765,58623.0,전라남도 목포시 청호로219번길 34-22,전라남도 목포시 산정동 1827,061-339-2616,https://korean.visitkorea.or.kr/detail/ms_detail.do?cotid=84e62d40-c5d6-4414-9e44-3db0759d2b9a&big_category=undefined&mid_category=undefined&big_area=undefined&referrer=https%3A%2F%2Fterms.naver.com%2Fentry.naver%3FdocId%3D6555621%26cid%3D42856%26categoryId%3D42856,연중무휴,매일 00:00~24:00,Y,없음,Y,해당없음,모두 가능,"목줄, 배변봉투",N,Y,공원,없음,2022-11-30
노을앤바다 펜션,반려동물업,반려동반여행,펜션,인천광역시,옹진군,영흥면,내리,1329-30 번지,영흥서로,465-22 번,37.27937502,126.457053,23117.0,인천광역시 옹진군 영흥면 영흥서로 465-22,인천광역시 옹진군 영흥면 내리 1329-30,0507-1336-6521,https://page.yapen.co.kr/22207,연중무휴,매일 15:00~11:00,Y,변동,Y,해당없음,소형,제한사항 없음,Y,Y,"애견 동반 펜션, 사전문의 필수",없음,2022-11-30
노이하우스,반려동물업,반려동반여행,펜션,경상남도,남해군,삼동면,물건리,1133 번지,독일로,64-11 번,34.79957193,128.040885,52447.0,경상남도 남해군 삼동면 독일로 64-11,경상남도 남해군 삼동면 물건리 1133,,http://www.germanvillage.co.kr/,연중무휴,매일 15:00~11:00,Y,변동,Y,해당없음,모두 가능,제한사항 없음,Y,Y,"애견 동반 펜션, 사전문의 필수","30,000원",2022-11-30
노팅힐 펜션,반려동물업,반려동반여행,펜션,경기도,가평군,북면,백둔리,342 번지,백둔로,379 번,37.90223274,127.466918,12406.0,경기도 가평군 북면 백둔로 379,경기도 가평군 북면 백둔리 342,031-581-1212,http://nottinghillps2.modoo.at/,연중무휴,매일 15:00~11:30,Y,변동,Y,해당없음,모두 가능,맹견류 입장 불가,Y,Y,애견 동반 펜션,"10,000원",2022-11-30
녹산수문공원,반려동물업,반려동반여행,여행지,부산광역시,강서구,녹산동,,5-46 번지,,,35.12275847,128.897391,46728.0,,부산광역시 강서구 녹산동 5-46,051-850-6000,정보없음,연중무휴,매일 00:00~24:00,Y,없음,Y,해당없음,모두 가능,"목줄, 배변봉투",N,Y,공원,없음,2022-11-30
녹음광장,반려동물업,반려동반여행,여행지,부산광역시,연제구,연산동,,1000 번지,중앙대로,1001 번,35.17992599,129.075095,47545.0,부산광역시 연제구 중앙대로 1001,부산광역시 연제구 연산동 1000,,정보없음,연중무휴,매일 00:00~24:00,Y,없음,Y,해당없음,모두 가능,"목줄, 배변봉투",N,Y,관광지,없음,2022-11-30
녹차미로공원,반려동물업,반려동반여행,여행지,제주특별자치도,서귀포시,색달동,,52 번지,산록남로,1246 번,33.29384114,126.421482,63549.0,제주특별자치도 서귀포시 산록남로 1246,제주특별자치도 서귀포시 색달동 산 52,064-738-4405,http://www.visitjeju.net,연중무휴,매일 09:00~19:00,Y,7000원,Y,해당없음,모두 가능,"목줄, 배변봉투",N,Y,공원,없음,2022-11-30
놀개나개,반려동물업,반려동반여행,펜션,인천광역시,중구,운남동,,412-2 번지,운중로14번길,28 번,37.49179264,126.536835,22359.0,인천광역시 중구 운중로14번길 28,인천광역시 중구 운남동 412-2,032-752-9944,https://www.instagram.com/nolgaenagae_official/,연중무휴,매일 00:00~24:00,Y,변동,Y,해당없음,모두 가능,제한사항 없음,Y,Y,"애견 동반 펜션, 사전문의 필수, 애견운동장, 수영장",없음,2022-11-30
놀러와펜션,반려동물업,반려동반여행,펜션,충청남도,태안군,고남면,고남리,616 번지,안면대로,4269-7 번,36.42147721,126.41119,32172.0,충청남도 태안군 고남면 안면대로 4269-7,충청남도 태안군 고남면 고남리 616,,http://www.comeplay.co.kr,연중무휴,매일 15:00~11:00,Y,변동,Y,해당없음,소형/중형,제한사항 없음,Y,Y,관광지,"10,000원",2022-11-30
놀러와펜션,반려동물업,반려동반여행,펜션,경상북도,울진군,죽변면,봉평리,202 번지,울진북로,1103-17 번,37.03692693,129.412767,36317.0,경상북도 울진군 죽변면 울진북로 1103-17,경상북도 울진군 죽변면 봉평리 202,,https://m.blog.naver.com/songgs0570,연중무휴,매일 15:00~11:00,Y,변동,Y,해당없음,소형/중형,제한사항 없음,Y,Y,애견 동반 펜션,"20,000원",2022-11-30
놀멍애견펜션,반려동물업,반려동반여행,펜션,경기도,포천시,화현면,명덕리,106-19 번지,봉화로,173-23 번,37.86438343,127.277315,11125.0,경기도 포천시 화현면 봉화로 173-23,경기도 포천시 화현면 명덕리 106-19,,http://nolmung.co.kr/,연중무휴,매일 15:00~11:00,Y,변동,Y,해당없음,13kg 미만,제한사항 없음,Y,Y,"애견 동반 펜션, 사전문의 필수","10,000원",2022-11-30
농다리,반려동물업,반려동반여행,여행지,충청북도,진천군,,구산동리,,,,36.83621374,127.488578,27863.0,,충청북도 진천군 문백면 구산동리,043-539-3622,정보없음,연중무휴,매일 00:00~24:00,N,없음,Y,해당없음,모두 가능,"목줄, 배변봉투",N,Y,관광지,없음,2022-11-30
농띠펜션,반려동물업,반려동반여행,펜션,제주특별자치도,제주시,구좌읍,김녕리,4001 번지,김녕항3길,18-16 번,33.55793081,126.746508,63357.0,제주특별자치도 제주시 구좌읍 김녕항3길 18-16,제주특별자치도 제주시 구좌읍 김녕리 4001,,https://nongttipension.modoo.at,연중무휴,매일 15:00~11:00,Y,변동,Y,해당없음,모두 가능,제한사항 없음,Y,Y,"애견 동반 펜션, 독채펜션",없음,2022-11-30
뉴월드빌라,반려동물업,반려동반여행,펜션,강원도,평창군,대관령면,횡계리,276-13 번지,송천길,12 번,37.66938815,128.711978,25343.0,강원도 평창군 대관령면 송천길 12,강원도 평창군 대관령면 횡계리 276-13,033-335-6282,정보없음,정보없음,정보없음,Y,변동,N,해당없음,해당없음,해당없음,Y,Y,펜션,없음,2022-11-30
뉴호수장,반려동물업,반려동반여행,펜션,강원도,강릉시,강문동,,4-5 번지,창해로,491 번,37.80377124,128.908777,25460.0,강원도 강릉시 창해로 491,강원도 강릉시 강문동 산 4-5,033-644-1201,정보없음,연중무휴,매일 16:00~11:00,Y,변동,Y,해당없음,소형,제한사항 없음,Y,Y,애견 동반 펜션,없음,2022-11-30
뉴힐링 스파펜션,반려동물업,반려동반여행,펜션,경기도,가평군,청평면,삼회리,95-1 번지,북한강로,2173 번,37.70933571,127.399616,12458.0,경기도 가평군 청평면 북한강로 2173,경기도 가평군 청평면 삼회리 95-1,050-5679-2979,http://www.뉴힐링펜션.com,연중무휴,매일 15:00~11:00,Y,변동,Y,해당없음,6kg 미만,제한사항 없음,Y,Y,"애견 동반 펜션, 사전문의 필수","10,000원",2022-11-30
느낌 스파펜션,반려동물업,반려동반여행,펜션,전라남도,여수시,돌산읍,평사리,1253-11 번지,계동로,536 번,34.68025341,127.776304,59771.0,전라남도 여수시 돌산읍 계동로 536,전라남도 여수시 돌산읍 평사리 1253-11,050-5765-0699,http://yeosufeeling.kr/,연중무휴,매일 15:00~11:00,Y,변동,Y,해당없음,소형,제한사항 없음,Y,Y,"애견 동반 펜션, 사전문의 필수",없음,2022-11-30
느리울근린공원,반려동물업,반려동반여행,여행지,대전광역시,서구,관저동,,1419 번지,,,36.29971867,127.342487,35377.0,,대전광역시 서구 관저동 1419,,정보없음,연중무휴,매일 00:00~24:00,Y,없음,Y,해당없음,모두 가능,목줄,N,Y,공원,없음,2022-11-30
느티나무펜션,반려동물업,반려동반여행,펜션,경상남도,통영시,욕지면,서산리,216-18 번지,욕지일주로,1148-78 번,34.62420123,128.244983,53100.0,경상남도 통영시 욕지면 욕지일주로 1148-78,경상남도 통영시 욕지면 서산리 216-18,0507-1327-9878,http://욕지도느티나무펜션.kr/,연중무휴,매일 15:00~11:00,Y,변동,N,해당없음,해당없음,해당없음,Y,Y,펜션,없음,2022-11-30
늘바다펜션,반려동물업,반려동반여행,펜션,제주특별자치도,서귀포시,안덕면,창천리,901-6 번지,대평로,38 번,33.23724316,126.36361,63533.0,제주특별자치도 서귀포시 안덕면 대평로 38,제주특별자치도 서귀포시 안덕면 창천리 901-6,050-5765-0609,http://www.oceanlogps.kr/,연중무휴,매일 15:00~11:00,Y,변동,Y,해당없음,모두 가능,제한사항 없음,Y,Y,애견 동반 펜션,"10,000원",2022-11-30
능수버들공원,반려동물업,반려동반여행,여행지,충청남도,천안시 서북구,불당동,,1499 번지,불당26로,119 번,36.8190616,127.106525,31156.0,충청남도 천안시 서북구 불당26로 119,충청남도 천안시 서북구 불당동 1499,,정보없음,연중무휴,매일 00:00~24:00,Y,없음,Y,해당없음,모두 가능,"목줄, 배변봉투",N,Y,공원,없음,2022-11-30
다대포해수욕장,반려동물업,반려동반여행,여행지,부산광역시,사하구,다대동,,,,,35.06027822,128.967656,,,부산광역시 사하구 다대동,051-220-4161,https://www.saha.go.kr/tour/contents.do?mId=0101030000,연중무휴,매일 00:00~24:00,Y,없음,Y,해당없음,모두 가능,"목줄, 배변봉투",N,Y,관광지,없음,2022-11-30
다랭이두레방,반려동물업,반려동반여행,여행지,경상남도,남해군,남면,홍현리,898-5 번지,남면로679번길,21 번,34.72752012,127.894035,52436.0,경상남도 남해군 남면 남면로679번길 21,경상남도 남해군 남면 홍현리 898-5,055-863-3427,https://darangyi.modoo.at/,연중무휴,매일 00:00~24:00,Y,없음,Y,해당없음,모두 가능,목줄,N,Y,관광지,없음,2022-11-30
다산 현대프리미엄아울렛 흰디하우스,반려동물업,반려동반여행,여행지,경기도,남양주시,다산동,,6141 번지,다산순환로,50 번,37.61625793,127.152429,12248.0,경기도 남양주시 다산순환로 50,경기도 남양주시 다산동 6141,02-549-2233,http://www.ehyundai.com/newPortal/outlet/DP/FG/FG000000_V.do?branchCd=B00178000&outletYN=Y,연중무휴,매일 10:30~21:00,Y,없음,Y,해당없음,소형/중형,목줄,N,Y,관광지,없음,2022-11-30
다산생태공원,반려동물업,반려동반여행,여행지,경기도,남양주시,조안면,능내리,56-15 번지,다산로,767 번,37.51439642,127.298308,12283.0,경기도 남양주시 조안면 다산로 767,경기도 남양주시 조안면 능내리 56-15,031-590-8634,https://www.nyj.go.kr/culture/3426?action-value=276191&action=read,연중무휴,매일 00:00~24:00,Y,없음,Y,해당없음,모두 가능,"목줄, 배변봉투",N,Y,공원,없음,2022-11-30
다산초당,반려동물업,반려동반여행,여행지,전라남도,강진군,도암면,만덕리,339-1 번지,다산초당길,68-35 번,34.5807211,126.744944,59248.0,전라남도 강진군 도암면 다산초당길 68-35,전라남도 강진군 도암면 만덕리 339-1,061-430-3911,정보없음,연중무휴,매일 09:00~18:00,Y,없음,Y,해당없음,모두 가능,"목줄, 배변봉투",N,Y,관광지,없음,2022-11-30
다솜 스파펜션,반려동물업,반려동반여행,펜션,경기도,가평군,북면,제령리,569-3 번지,가화로,1345 번,37.90106355,127.51919,12405.0,경기도 가평군 북면 가화로 1345,경기도 가평군 북면 제령리 569-3,050-5765-0677,http://다솜펜션.com/,연중무휴,매일 15:00~11:00,Y,변동,N,해당없음,해당없음,해당없음,Y,Y,펜션,없음,2022-11-30
다온재 펜션,반려동물업,반려동반여행,펜션,제주특별자치도,서귀포시,성산읍,오조리,1065-29 번지,산성효자로114번길,121-2 번,33.45441172,126.90686,63639.0,제주특별자치도 서귀포시 성산읍 산성효자로114번길 121-2,제주특별자치도 서귀포시 성산읍 오조리 1065-29,0507-1436-5090,http://www.jejudaonjae.com,연중무휴,매일 15:00~11:00,Y,변동,Y,해당없음,모두 가능,"반려동물 침구 필수, 짖음, 공격성 심한 경우 제한",Y,Y,애견 동반 펜션,"50,000원",2022-11-30
다와풀빌라펜션,반려동물업,반려동반여행,펜션,제주특별자치도,서귀포시,안덕면,창천리,705-7 번지,소기왓로,81-4 번,33.24239602,126.368052,63533.0,제주특별자치도 서귀포시 안덕면 소기왓로 81-4,제주특별자치도 서귀포시 안덕면 창천리 705-7,050-5765-0697,http://www.jejudawa.kr/,연중무휴,매일 16:00~11:00,Y,변동,Y,해당없음,10kg 이하,"애견용품 개별준비, 객실당 2마리까지만 가능",Y,Y,"애견 동반 펜션, 5kg 미만 강아지, 고양이 입실 가능, 패밀리스위트룸만 5kg 이상 가능","30,000원",2022-11-30
단양강잔도,반려동물업,반려동반여행,여행지,충청북도,단양군,,애곡리,,,,36.96754552,128.31317,27014.0,,충청북도 단양군 적성면 애곡리,034-420-3114,https://www.danyang.go.kr/dy21/1,연중무휴,매일 00:00~24:00,Y,없음,Y,해당없음,모두 가능,"목줄, 배변봉투",N,Y,관광지,없음,2022-11-30
달빛길스테이,반려동물업,반려동반여행,펜션,전라북도,진안군,부귀면,오룡리,514-1 번지,오산길,74-4 번,35.83258929,127.342992,55416.0,전라북도 진안군 부귀면 오산길 74-4,전라북도 진안군 부귀면 오룡리 514-1,0503-5058-8818,https://moonlightstay.modoo.at,연중무휴,매일 15:00~11:00,Y,변동,Y,해당없음,모두 가능,제한사항 없음,Y,Y,애견 동반 펜션,없음,2022-11-30
달빛소리수목원,반려동물업,반려동반여행,여행지,전라북도,익산시,춘포면,천서리,378-2 번지,천서길,150 번,35.93952701,127.033123,54580.0,전라북도 익산시 춘포면 천서길 150,전라북도 익산시 춘포면 천서리 378-2,063-834-9065,https://blog.naver.com/dal90651,매주 월요일,화~일 11:00~18:00,Y,3000원,Y,해당없음,소형/중형,"목줄, 배변봉투",N,Y,관광지,없음,2022-11-30
달빛쌈지공원,반려동물업,반려동반여행,여행지,경상남도,밀양시,내일동,,431-128 번지,내일중앙1길,21-29 번,35.49570896,128.754439,50429.0,경상남도 밀양시 내일중앙1길 21-29,경상남도 밀양시 내일동 431-128,055-359-5646,https://www.miryang.go.kr/tur/EgovTourDetail.do?nmtIdx=58&mnNo=10303040000,연중무휴,매일 00:00~24:00,Y,없음,Y,해당없음,모두 가능,"목줄, 배변봉투",N,Y,공원,없음,2022-11-30
담양관방제림,반려동물업,반려동반여행,여행지,전라남도,담양군,담양읍,객사리,2-1 번지,객사7길,37 번,35.32342296,126.98965,57339.0,전라남도 담양군 담양읍 객사7길 37,전라남도 담양군 담양읍 객사리 2-1,061-380-2812,정보없음,연중무휴,매일 00:00~24:00,Y,없음,Y,해당없음,모두 가능,"목줄, 배변봉투",N,Y,관광지,없음,2022-11-30
담양국수거리,반려동물업,반려동반여행,여행지,전라남도,담양군,,객사리,,,,35.32163595,126.985884,,,전라남도 담양군 담양읍 객사리,,정보없음,연중무휴,매일 00:00~24:00,Y,없음,Y,해당없음,모두 가능,"목줄, 배변봉투",N,Y,관광지,없음,2022-11-30
담양애견운동장 fog dog,반려동물업,반려동반여행,여행지,전라남도,담양군,월산면,중월리,430 번지,담장로,515-19 번,35.34523644,126.921537,57314.0,전라남도 담양군 월산면 담장로 515-19,전라남도 담양군 월산면 중월리 430,061-381-9907,https://m.blog.naver.com/damyang_fordog,연중무휴,"월~금 11:00~19:00, 토~일 11:00~20:00",Y,5000원,Y,해당없음,모두 가능,목줄,N,Y,"관광지, 강아지놀이터","5,000원",2022-11-30
당산근린공원,반려동물업,반려동반여행,여행지,충청북도,청주시 상당구,대성동,,150 번지,용담로,43 번,36.63338333,127.495624,28518.0,충청북도 청주시 상당구 용담로 43,충청북도 청주시 상당구 대성동 150,,정보없음,연중무휴,매일 00:00~24:00,Y,없음,Y,해당없음,모두 가능,"목줄, 배변봉투",N,Y,공원,없음,2022-11-30
대골근린공원,반려동물업,반려동반여행,여행지,대전광역시,유성구,죽동,,666 번지,,,36.37556862,127.334262,34097.0,,대전광역시 유성구 죽동 666,,정보없음,연중무휴,매일 00:00~24:00,Y,없음,Y,해당없음,모두 가능,목줄,N,Y,공원,없음,2022-11-30
대관령양떼목장,반려동물업,반려동반여행,여행지,강원도,평창군,대관령면,횡계리,14-104 번지,대관령마루길,483-32 번,37.68756174,128.753315,25342.0,강원도 평창군 대관령면 대관령마루길 483-32,강원도 평창군 대관령면 횡계리 14-104,033-335-1967,http://www.yangtte.co.kr/,법정공휴일,매일 09:00~17:00,Y,7000원,Y,해당없음,모두 가능,"목줄, 배변봉투",N,Y,관광지,없음,2022-11-30
대관령하늘목장,반려동물업,반려동반여행,여행지,강원도,평창군,대관령면,횡계리,1-134 번지,꽃밭양지길,458-23 번,37.71174234,128.732139,25341.0,강원도 평창군 대관령면 꽃밭양지길 458-23,강원도 평창군 대관령면 횡계리 산 1-134,0507-1321-8061,http://www.skyranch.co.kr/,연중무휴,"매일 하절기 09:00~18:00, 동절기 09:00~17:30",Y,8000원,Y,해당없음,모두 가능,"맹견 제한, 목줄 필수, 트랙터 이용 시 안거나 케이지 필요",N,Y,관광지,없음,2022-11-30
대농3지구근린공원,반려동물업,반려동반여행,여행지,충청북도,청주시 흥덕구,복대동,,3399 번지,대농로,99 번,36.64360295,127.43385,28425.0,충청북도 청주시 흥덕구 대농로 99,충청북도 청주시 흥덕구 복대동 3399,,정보없음,연중무휴,매일 00:00~24:00,Y,없음,Y,해당없음,모두 가능,"목줄, 배변봉투",N,Y,공원,없음,2022-11-30
대동생태체육공원,반려동물업,반려동반여행,여행지,경상남도,김해시,대동면,조눌리,33 번지,동남로,234-2 번,35.25348287,129.000493,50807.0,경상남도 김해시 대동면 동남로 234-2,경상남도 김해시 대동면 조눌리 33,055-330-8773,정보없음,연중무휴,매일 00:00~24:00,Y,변동,Y,해당없음,모두 가능,"목줄, 배변봉투",N,Y,"공원, 잔디구장 대관 별도 문의",없음,2022-11-30
대명유수지,반려동물업,반려동반여행,여행지,대구광역시,달서구,대천동,,816 번지,,,35.82261014,128.490625,42717.0,,대구광역시 달서구 대천동 816,,정보없음,연중무휴,매일 09:00~18:00,Y,없음,Y,해당없음,모두 가능,"목줄, 배변봉투",N,Y,관광지,없음,2022-11-30
대방녹지공원,반려동물업,반려동반여행,여행지,경상남도,창원시 성산구,가음동,,28 번지,가음정로,170 번,35.20226838,128.69988,51489.0,경상남도 창원시 성산구 가음정로 170,경상남도 창원시 성산구 가음동 28,055-272-4501,https://korean.visitkorea.or.kr/detail/ms_detail.do?cotid=40f09892-098b-4e40-8d2a-75015485da6e&big_category=undefined&mid_category=undefined&big_area=undefined&referrer=https%3A%2F%2Fterms.naver.com%2Fentry.naver%3FdocId%3D6555654%26cid%3D42856%26categoryId%3D42856,연중무휴,매일 00:00~24:00,Y,없음,Y,해당없음,모두 가능,"목줄, 배변봉투",N,Y,공원,없음,2022-11-30
대부도 미림펜션 신관,반려동물업,반려동반여행,펜션,인천광역시,옹진군,영흥면,내리,1562-2 번지,영흥로,679 번,37.26913639,126.453712,23117.0,인천광역시 옹진군 영흥면 영흥로 679,인천광역시 옹진군 영흥면 내리 1562-2,0507-1404-9333,https://www.himirim.com/,연중무휴,매일 14:00~11:00,Y,변동,Y,해당없음,소형,제한사항 없음,Y,Y,애견 동반 펜션,"20,000원",2022-11-30
대부바다향기테마파크,반려동물업,반려동반여행,여행지,경기도,안산시 단원구,대부북동,,1841-10 번지,대부황금로,1480-7 번,37.28627433,126.574554,15638.0,경기도 안산시 단원구 대부황금로 1480-7,경기도 안산시 단원구 대부북동 1841-10,1899-1720,https://www.ansan.go.kr/tourinfo/main/main.do,연중무휴,매일 00:00~24:00,Y,없음,Y,해당없음,모두 가능,"목줄, 배변봉투",N,Y,관광지,없음,2022-11-30
대신공원,반려동물업,반려동반여행,여행지,부산광역시,서구,서대신4동,,2-1 번지,보수대로320번길,59 번,35.12165362,129.014783,49200.0,부산광역시 서구 보수대로320번길 59,부산광역시 서구 서대신동3가 산 2-1,051-240-4531,정보없음,연중무휴,매일 00:00~24:00,Y,없음,Y,해당없음,모두 가능,목줄,N,Y,공원,없음,2022-11-30
대저생태공원,반려동물업,반려동반여행,여행지,부산광역시,강서구,대저1동,,2314-11 번지,공항로,1246 번,35.20984892,128.984556,46703.0,부산광역시 강서구 공항로 1246,부산광역시 강서구 대저1동 2314-11,051-971-6011,https://www.busan.go.kr/nakdong/daejeopark01,연중무휴,매일 06:00~21:00,Y,없음,Y,해당없음,모두 가능,"목줄, 배변봉투",N,Y,공원,없음,2022-11-30
대전해수욕장,반려동물업,반려동반여행,여행지,전라남도,고흥군,두원면,대전리,37-6 번지,두원로,1306-1 번,34.7122332,127.269952,59513.0,전라남도 고흥군 두원면 두원로 1306-1,전라남도 고흥군 두원면 대전리 37-6,061-830-6259,정보없음,연중무휴,매일 10:00~18:00,Y,없음,Y,해당없음,모두 가능,"목줄, 배변봉투",N,Y,관광지,없음,2022-11-30
대청호반자연생태공원,반려동물업,반려동반여행,여행지,대전광역시,동구,추동,,330 번지,,,36.37267216,127.474852,34500.0,,대전광역시 동구 추동 330,042-251-4748,정보없음,연중무휴,매일 00:00~24:00,Y,없음,Y,해당없음,모두 가능,"목줄, 배변봉투",N,Y,공원,없음,2022-11-30
더그림,반려동물업,반려동반여행,여행지,경기도,양평군,옥천면,용천리,564-7 번지,사나사길,175 번,37.52915207,127.497062,12506.0,경기도 양평군 옥천면 사나사길 175,경기도 양평군 옥천면 용천리 564-7,070-4257-2210,http://www.thegreem.com/,연중무휴,매일 10:20~일몰,Y,8000원,Y,해당없음,소형,"목줄, 배변봉투",N,Y,관광지,없음,2022-11-30
더담양하우스,반려동물업,반려동반여행,펜션,전라남도,담양군,가사문학면,지곡리,221 번지,지실길,63 번,35.18810421,127.008674,57392.0,전라남도 담양군 가사문학면 지실길 63,전라남도 담양군 가사문학면 지곡리 221,0507-1355-9478,https://www.instagram.com/thedamyanghouse/,연중무휴,매일 15:00~11:00,Y,변동,Y,해당없음,소형/중형,제한사항 없음,Y,Y,"애견 동반 펜션, 사전문의 필수","25,000원",2022-11-30
더마루애견펜션,반려동물업,반려동반여행,펜션,충청남도,태안군,안면읍,창기리,1236-4 번지,삼봉길,72-30 번,36.57441335,126.326627,32162.0,충청남도 태안군 안면읍 삼봉길 72-30,충청남도 태안군 안면읍 창기리 1236-4,0507-1407-2447,http://the-maru.com/,연중무휴,매일 15:00~11:00,Y,변동,Y,해당없음,모두 가능,"입질, 공격성 심한 경우, 맹견 입실 불가, 객실당 최대 3마리",Y,Y,애견 동반 펜션,"10,000원",2022-11-30
더마을펜션,반려동물업,반려동반여행,펜션,경기도,가평군,청평면,대성리,572-42 번지,모꼬지로,124-25 번,37.68774352,127.36918,12457.0,경기도 가평군 청평면 모꼬지로 124-25,경기도 가평군 청평면 대성리 572-42,070-8844-5626,http://www.themaeul.co.kr/,연중무휴,매일 14:30~11:00,Y,변동,Y,해당없음,10kg 이하,제한사항 없음,Y,Y,"애견 동반 펜션, 애견수영장, 사전문의 필수","10,000원",2022-11-30
더큐브펜션,반려동물업,반려동반여행,펜션,경기도,양평군,단월면,삼가리,17-4 번지,양동로,225 번,37.51727116,127.680566,12529.0,경기도 양평군 단월면 양동로 225,경기도 양평군 단월면 삼가리 17-4,,http://www.cubepension.com,연중무휴,매일 15:00~11:00,Y,변동,Y,해당없음,10kg 이하,최대 3마리,Y,Y,"애견 동반 펜션, 사전문의 필수","10,000원",2022-11-30
더퍼피즈블루오션 애견펜션,반려동물업,반려동반여행,펜션,강원도,양양군,강현면,정암리,17-1 번지,동해대로,3411 번,38.14196164,128.612459,25003.0,강원도 양양군 강현면 동해대로 3411,강원도 양양군 강현면 정암리 17-1,0507-1321-8992,http://puppygh2.com/,연중무휴,매일 15:00~11:00,Y,변동,Y,해당없음,모두 가능,제한사항 없음,Y,Y,"애견 동반 펜션, 카페, 사전예약 필수","30,000원",2022-11-30
덕산근린공원,반려동물업,반려동반여행,여행지,대전광역시,유성구,지족동,,1085 번지,,,36.37554471,127.306656,34085.0,,대전광역시 유성구 지족동 1085,,정보없음,연중무휴,매일 00:00~24:00,Y,없음,Y,해당없음,모두 가능,목줄,N,Y,공원,없음,2022-11-30
덕적도 365 아일랜드 펜션,반려동물업,반려동반여행,펜션,인천광역시,옹진군,덕적면,서포리,377 번지,덕적남로606번길,166-22 번,37.22766631,126.117485,23131.0,인천광역시 옹진군 덕적면 덕적남로606번길 166-22,인천광역시 옹진군 덕적면 서포리 377,,http://www.pension365.co.kr/index2.php,연중무휴,매일 14:00~12:00,Y,변동,Y,해당없음,10kg 미만,객실당 최대 2마리,Y,Y,애견 동반 펜션,없음,2022-11-30
덕적도 섬사랑 펜션,반려동물업,반려동반여행,펜션,인천광역시,옹진군,덕적면,서포리,225-4 번지,덕적남로606번안길,3 번,37.22272203,126.118799,23131.0,인천광역시 옹진군 덕적면 덕적남로606번안길 3,인천광역시 옹진군 덕적면 서포리 225-4,032-832-9660,https://deokjeoklove.modoo.at/,연중무휴,매일 14:00~11:00,Y,변동,Y,해당없음,소형/중형,객실당 최대 2마리,Y,Y,애견 동반 펜션,"10,000원",2022-11-30
덕평휴게소 달려라코코,반려동물업,반려동반여행,여행지,경기도,이천시,마장면,각평리,319 번지,덕이로154번길,287-76 번,37.24137442,127.393785,17384.0,경기도 이천시 마장면 덕이로154번길 287-76,경기도 이천시 마장면 각평리 319,031-645-0087,http://runkoko.com/,매주 화요일,수~월 10:00~19:00,Y,6000원,Y,해당없음,모두 가능,제한사항 없음,N,Y,관광지,"6,000원",2022-11-30
도그마실 흙집사랑 펜션,반려동물업,반려동반여행,펜션,강원도,홍천군,북방면,북방리,813-4 번지,성동로,1480 번,37.81793762,127.846672,25113.0,강원도 홍천군 북방면 성동로 1480,강원도 홍천군 북방면 북방리 813-4,033-433-0099,http://www.hclove.net,연중무휴,매일 15:00~11:00,Y,변동,Y,해당없음,모두 가능,"입질, 공격성 있는 경우 입장 제한",Y,Y,"애견 동반 펜션, 사전문의 필수",없음,2022-11-30
도그버디펜션,반려동물업,반려동반여행,펜션,경기도,가평군,북면,소법리,83 번지,화악산로356번길,44-145 번,37.90755536,127.565783,12404.0,경기도 가평군 북면 화악산로356번길 44-145,경기도 가평군 북면 소법리 83,,http://www.dogbuddy.co.kr/,연중무휴,매일 15:00~11:00,Y,변동,Y,해당없음,12kg 이하,제한사항 없음,Y,Y,"애견 동반 펜션, 사전문의 필수","10,000원",2022-11-30
도그엔조이 애견펜션,반려동물업,반려동반여행,펜션,경기도,양평군,강하면,항금리,378-2 번지,강하1로,466-39 번,37.44880846,127.397019,12577.0,경기도 양평군 강하면 강하1로 466-39,경기도 양평군 강하면 항금리 378-2,0507-1321-4597,https://blog.naver.com/dognjoy2019,연중무휴,매일 15:00~11:00,Y,변동,Y,해당없음,모두 가능,제한사항 없음,Y,Y,"애견 동반 펜션, 사전문의 필수","10,000원",2022-11-30
도솔광장,반려동물업,반려동반여행,여행지,충청남도,천안시 동남구,신부동,,124 번지,천안대로,844 번,36.82433374,127.162963,31115.0,충청남도 천안시 동남구 천안대로 844,충청남도 천안시 동남구 신부동 124,041-529-5028,http://www.cfmc.or.kr,연중무휴,매일 00:00~24:00,Y,없음,Y,해당없음,모두 가능,목줄,N,Y,관광지,없음,2022-11-30
도안문화공원,반려동물업,반려동반여행,여행지,대전광역시,유성구,상대동,,488 번지,도안대로,398 번,36.33685903,127.33534,34194.0,대전광역시 유성구 도안대로 398,대전광역시 유성구 상대동 488,,정보없음,연중무휴,매일 00:00~24:00,N,없음,Y,해당없음,모두 가능,목줄,N,Y,공원,없음,2022-11-30
도안숲공원,반려동물업,반려동반여행,여행지,대전광역시,서구,도안동,,1354 번지,원도안로179번길,40 번,36.31877973,127.342464,35357.0,대전광역시 서구 원도안로179번길 40,대전광역시 서구 도안동 1354,,정보없음,연중무휴,매일 00:00~24:00,N,없음,Y,해당없음,모두 가능,목줄,N,Y,공원,없음,2022-11-30
도치돌목장,반려동물업,반려동반여행,여행지,제주특별자치도,제주시,애월읍,납읍리,102 번지,도치돌길,293 번,33.40995069,126.36573,63035.0,제주특별자치도 제주시 애월읍 도치돌길 293,제주특별자치도 제주시 애월읍 납읍리 102,064-799-6690,http://www.alpacajeju.com,연중무휴,"매일 3~11월 10:00~18:00, 12~2월 10:00~17:30",Y,10000원,Y,해당없음,소형,"케이지, 안기",N,Y,"관광지, 악천후 시 휴장",없음,2022-11-30
도치빌 펜션,반려동물업,반려동반여행,펜션,경기도,가평군,청평면,고성리,80 번지,고재길,280 번,37.70578089,127.515134,12456.0,경기도 가평군 청평면 고재길 280,경기도 가평군 청평면 고성리 80,,http://dochivillps.com/,연중무휴,매일 15:00~11:00,Y,변동,Y,해당없음,5kg 미만,제한사항 없음,Y,Y,"애견 동반 펜션, 사전문의 필수","10,000원",2022-11-30
독산성 세마대지,반려동물업,반려동반여행,여행지,경기도,오산시,지곶동,,107-10 번지,,,37.18506629,127.020802,18102.0,,경기도 오산시 지곶동 산 107-10,031-8036-7605,https://www.osan.go.kr/depart/contents.do?mId=0902010000,연중무휴,매일 00:00~24:00,Y,없음,Y,해당없음,모두 가능,"목줄, 배변봉투",N,Y,관광지,없음,2022-11-30
돌고개 휴펜션,반려동물업,반려동반여행,펜션,경기도,양주시,장흥면,석현리,202 번지,권율로309번길,263 번,37.7475944,126.947859,11519.0,경기도 양주시 장흥면 권율로309번길 263,경기도 양주시 장흥면 석현리 202,0507-1494-1516,https://huepension1516.modoo.at/,연중무휴,매일 15:00~11:00,Y,변동,Y,해당없음,10Kg 미만,제한사항 없음,Y,Y,"애견 동반 펜션, 사전문의 필수",없음,2022-11-30
돌꽃펜션,반려동물업,반려동반여행,펜션,충청남도,서산시,해미면,대곡리,786-1 번지,한티2길,36-4 번,36.67489159,126.585267,31962.0,충청남도 서산시 해미면 한티2길 36-4,충청남도 서산시 해미면 대곡리 786-1,,http://www.dolflower.com,연중무휴,매일 15:00~11:00,Y,변동,Y,반려동물 전용,모두 가능,"애견용품 개별준비, 맹견 입장 불가",Y,Y,애견 동반 펜션,없음,2022-11-30
돌산공원,반려동물업,반려동반여행,여행지,전라남도,여수시,돌산읍,우두리,794-89 번지,돌산로,3600-1 번,34.73058792,127.741525,59767.0,전라남도 여수시 돌산읍 돌산로 3600-1,전라남도 여수시 돌산읍 우두리 794-89,061-659-4628,https://www.yeosu.go.kr/tour/travel/info_each_area?mode=view&idx=237,연중무휴,매일 00:00~24:00,Y,없음,Y,해당없음,모두 가능,"목줄, 배변봉투",N,Y,공원,없음,2022-11-30
돌하르방미술관,반려동물업,반려동반여행,여행지,제주특별자치도,제주시,조천읍,북촌리,976 번지,북촌서1길,70 번,33.5388475,126.688812,63339.0,제주특별자치도 제주시 조천읍 북촌서1길 70,제주특별자치도 제주시 조천읍 북촌리 976,064-782-0570,정보없음,연중무휴,매일 09:00~17:00,Y,6000원,Y,해당없음,소형/중형,목줄,N,Y,관광지,없음,2022-11-30
동락공원,반려동물업,반려동반여행,여행지,경상북도,구미시,진평동,,766 번지,3공단1로,191 번,36.09945258,128.401751,39392.0,경상북도 구미시 3공단1로 191,경상북도 구미시 진평동 766,054-480-4612,정보없음,연중무휴,매일 00:00~24:00,Y,없음,Y,해당없음,모두 가능,"목줄, 배변봉투",N,Y,공원,없음,2022-11-30
동락공원반려견놀이터,반려동물업,반려동반여행,여행지,경상북도,칠곡군,석적읍,중리,491 번지,,,36.0872644,128.401516,39845.0,,경상북도 칠곡군 석적읍 중리 491,054-480-5572,https://www.gumi.go.kr/park/contents.do?mId=0300000000,매주 월요일,화~일 09:00~18:00,Y,없음,Y,해당없음,모두 가능,"목줄, 배변봉투, 동물등록 필수, 맹견 입마개 필수",N,Y,공원,없음,2022-11-30
동락원,반려동물업,반려동반여행,펜션,전라북도,전주시 완산구,풍남동,,44 번지,은행로,33-6 번,35.81686563,127.152651,55041.0,전라북도 전주시 완산구 은행로 33-6,전라북도 전주시 완산구 풍남동3가 44,063-287-9300,http://dongnakwon.com/,연중무휴,매일 15:00~10:30,Y,변동,N,해당없음,해당없음,해당없음,Y,Y,펜션,없음,2022-11-30
동막해수욕장,반려동물업,반려동반여행,여행지,인천광역시,강화군,화도면,동막리,7 번지,해안남로,1481 번,37.59275121,126.458053,23062.0,인천광역시 강화군 화도면 해안남로 1481,인천광역시 강화군 화도면 동막리 7,032-937-4445,정보없음,연중무휴,매일 00:00~24:00,Y,없음,Y,해당없음,모두 가능,"목줄, 배변봉투",N,Y,관광지,없음,2022-11-30
동백공원,반려동물업,반려동반여행,여행지,부산광역시,해운대구,우동,,708-3 번지,동백로,99 번,35.15362117,129.152293,48100.0,부산광역시 해운대구 동백로 99,부산광역시 해운대구 우동 708-3,051-749-4491,https://www.haeundae.go.kr/tour/index.do,연중무휴,매일 00:00~24:00,Y,없음,Y,해당없음,모두 가능,목줄,N,Y,공원,없음,2022-11-30
동백하우스,반려동물업,반려동반여행,펜션,경상남도,통영시,당동,,39-7 번지,통영해안로,105-4 번,34.83494864,128.409991,53066.0,경상남도 통영시 통영해안로 105-4,경상남도 통영시 당동 39-7,055-641-5043,정보없음,연중무휴,매일 15:00~11:00,Y,변동,Y,해당없음,소형,제한사항 없음,Y,Y,"애견 동반 펜션, 사전문의 필수",없음,2022-11-30
동부저수지,반려동물업,반려동반여행,여행지,경상남도,거제시,동부면,구천리,388-1 번지,동부로,227 번,34.81438318,128.62565,53332.0,경상남도 거제시 동부면 동부로 227,경상남도 거제시 동부면 구천리 388-1,055-639-3000,정보없음,연중무휴,매일 00:00~24:00,Y,없음,Y,해당없음,모두 가능,"목줄, 배변봉투",N,Y,관광지,없음,2022-11-30
동산한옥펜션,반려동물업,반려동반여행,펜션,전라남도,담양군,창평면,유천리,57-19 번지,동산한옥길,81-3 번,35.21382289,127.024003,57390.0,전라남도 담양군 창평면 동산한옥길 81-3,전라남도 담양군 창평면 유천리 57-19,,http://xn--2q1bn7vooat7mprt0oc.kr/,연중무휴,매일 15:00~11:00,Y,변동,Y,해당없음,7kg 이하,애견용품 개별준비,Y,Y,애견 동반 펜션,"10,000원",2022-11-30
동성근린공원,반려동물업,반려동반여행,여행지,충청북도,청주시 청원구,오창읍,주성리,649 번지,,,36.73190722,127.439462,28117.0,,충청북도 청주시 청원구 오창읍 주성리 649,,정보없음,연중무휴,매일 00:00~24:00,Y,없음,Y,해당없음,모두 가능,"목줄, 배변봉투",N,Y,공원,없음,2022-11-30
동정호생태습지공원,반려동물업,반려동반여행,여행지,경상남도,하동군,악양면,평사리,320-1 번지,악양서로,109 번,35.14928903,127.689551,52307.0,경상남도 하동군 악양면 악양서로 109,경상남도 하동군 악양면 평사리 320-1,055-880-2651,정보없음,연중무휴,매일 00:00~24:00,Y,없음,Y,해당없음,모두 가능,"목줄, 배변봉투",N,Y,공원,없음,2022-11-30
동진강변공원,반려동물업,반려동반여행,여행지,전라북도,김제시,죽산면,서포리,392-6 번지,,,35.75526163,126.784038,54422.0,,전라북도 김제시 죽산면 서포리 392-6,,정보없음,연중무휴,매일 00:00~24:00,Y,없음,Y,해당없음,모두 가능,목줄,N,Y,공원,없음,2022-11-30
동탄센트럴파크,반려동물업,반려동반여행,여행지,경기도,화성시,반송동,,59 번지,동탄공원로2길,22 번,37.20563857,127.063581,18437.0,경기도 화성시 동탄공원로2길 22,경기도 화성시 반송동 59,031-5189-6959,https://tour.hscity.go.kr/NEW/1tour/nature16.jsp,연중무휴,매일 00:00~24:00,Y,없음,Y,해당없음,모두 가능,"목줄, 배변봉투",N,Y,관광지,없음,2022-11-30
동탄여울공원,반려동물업,반려동반여행,여행지,경기도,화성시,오산동,,1060 번지,,,37.19830166,127.08662,18487.0,,경기도 화성시 오산동 1060,031-5189-6142,정보없음,연중무휴,매일 00:00~24:00,N,없음,Y,해당없음,모두 가능,"목줄, 배변봉투",N,Y,공원,없음,2022-11-30
동탄호수공원,반려동물업,반려동반여행,여행지,경기도,화성시,송동,,78-2 번지,동탄순환대로,69 번,37.16690281,127.102434,18497.0,경기도 화성시 동탄순환대로 69,경기도 화성시 송동 78-2,031-5189-2667,http://tour.hscity.go.kr/NEW/1tour/nature20.jsp,연중무휴,매일 00:00~24:00,Y,없음,Y,해당없음,모두 가능,"목줄, 배변봉투",N,Y,공원,없음,2022-11-30
동피랑벽화마을,반려동물업,반려동반여행,여행지,경상남도,통영시,동호동,,118-1 번지,동피랑1길,6-18 번,34.84530746,128.427624,53052.0,경상남도 통영시 동피랑1길 6-18,경상남도 통영시 동호동 118-1,055-650-2622,정보없음,연중무휴,매일 00:00~24:00,Y,없음,Y,해당없음,소형,"목줄, 배변봉투",N,Y,관광지,없음,2022-11-30
동화마을,반려동물업,반려동반여행,여행지,인천광역시,중구,개항동,,14-3 번지,자유공원서로37번길,22 번,37.47753516,126.620647,22311.0,인천광역시 중구 자유공원서로37번길 22,인천광역시 중구 송월동3가 14-3,032-764-7494,정보없음,연중무휴,매일 00:00~24:00,Y,없음,Y,해당없음,모두 가능,"목줄, 배변봉투",N,Y,관광지,없음,2022-11-30
두곡해수욕장,반려동물업,반려동반여행,여행지,경상남도,남해군,남면,당항리,535-1 번지,,,34.76782171,127.906047,,,경상남도 남해군 남면 당항리 535-1,055-863-4270,정보없음,연중무휴,매일 00:00~24:00,Y,없음,Y,해당없음,모두 가능,목줄,N,Y,관광지,없음,2022-11-30
두꺼비생태공원,반려동물업,반려동반여행,여행지,충청북도,청주시 서원구,산남동,,593 번지,원흥로,81 번,36.61325856,127.468769,28624.0,충청북도 청주시 서원구 원흥로 81,충청북도 청주시 서원구 산남동 593,043-288-7227,http://www.cheongju.go.kr/wonheungi/index.do,매주 월요일,화~일 10:00~18:00,Y,없음,Y,해당없음,모두 가능,"목줄, 배변봉투",N,Y,공원,없음,2022-11-30
두꺼비생태마을,반려동물업,반려동반여행,여행지,충청북도,청주시 서원구,산남동,,367 번지,산남로10번길,26-9 번,36.61355165,127.471796,28626.0,충청북도 청주시 서원구 산남로10번길 26-9,충청북도 청주시 서원구 산남동 367,043-288-7227,정보없음,연중무휴,매일 00:00~24:00,N,없음,Y,해당없음,모두 가능,"목줄, 배변봉투",N,Y,관광지,없음,2022-11-30
두레샘골근린공원,반려동물업,반려동반여행,여행지,대전광역시,유성구,죽동,,655 번지,,,36.38088409,127.336126,34097.0,,대전광역시 유성구 죽동 655,,정보없음,연중무휴,매일 00:00~24:00,Y,없음,Y,해당없음,모두 가능,목줄,N,Y,공원,없음,2022-11-30
두루봉근린공원,반려동물업,반려동반여행,여행지,대전광역시,유성구,지족동,,881-1 번지,노은동로,212 번,36.37923521,127.32146,34078.0,대전광역시 유성구 노은동로 212,대전광역시 유성구 지족동 881-1,,정보없음,연중무휴,매일 00:00~24:00,Y,없음,Y,해당없음,모두 가능,목줄,N,Y,공원,없음,2022-11-30
두류공원,반려동물업,반려동반여행,여행지,대구광역시,달서구,두류동,,588-3 번지,공원순환로,36 번,35.85089685,128.558791,42672.0,대구광역시 달서구 공원순환로 36,대구광역시 달서구 두류동 588-3,053-803-7470,https://www.dalseo.daegu.kr/tour/index.do?menu_id=01002597,연중무휴,매일 00:00~24:00,Y,없음,Y,해당없음,소형/중형,목줄,N,Y,공원,없음,2022-11-30
두리생태공원,반려동물업,반려동반여행,여행지,인천광역시,계양구,귤현동,,19-1 번지,,,37.57242916,126.757871,21016.0,,인천광역시 계양구 귤현동 19-1,,정보없음,연중무휴,매일 00:00~24:00,Y,없음,Y,해당없음,모두 가능,"목줄, 배변봉투",N,Y,공원,없음,2022-11-30
둔덕기성,반려동물업,반려동반여행,여행지,경상남도,거제시,둔덕면,거림리,95 번지,,,34.86796585,128.49811,53280.0,,경상남도 거제시 둔덕면 거림리 산 95,,정보없음,연중무휴,매일 00:00~24:00,N,없음,Y,해당없음,모두 가능,"목줄, 배변봉투",N,Y,관광지,없음,2022-11-30
둔산선사유적지,반려동물업,반려동반여행,여행지,대전광역시,서구,월평동,,281 번지,대덕대로317번길,9 번,36.36095306,127.378937,35214.0,대전광역시 서구 대덕대로317번길 9,대전광역시 서구 월평동 281,042-270-2418,정보없음,연중무휴,매일 00:00~24:00,Y,없음,Y,해당없음,모두 가능,목줄,N,Y,관광지,없음,2022-11-30
듀오펜션,반려동물업,반려동반여행,펜션,강원도,평창군,방림면,계촌리,2223-2 번지,감동지길,116-4 번,37.47943818,128.273707,25364.0,강원도 평창군 방림면 감동지길 116-4,강원도 평창군 방림면 계촌리 2223-2,033-334-1354,http://www.duop.co.kr/,연중무휴,매일 15:00~11:00,Y,변동,Y,해당없음,소형,제한사항 없음,Y,Y,"애견 동반 펜션, 사전문의 필수, 추가인원 20,000원",변동,2022-11-30
듀크하우스,반려동물업,반려동반여행,펜션,경기도,가평군,청평면,대성리,362-2 번지,안대성길,67 번,37.69825335,127.376196,12457.0,경기도 가평군 청평면 안대성길 67,경기도 가평군 청평면 대성리 362-2,031-584-9790,http://www.dukehouse.co.kr/,연중무휴,매일 15:00~11:00,Y,변동,N,해당없음,해당없음,해당없음,Y,Y,펜션,없음,2022-11-30
드림파크 야생화공원,반려동물업,반려동반여행,여행지,인천광역시,서구,백석동,,58 번지,자원순환로,170 번,37.5730906,126.648113,22688.0,인천광역시 서구 자원순환로 170,인천광역시 서구 백석동 58,032-560-9940,정보없음,매주 월요일,화~일 10:00~17:00,Y,없음,Y,해당없음,모두 가능,"목줄, 배변봉투",N,Y,공원,없음,2022-11-30
들의공원,반려동물업,반려동반여행,여행지,대전광역시,서구,둔산동,,920 번지,청사로,189 번,36.36268299,127.384904,35208.0,대전광역시 서구 청사로 189,대전광역시 서구 둔산동 920,,정보없음,연중무휴,매일 00:00~24:00,Y,없음,Y,해당없음,모두 가능,목줄,N,Y,공원,없음,2022-11-30
디어마이펫,반려동물업,반려동반여행,펜션,전라북도,완주군,상관면,신리,516-2 번지,월암길,30-42 번,35.77790008,127.204844,55359.0,전라북도 완주군 상관면 월암길 30-42,전라북도 완주군 상관면 신리 516-2,,http://dmph.dodosolution.net/main,정보없음,정보없음,Y,변동,Y,해당없음,모두 가능,제한사항 없음,Y,Y,"애견 동반 펜션, 운동장, 강아지용품",없음,2022-11-30
디오션시티철길공원,반려동물업,반려동반여행,여행지,전라북도,군산시,조촌동,,2-99 번지,궁포1로,51 번,35.97746032,126.743018,54072.0,전라북도 군산시 궁포1로 51,전라북도 군산시 조촌동 2-99,,정보없음,연중무휴,매일 00:00~24:00,Y,없음,Y,해당없음,모두 가능,"목줄, 배변봉투",N,Y,공원,없음,2022-11-30
디제이뭉,반려동물업,반려동반여행,펜션,경기도,가평군,설악면,신천리,633 번지,한갑골길,47-43 번,37.67241849,127.483864,12467.0,경기도 가평군 설악면 한갑골길 47-43,경기도 가평군 설악면 신천리 633,0507-1331-3147,http://blog.naver.com/innnk,연중무휴,매일 15:00~11:00,Y,변동,Y,해당없음,모두 가능,제한사항 없음,Y,Y,"애견 동반 펜션, 애견수영장, 사전문의 필수","10,000원",2022-11-30
따라비오름,반려동물업,반려동반여행,여행지,제주특별자치도,서귀포시,표선면,가시리,62 번지,,,33.38603815,126.750267,63623.0,,제주특별자치도 서귀포시 표선면 가시리 산 62,064-710-6043,https://www.visitjeju.net/u/9iL,연중무휴,매일 00:00~24:00,Y,없음,Y,해당없음,모두 가능,제한사항 없음,N,Y,관광지,없음,2022-11-30
또오개애견펜션,반려동물업,반려동반여행,펜션,경기도,양평군,청운면,갈운리,1241 번지,제비산길,74 번,37.52705903,127.748073,12532.0,경기도 양평군 청운면 제비산길 74,경기도 양평군 청운면 갈운리 1241,0507-1332-5424,http://www.ttoogae.co.kr/,연중무휴,매일 15:00~11:00,Y,변동,Y,해당없음,8kg 미만,제한사항 없음,Y,Y,애견 동반 펜션,"10,000원",2022-11-30
라떼하우스,반려동물업,반려동반여행,펜션,경기도,양평군,서종면,도장리,95-49 번지,도장계곡길,54 번,37.60272062,127.397698,12501.0,경기도 양평군 서종면 도장계곡길 54,경기도 양평군 서종면 도장리 95-49,,http://mong2ne.com/,연중무휴,매일 15:00~11:00,Y,변동,Y,해당없음,소형,목줄,Y,Y,"애견 동반 펜션, 사전문의 필수","10,000원",2022-11-30
라라랜드 애견풀빌라,반려동물업,반려동반여행,펜션,경상북도,경주시,구정동,,616-33 번지,하동1길,45-6 번,35.7940993,129.308766,38126.0,경상북도 경주시 하동1길 45-6,경상북도 경주시 구정동 616-33,,http://lala-land.kr/,연중무휴,매일 15:00~11:00,Y,변동,Y,해당없음,소형/중형,제한사항 없음,Y,Y,"애견 동반 펜션, 애견수영장","10,000원",2022-11-30
라메르펜션,반려동물업,반려동반여행,펜션,경상북도,울진군,매화면,오산리,639-4 번지,망양정로,309 번,36.90958766,129.415241,36340.0,경상북도 울진군 매화면 망양정로 309,경상북도 울진군 매화면 오산리 639-4,0507-1372-8301,http://www.lamer-pension.com/html/index.html,연중무휴,매일 15:00~11:00,Y,변동,Y,해당없음,5kg 미만,제한사항 없음,Y,Y,"애견 동반 펜션, 사전문의 필수",없음,2022-11-30
라벤하임애견동반펜션,반려동물업,반려동반여행,펜션,강원도,평창군,대관령면,차항리,102-20 번지,차항길,159-34 번,37.70003108,128.690245,25340.0,강원도 평창군 대관령면 차항길 159-34,강원도 평창군 대관령면 차항리 102-20,033-335-0542,http://lavenheim.co.kr,연중무휴,매일 14:00~12:00,Y,변동,Y,해당없음,모두 가능,제한사항 없음,Y,Y,"애견 동반 펜션, 추가인원 10,000원","10,000원",2022-11-30
라비앙,반려동물업,반려동반여행,펜션,강원도,평창군,봉평면,무이리,16-10 번지,봉평북로,250-60 번,37.62060204,128.350136,25305.0,강원도 평창군 봉평면 봉평북로 250-60,강원도 평창군 봉평면 무이리 16-10,033-335-6354,http://www.labienvie.com,연중무휴,매일 15:00~11:00,Y,변동,Y,해당없음,소형,제한사항 없음,Y,Y,애견 동반 펜션,없음,2022-11-30
라스텔라 스파펜션,반려동물업,반려동반여행,펜션,전라남도,여수시,돌산읍,평사리,1006-12 번지,평사로,333 번,34.65548548,127.726633,59772.0,전라남도 여수시 돌산읍 평사로 333,전라남도 여수시 돌산읍 평사리 1006-12,050-5765-0611,http://yslastella.kr/,연중무휴,매일 15:00~11:00,Y,변동,Y,해당없음,소형,제한사항 없음,Y,Y,"애견 동반 펜션, 사전문의 필수",없음,2022-11-30
라온제나,반려동물업,반려동반여행,펜션,제주특별자치도,서귀포시,안덕면,사계리,385-1 번지,사계로114번길,54-12 번,33.24246552,126.304891,63528.0,제주특별자치도 서귀포시 안덕면 사계로114번길 54-12,제주특별자치도 서귀포시 안덕면 사계리 385-1,0507-1368-3185,https://resortraon.modoo.at/,연중무휴,매일 15:00~11:00,Y,변동,Y,해당없음,소형/중형,제한사항 없음,Y,Y,"애견 동반 펜션, 사전문의 필수","20,000원",2022-11-30
라임오렌지펜션,반려동물업,반려동반여행,펜션,강원도,홍천군,북방면,노일리,843-3 번지,구룡밭길,40 번,37.68221425,127.727635,25111.0,강원도 홍천군 북방면 구룡밭길 40,강원도 홍천군 북방면 노일리 843-3,050-5765-0431,http://limeorangeps.com/,연중무휴,매일 15:00~11:00,Y,변동,Y,해당없음,5kg 이하,제한사항 없음,Y,Y,"애견 동반 펜션, 사전문의 필수, 추가인원 10,000원","15,000원",2022-11-30
라포레캠핑장,반려동물업,반려동반여행,펜션,충청남도,아산시,음봉면,삼거리,231-5 번지,음봉면로,85 번,36.85451866,127.014832,31443.0,충청남도 아산시 음봉면 음봉면로 85,충청남도 아산시 음봉면 삼거리 231-5,,https://laforetcamping.modoo.at/,연중무휴,"매일 13:00~12:00, 성수기14:00~13:00",Y,변동,Y,해당없음,15kg 미만,제한사항 없음,Y,Y,애견 동반 펜션,없음,2022-11-30
랑랑 랑개 민박,반려동물업,반려동반여행,펜션,전라북도,전주시 완산구,대성동,,200 번지,객원길,57-28 번,35.79603154,127.173445,55115.0,전라북도 전주시 완산구 객원길 57-28,전라북도 전주시 완산구 대성동 200,0507-1331-4653,https://125ranggae.modoo.at/,연중무휴,매일 15:00~11:00,Y,변동,Y,해당없음,모두 가능,제한사항 없음,Y,Y,"애견 동반 펜션, 식당, 놀이터",없음,2022-11-30
러브스토리 애견펜션,반려동물업,반려동반여행,펜션,경기도,양평군,용문면,연수리,195-1 번지,은행나무길,25-20 번,37.53003787,127.55837,12509.0,경기도 양평군 용문면 은행나무길 25-20,경기도 양평군 용문면 연수리 195-1,,http://lovestoryps.co.kr/,연중무휴,매일 15:00~11:00,Y,변동,Y,해당없음,10kg 미만,최대 2마리,Y,Y,"애견 동반 펜션, 애견수영장, 사전문의 필수","10,000원",2022-11-30
러블리펫108애견펜션,반려동물업,반려동반여행,펜션,인천광역시,옹진군,영흥면,선재리,213-20 번지,선재로,76-27 번,37.23647844,126.530907,23123.0,인천광역시 옹진군 영흥면 선재로 76-27,인천광역시 옹진군 영흥면 선재리 213-20,,http://lovely-pet108.co.kr/,연중무휴,매일 15:00~11:00,Y,변동,Y,해당없음,10kg 이하,제한사항 없음,Y,Y,"애견 동반 펜션, 사전문의 필수","20,000원",2022-11-30
레솔레파크,반려동물업,반려동반여행,여행지,경기도,의왕시,월암동,,543-3 번지,왕송못동로,307 번,37.30710763,126.953146,16107.0,경기도 의왕시 왕송못동로 307,경기도 의왕시 월암동 543-3,031-345-3534,정보없음,연중무휴,매일 00:00~24:00,Y,없음,Y,해당없음,모두 가능,"목줄, 배변봉투",N,Y,관광지,없음,2022-11-30
레이크 독채펜션,반려동물업,반려동반여행,펜션,전라북도,진안군,백운면,노촌리,153-7 번지,평노길,304 번,35.71027752,127.435342,55452.0,전라북도 진안군 백운면 평노길 304,전라북도 진안군 백운면 노촌리 산 153-7,,https://lakeps.modoo.at/,연중무휴,매일 15:00~11:00,Y,변동,Y,해당없음,15kg 이하,객실당 최대 4마리,Y,Y,애견 동반 펜션,"20,000원",2022-11-30
렛츠플레이독,반려동물업,반려동반여행,여행지,경기도,부천시,상동,,572-1 번지,조마루로,2 번,37.49997006,126.744235,14592.0,경기도 부천시 조마루로 2,경기도 부천시 상동 572-1,0507-1480-0126,https://www.instagram.com/playdog_bucheon/,연중무휴,"매일 하절기 10:00~21:00, 동절기 10:00~20:00",Y,10000원,Y,해당없음,모두 가능,목줄,N,Y,관광지,"10,000원",2022-11-30
로마스파 애견동반 펜션,반려동물업,반려동반여행,펜션,인천광역시,옹진군,영흥면,선재리,549-29 번지,선재로306번길,27-87 번,37.25632939,126.518102,23122.0,인천광역시 옹진군 영흥면 선재로306번길 27-87,인천광역시 옹진군 영흥면 선재리 549-29,050-5765-0475,http://romaspa.co.kr/,연중무휴,매일 15:00~11:00,Y,변동,Y,해당없음,7kg 이하,반려견 수영장 입수 불가,Y,Y,애견 동반 펜션,"10,000원",2022-11-30
로맨틱큐브B,반려동물업,반려동반여행,펜션,인천광역시,강화군,길상면,선두리,965-16 번지,해안남로,664-8 번,37.60200267,126.491185,23051.0,인천광역시 강화군 길상면 해안남로 664-8,인천광역시 강화군 길상면 선두리 965-16,,http://www.romanticcubeb.com/,연중무휴,매일 15:00~11:00,Y,변동,Y,해당없음,10kg 미만,제한사항 없음,Y,Y,애견 동반 펜션,"20,000원",2022-11-30
로얄트리,반려동물업,반려동반여행,펜션,강원도,양양군,서면,가라피리,134 번지,설악로,1528-29 번,38.07855571,128.520188,25033.0,강원도 양양군 서면 설악로 1528-29,강원도 양양군 서면 가라피리 134,0507-1404-1704,http://royaltree.co.kr,연중무휴,매일 15:00~11:00,Y,변동,Y,해당없음,15kg 이하,제한사항 없음,Y,Y,"애견 동반 펜션, 추가인원 10,000원","10,000원",2022-11-30
로하스펜션,반려동물업,반려동반여행,펜션,경상북도,경주시,하동,,743 번지,하동1길,22-2 번,35.79611918,129.311127,38126.0,경상북도 경주시 하동1길 22-2,경상북도 경주시 하동 743,054-777-7897,http://www.penlohas.kr/page/,연중무휴,매일 15:00~11:00,Y,변동,Y,해당없음,5kg 미만,제한사항 없음,Y,Y,"애견 동반 펜션, 사전문의 필수","10,000원",2022-11-30
르네상스펜션,반려동물업,반려동반여행,펜션,충청남도,태안군,안면읍,승언리,1944-29 번지,해안관광로,276-34 번,36.52608508,126.333881,32164.0,충청남도 태안군 안면읍 해안관광로 276-34,충청남도 태안군 안면읍 승언리 1944-29,,http://renai.kr/main/about-us-2/,정보없음,정보없음,Y,변동,Y,해당없음,16kg 이하,"입질, 공격성 심한 경우, 맹견 입실 불가",Y,Y,애견 동반 펜션,없음,2022-11-30
리멤버 애견동반펜션,반려동물업,반려동반여행,펜션,충청남도,태안군,고남면,고남리,1574 번지,누동로,19 번,36.43143714,126.403151,32172.0,충청남도 태안군 고남면 누동로 19,충청남도 태안군 고남면 고남리 1574,050-5356-9564,http://rememberps.co.kr/,연중무휴,매일 15:00~11:00,Y,변동,Y,해당없음,10kg 미만,"입질, 공격성 심한 경우, 맹견 입실 불가",Y,Y,애견 동반 펜션,"10,000원",2022-11-30
리버클래스공원,반려동물업,반려동반여행,여행지,전라북도,전주시 완산구,삼천3동,,772 번지,효천남로,30 번,35.7951751,127.107648,55152.0,전라북도 전주시 완산구 효천남로 30,전라북도 전주시 완산구 삼천동2가 772,063-281-2808,정보없음,연중무휴,매일 00:00~24:00,N,없음,Y,해당없음,모두 가능,"목줄, 배변봉투",N,Y,공원,없음,2022-11-30
리틀미코노스 펜션,반려동물업,반려동반여행,펜션,인천광역시,옹진군,영흥면,선재리,213-17 번지,선재로,76-10 번,37.2353936,126.53175,23123.0,인천광역시 옹진군 영흥면 선재로 76-10,인천광역시 옹진군 영흥면 선재리 213-17,1600-1526,http://www.littlemykonos.co.kr/,연중무휴,매일 15:00~11:00,Y,변동,Y,해당없음,소형,제한사항 없음,Y,Y,"애견 동반 펜션, 사전문의 필수",없음,2022-11-30
마레몬테펜션,반려동물업,반려동반여행,펜션,경상남도,거제시,일운면,망치리,368 번지,망치2길,28-1 번,34.81240403,128.663645,53329.0,경상남도 거제시 일운면 망치2길 28-1,경상남도 거제시 일운면 망치리 368,,http://www.maremontepension.com/,연중무휴,매일 15:00~11:00,Y,변동,Y,해당없음,소형,제한사항 없음,Y,Y,애견 동반 펜션,없음,2022-11-30
마레카펜션,반려동물업,반려동반여행,펜션,제주특별자치도,제주시,한림읍,금능리,1682-1 번지,금능1길,26 번,33.38812742,126.224887,63010.0,제주특별자치도 제주시 한림읍 금능1길 26,제주특별자치도 제주시 한림읍 금능리 1682-1,0503-5057-3700,http://www.mareca.kr,연중무휴,매일 15:00~11:00,Y,변동,Y,해당없음,모두 가능,제한사항 없음,Y,Y,"애견 동반 펜션, 사전문의 필수",없음,2022-11-30
마렌626,반려동물업,반려동반여행,펜션,경상남도,사천시,서포면,다평리,1282-5 번지,제비길,6-26 번,34.980017,127.944701,52544.0,경상남도 사천시 서포면 제비길 6-26,경상남도 사천시 서포면 다평리 1282-5,0507-1351-1482,http://마렌626.com/,연중무휴,매일 15:00~11:00,Y,변동,N,해당없음,해당없음,해당없음,Y,Y,펜션,없음,2022-11-30
마법의성 애견펜션,반려동물업,반려동반여행,펜션,경상북도,경주시,구정동,,17 번지,새골길,85-11 번,35.79095669,129.305748,38128.0,경상북도 경주시 새골길 85-11,경상북도 경주시 구정동 17,,http://magiccastlepension.com/,연중무휴,매일 15:00~11:00,Y,변동,Y,해당없음,10kg 미만,제한사항 없음,Y,Y,"애견 동반 펜션, 애견수영장","10,000원",2022-11-30
마비정벽화마을,반려동물업,반려동반여행,여행지,대구광역시,달성군,화원읍,본리리,1399 번지,마비정길,262-5 번,35.7787679,128.541611,42967.0,대구광역시 달성군 화원읍 마비정길 262-5,대구광역시 달성군 화원읍 본리리 1399,053-633-2222,정보없음,연중무휴,매일 00:00~24:00,Y,없음,Y,해당없음,소형/중형,목줄,N,Y,관광지,없음,2022-11-30
마운틴밸리,반려동물업,반려동반여행,펜션,경기도,양평군,용문면,연수리,237 번지,수득골길,96-10 번,37.53467254,127.552706,12509.0,경기도 양평군 용문면 수득골길 96-10,경기도 양평군 용문면 연수리 237,,http://www.mvpension.co.kr,연중무휴,매일 15:00~11:00,Y,변동,Y,해당없음,5kg 이하,애견용품 개별준비,Y,Y,애견 동반 펜션,"10,000원",2022-11-30
마이웨이 애견펜션,반려동물업,반려동반여행,펜션,강원도,홍천군,서면,대곡리,1040-1 번지,한서로,1477 번,37.64103668,127.632255,25103.0,강원도 홍천군 서면 한서로 1477,강원도 홍천군 서면 대곡리 1040-1,070-4464-7880,http://mywayvivaldi.kr/,연중무휴,매일 15:00~11:00,Y,변동,Y,해당없음,15kg 미만,제한사항 없음,Y,Y,애견 동반 펜션,"10,000원",2022-11-30
마장호수 출렁다리,반려동물업,반려동반여행,여행지,경기도,파주시,광탄면,기산리,150-1 번지,기산로,313 번,37.77306529,126.927776,10953.0,경기도 파주시 광탄면 기산로 313,경기도 파주시 광탄면 기산리 산 150-1,031-950-1945,https://tour.paju.go.kr,연중무휴,"매일 하절기 09:00~18:00, 동절기 09:00~17:00",Y,없음,Y,해당없음,모두 가능,"목줄, 배변봉투",N,Y,관광지,없음,2022-11-30
마전숲공원,반려동물업,반려동반여행,여행지,전라북도,전주시 완산구,효자5동,,1526-1 번지,,,35.81869599,127.110603,54969.0,,전라북도 전주시 완산구 효자동3가 1526-1,,정보없음,연중무휴,매일 00:00~24:00,N,없음,Y,해당없음,모두 가능,목줄,N,Y,공원,없음,2022-11-30
마중공원,반려동물업,반려동반여행,여행지,경기도,수원시 권선구,권선동,,1348 번지,경수대로,88 번,37.23574475,127.021519,16666.0,경기도 수원시 권선구 경수대로 88,경기도 수원시 권선구 권선동 1348,1899-9900,정보없음,연중무휴,매일 00:00~24:00,Y,없음,Y,해당없음,모두 가능,"목줄, 배변봉투",N,Y,공원,없음,2022-11-30
마즈막재삼거리,반려동물업,반려동반여행,여행지,충청북도,충주시,종민동,,,,,36.98945416,127.989612,,,충청북도 충주시 종민동,,https://blog.naver.com/goodchungju/222873660509,연중무휴,매일 00:00~24:00,Y,없음,Y,해당없음,모두 가능,"목줄, 배변봉투",N,Y,관광지,없음,2022-11-30
마포새빛문화숲,반려동물업,반려동반여행,여행지,서울특별시,마포구,당인동,,1 번지,,,37.54406242,126.919699,4082.0,,서울특별시 마포구 당인동 1,02-3153-8114,https://www.mapo.go.kr/site/main/home,연중무휴,매일 00:00~24:00,Y,없음,Y,해당없음,모두 가능,"목줄, 배변봉투",N,Y,관광지,없음,2022-11-30
만수공원,반려동물업,반려동반여행,여행지,충청북도,청주시 흥덕구,오송읍,만수리,512 번지,오송생명5로,155 번,36.63248163,127.331483,28160.0,충청북도 청주시 흥덕구 오송읍 오송생명5로 155,충청북도 청주시 흥덕구 오송읍 만수리 512,043-201-0001,정보없음,연중무휴,매일 00:00~24:00,N,없음,Y,해당없음,모두 가능,"목줄, 배변봉투",N,Y,공원,없음,2022-11-30
말고개공원,반려동물업,반려동반여행,여행지,전라북도,정읍시,장명동,,1-4 번지,말고개길,27 번,35.56824363,126.863533,56186.0,전라북도 정읍시 말고개길 27,전라북도 정읍시 장명동 1-4,,정보없음,연중무휴,매일 00:00~24:00,N,없음,Y,해당없음,모두 가능,목줄,N,Y,공원,없음,2022-11-30
맘앤도그,반려동물업,반려동반여행,펜션,제주특별자치도,제주시,구좌읍,송당리,1376-13 번지,송당4길,5 번,33.47089571,126.784504,63355.0,제주특별자치도 제주시 구좌읍 송당4길 5,제주특별자치도 제주시 구좌읍 송당리 1376-13,0507-1375-9868,http://www.momanddog.co.kr/,연중무휴,매일 16:00~11:00,Y,없음,Y,해당없음,모두 가능,제한사항 없음,Y,Y,애견 동반 펜션,없음,2022-11-30
맘앤도그 단비,반려동물업,반려동반여행,펜션,제주특별자치도,제주시,구좌읍,송당리,1519-1 번지,송당2길,36 번,33.46936873,126.784075,63355.0,제주특별자치도 제주시 구좌읍 송당2길 36,제주특별자치도 제주시 구좌읍 송당리 1519-1,0507-1375-9868,http://momanddog.com/220005784561,연중무휴,매일 16:00~11:00,Y,변동,Y,해당없음,모두 가능,제한사항 없음,Y,Y,애견 동반 펜션,없음,2022-11-30
맘앤도그 백호,반려동물업,반려동반여행,펜션,제주특별자치도,제주시,구좌읍,송당리,1519 번지,송당2길,34 번,33.46943506,126.783856,63355.0,제주특별자치도 제주시 구좌읍 송당2길 34,제주특별자치도 제주시 구좌읍 송당리 1519,,http://momanddog.com/90195453598,연중무휴,매일 16:00~11:00,Y,변동,Y,해당없음,모두 가능,제한사항 없음,Y,Y,애견 동반 펜션,없음,2022-11-30
망골조각공원,반려동물업,반려동반여행,여행지,충청북도,청주시 상당구,용암동,,1591 번지,월평로,168 번,36.61097079,127.503063,28775.0,충청북도 청주시 상당구 월평로 168,충청북도 청주시 상당구 용암동 1591,043-200-3114,정보없음,연중무휴,매일 00:00~24:00,N,없음,Y,해당없음,모두 가능,"목줄, 배변봉투",N,Y,공원,없음,2022-11-30
망상해수욕장,반려동물업,반려동반여행,여행지,강원도,동해시,망상동,,393-16 번지,,,37.59779097,129.081948,,,강원도 동해시 망상동 393-16,033-530-2800,https://www.dh.go.kr/pages/sub.htm?nav_code=ope1545037906,연중무휴,매일 00:00~24:00,Y,없음,Y,해당없음,모두 가능,목줄,N,Y,관광지,없음,2022-11-30
매미성,반려동물업,반려동반여행,여행지,경상남도,거제시,장목면,대금리,21-6 번지,복항길,4 번,34.96716115,128.703632,53202.0,경상남도 거제시 장목면 복항길 4,경상남도 거제시 장목면 대금리 21-6,055-639-4178,https://korean.visitkorea.or.kr/detail/ms_detail.do?cotid=3b212f0e-cc18-47cc-8c5d-b57125a32de7,연중무휴,매일 00:00~24:00,Y,없음,Y,해당없음,소형/중형,목줄,N,Y,관광지,없음,2022-11-30
매산해안공원,반려동물업,반려동반여행,여행지,충청남도,당진시,신평면,매산리,29-24 번지,,,36.92692477,126.810857,31743.0,,충청남도 당진시 신평면 매산리 29-24,,http://www.dpto.or.kr/new/main/main.php,연중무휴,매일 09:00~18:00,N,없음,Y,해당없음,모두 가능,목줄,N,Y,공원,없음,2022-11-30
매송휴게소 반려견놀이터,반려동물업,반려동반여행,여행지,경기도,화성시,매송면,야목리,16-1 번지,서해안고속도로,316 번,37.26531838,126.892899,18287.0,경기도 화성시 매송면 서해안고속도로 316,경기도 화성시 매송면 야목리 16-1,031-295-1501,정보없음,연중무휴,매일 00:00~24:00,Y,없음,Y,해당없음,모두 가능,"목줄, 배변봉투",N,Y,관광지,없음,2022-11-30
매암제다원,반려동물업,반려동반여행,여행지,경상남도,하동군,악양면,정서리,293 번지,악양서로,346-1 번,35.16110665,127.709364,52305.0,경상남도 하동군 악양면 악양서로 346-1,경상남도 하동군 악양면 정서리 293,055-883-3500,http://www.tea-maeam.com/,매주 월요일,화~일 10:00~18:00,N,8000원,Y,해당없음,모두 가능,"목줄, 배변봉투",N,Y,관광지,없음,2022-11-30
매창공원,반려동물업,반려동반여행,여행지,전라북도,부안군,부안읍,서외리,566 번지,매창로,89 번,35.71882124,126.728695,56312.0,전라북도 부안군 부안읍 매창로 89,전라북도 부안군 부안읍 서외리 566,063-580-4434,정보없음,연중무휴,매일 00:00~24:00,Y,없음,Y,해당없음,모두 가능,목줄,N,Y,공원,없음,2022-11-30
매헌시민의숲,반려동물업,반려동반여행,여행지,서울특별시,서초구,양재동,,236 번지,매헌로,99 번,37.4730498,127.036977,6773.0,서울특별시 서초구 매헌로 99,서울특별시 서초구 양재동 236,02-575-3895,https://parks.seoul.go.kr/template/sub/citizen.do,연중무휴,매일 00:00~24:00,Y,없음,Y,해당없음,모두 가능,"목줄, 배변봉투",N,Y,관광지,없음,2022-11-30
매화정보화마을,반려동물업,반려동반여행,여행지,전라남도,광양시,다압면,도사리,548 번지,섬진강매화로,1563-1 번,35.0803491,127.715305,57709.0,전라남도 광양시 다압면 섬진강매화로 1563-1,전라남도 광양시 다압면 도사리 548,061-772-9494,http://maehwa.invil.org/,"매주 토, 일",월~금 09:00~18:00,Y,없음,Y,해당없음,모두 가능,목줄,N,Y,관광지,없음,2022-11-30
맥도생태공원,반려동물업,반려동반여행,여행지,부산광역시,강서구,대저2동,,1200-32 번지,,,35.15034641,128.955139,46723.0,,부산광역시 강서구 대저2동 1200-32,051-941-9728,http://www.busan.go.kr/nakdong/macdopark01,연중무휴,매일 00:00~24:00,Y,없음,Y,해당없음,모두 가능,"목줄, 배변봉투",N,Y,공원,없음,2022-11-30
맹꽁이생태공원,반려동물업,반려동반여행,여행지,충청북도,청주시 서원구,성화동,,763 번지,장전로6번가길,22 번,36.61656449,127.449442,28614.0,충청북도 청주시 서원구 장전로6번가길 22,충청북도 청주시 서원구 성화동 763,043-288-7227,https://www.cheongju.go.kr/wonheungi/contents.do?key=2790,연중무휴,매일 00:00~24:00,N,없음,Y,해당없음,모두 가능,"목줄, 배변봉투",N,Y,공원,없음,2022-11-30
멀베리펜션,반려동물업,반려동반여행,펜션,경상북도,청도군,각남면,녹명리,47 번지,녹명길,75-75 번,35.62316718,128.643586,38320.0,경상북도 청도군 각남면 녹명길 75-75,경상북도 청도군 각남면 녹명리 47,,정보없음,연중무휴,매일 14:00~11:00,Y,변동,Y,해당없음,소형,제한사항 없음,Y,Y,애견 동반 펜션,"10,000원",2022-11-30
멍멍플레이스,반려동물업,반려동반여행,펜션,제주특별자치도,제주시,애월읍,소길리,952-2 번지,소길남길,244-5 번,33.41626963,126.379461,63037.0,제주특별자치도 제주시 애월읍 소길남길 244-5,제주특별자치도 제주시 애월읍 소길리 952-2,0507-1307-4661,http://www.mmplays.com/index.php,연중무휴,매일 15:00~11:00,Y,변동,Y,해당없음,소형/중형,제한사항 없음,Y,Y,애견 동반 펜션,없음,2022-11-30
멍비치 강릉,반려동물업,반려동반여행,여행지,강원도,양양군,현남면,광진리,78-20 번지,,,37.95332631,128.77286,25056.0,,강원도 양양군 현남면 광진리 78-20,,정보없음,연중무휴,매일 09:00~19:00,Y,5000원,Y,해당없음,소형/중형,"소, 중, 대형견 공간분리",N,Y,관광지,"15,000원",2022-11-30
멍스테이,반려동물업,반려동반여행,펜션,강원도,고성군,토성면,천진리,121 번지,천진해변길,58 번,38.26104765,128.559283,24764.0,강원도 고성군 토성면 천진해변길 58,강원도 고성군 토성면 천진리 121,033-638-3755,http://www.mungstay.co.kr/,연중무휴,매일 15:00~11:00,Y,변동,Y,해당없음,8kg 미만,"입질, 공격성 있는 경우 입장 제한",Y,Y,"애견 동반 펜션, 사전문의 필수","20,000원",2022-11-30
멍플스테이,반려동물업,반려동반여행,여행지,경기도,안성시,죽산면,용설리,522-1 번지,용설호수길,101 번,37.05682862,127.451989,17523.0,경기도 안성시 죽산면 용설호수길 101,경기도 안성시 죽산면 용설리 522-1,031-676-9512,https://cample-stay.com/,11~3월,매일 15:00~11:00,Y,변동,Y,해당없음,모두 가능,목줄,N,Y,"관광지, 예약제","10,000원",2022-11-30
멍플스테이,반려동물업,반려동반여행,펜션,강원도,평창군,진부면,두일리,130-2 번지,방아다리로,363-54 번,37.68475218,128.558441,25321.0,강원도 평창군 진부면 방아다리로 363-54,강원도 평창군 진부면 두일리 130-2,,https://blog.naver.com/jjunge20,연중무휴,매일 15:00~11:00,Y,변동,Y,해당없음,모두 가능,제한사항 없음,Y,Y,"애견 동반 펜션, 예약제, 사전문의 필수",없음,2022-11-30
메모리독펜션,반려동물업,반려동반여행,펜션,충청남도,태안군,안면읍,중장리,185-1 번지,안면대로,3343-10 번,36.48456356,126.362304,32168.0,충청남도 태안군 안면읍 안면대로 3343-10,충청남도 태안군 안면읍 중장리 185-1,,http://www.memorydog.com,연중무휴,매일 15:00~11:00,Y,변동,Y,해당없음,10kg 미만,제한사항 없음,Y,Y,애견 동반 펜션,없음,2022-11-30
메이즈랜드,반려동물업,반려동반여행,여행지,제주특별자치도,제주시,구좌읍,평대리,3322 번지,비자림로,2134-47 번,33.48914716,126.801223,63351.0,제주특별자치도 제주시 구좌읍 비자림로 2134-47,제주특별자치도 제주시 구좌읍 평대리 3322,064-784-3838,mazeland.co.kr,연중무휴,매일 09:00~18:00,Y,11000원,Y,해당없음,소형,"케이지, 안기",N,Y,관광지,없음,2022-11-30
메이하우스,반려동물업,반려동반여행,펜션,충청남도,보령시,웅천읍,관당리,165-4 번지,간드리큰길,104-7 번,36.24173569,126.548741,33508.0,충청남도 보령시 웅천읍 간드리큰길 104-7,충청남도 보령시 웅천읍 관당리 165-4,,http://www.may-house.co.kr,연중무휴,매일 15:00~11:00,Y,변동,Y,해당없음,소형/중형,제한사항 없음,Y,Y,애견 동반 펜션,"10,000원",2022-11-30
명사십리해수욕장,반려동물업,반려동반여행,여행지,전라남도,완도군,신지면,신리,797-20 번지,명사십리길,85-105 번,34.32731753,126.80886,59146.0,전라남도 완도군 신지면 명사십리길 85-105,전라남도 완도군 신지면 신리 797-20,061-550-6921,정보없음,연중무휴,매일 00:00~24:00,Y,없음,Y,해당없음,모두 가능,목줄,N,Y,관광지,없음,2022-11-30
명암저수지,반려동물업,반려동반여행,여행지,충청북도,청주시 상당구,용담동,,290 번지,,,36.64127363,127.510762,28519.0,,충청북도 청주시 상당구 용담동 290,043-201-4412,정보없음,연중무휴,매일 00:00~24:00,N,없음,Y,해당없음,모두 가능,"목줄, 배변봉투",N,Y,관광지,없음,2022-11-30
명지1공원,반려동물업,반려동반여행,여행지,부산광역시,강서구,명지동,,3229-21 번지,명지오션시티2로,17 번,35.08735018,128.899607,46762.0,부산광역시 강서구 명지오션시티2로 17,부산광역시 강서구 명지동 3229-21,,정보없음,연중무휴,매일 00:00~24:00,N,없음,Y,해당없음,모두 가능,"목줄, 배변봉투",N,Y,공원,없음,2022-11-30
명지동근린공원,반려동물업,반려동반여행,여행지,부산광역시,강서구,명지동,,3247 번지,명지오션시티10로,95 번,35.08699354,128.906629,46763.0,부산광역시 강서구 명지오션시티10로 95,부산광역시 강서구 명지동 3247,051-970-4531,정보없음,연중무휴,매일 00:00~24:00,Y,없음,Y,해당없음,모두 가능,"목줄, 배변봉투",N,Y,공원,없음,2022-11-30
모두올레 애견펜션,반려동물업,반려동반여행,펜션,제주특별자치도,서귀포시,남원읍,태흥리,1785-2 번지,남태해안로,279-4 번,33.28193994,126.732375,63617.0,제주특별자치도 서귀포시 남원읍 남태해안로 279-4,제주특별자치도 서귀포시 남원읍 태흥리 1785-2,064-764-5437,정보없음,정보없음,정보없음,Y,변동,Y,반려동물 전용,모두 가능,제한사항 없음,Y,Y,"애견 동반 펜션, 미용, 호텔, 애견 동반 필수",없음,2022-11-30
모래미해수욕장,반려동물업,반려동반여행,여행지,전라남도,영광군,,구수리,,,,35.34727067,126.426767,,,전라남도 영광군 백수읍 구수리,061-350-5413,정보없음,연중무휴,매일 00:00~24:00,Y,없음,Y,해당없음,모두 가능,목줄,N,Y,관광지,없음,2022-11-30
모모토토펜션,반려동물업,반려동반여행,펜션,경상남도,남해군,남면,홍현리,426 번지,남면로,240-6 번,34.75353677,127.903533,52436.0,경상남도 남해군 남면 남면로 240-6,경상남도 남해군 남면 홍현리 426,050-5356-9638,http://momototo.co.kr/default/,연중무휴,매일 15:00~11:00,Y,변동,Y,해당없음,10kg 이하,제한사항 없음,Y,Y,"애견 동반 펜션, 사전문의 필수","20,000원",2022-11-30
모항해수욕장,반려동물업,반려동반여행,여행지,전라북도,부안군,변산면,도청리,203-45 번지,,,35.58237042,126.507806,,,전라북도 부안군 변산면 도청리 203-45,063-580-4449,http://www.ibuan.co.kr/tour02/index.htm,연중무휴,매일 00:00~24:00,Y,없음,Y,해당없음,모두 가능,목줄,N,Y,관광지,없음,2022-11-30
모현공원,반려동물업,반려동반여행,여행지,전라북도,익산시,모현동,,935 번지,배산로3길,10 번,35.94878574,126.939575,54658.0,전라북도 익산시 배산로3길 10,전라북도 익산시 모현동1가 935,,정보없음,연중무휴,매일 00:00~24:00,Y,없음,Y,해당없음,모두 가능,목줄,N,Y,공원,없음,2022-11-30
목포진역사공원,반려동물업,반려동반여행,여행지,전라남도,목포시,만호동,,1-33 번지,,,34.78569071,126.384444,58753.0,,전라남도 목포시 만호동 1-33,,정보없음,연중무휴,매일 00:00~24:00,Y,없음,Y,해당없음,모두 가능,"목줄, 배변봉투",N,Y,공원,없음,2022-11-30
몬테비얀코 캠핑장,반려동물업,반려동반여행,펜션,경기도,포천시,이동면,장암리,46 번지,늠바위길,181 번,38.02922329,127.38644,11111.0,경기도 포천시 이동면 늠바위길 181,경기도 포천시 이동면 장암리 46,,http://cafe.naver.com/montebianco,연중무휴,매일 13:30~13:00,Y,변동,Y,해당없음,5kg 미만,제한사항 없음,Y,Y,"애견 동반 펜션, 사전문의 필수",없음,2022-11-30
몽돌해수욕장,반려동물업,반려동반여행,여행지,전라북도,군산시,옥도면,선유도리,151-4 번지,선유도1길,238-7 번,35.82844515,126.402278,54000.0,전라북도 군산시 옥도면 선유도1길 238-7,전라북도 군산시 옥도면 선유도리 151-4,063-465-5186,정보없음,연중무휴,매일 00:00~24:00,Y,없음,Y,해당없음,모두 가능,목줄,N,Y,관광지,없음,2022-11-30
몽앤몽펜션,반려동물업,반려동반여행,펜션,충청남도,태안군,남면,몽산리,633-8 번지,몽대로,426-104 번,36.67575557,126.268056,32152.0,충청남도 태안군 남면 몽대로 426-104,충청남도 태안군 남면 몽산리 633-8,,http://www.mongnmong.com/,연중무휴,매일 14:00~11:00,Y,변동,Y,해당없음,소형/중형,제한사항 없음,Y,Y,애견 동반 펜션,없음,2022-11-30
무궁화동산,반려동물업,반려동반여행,여행지,충청남도,아산시,배방읍,장재리,2098 번지,,,36.79084949,127.099146,31470.0,,충청남도 아산시 배방읍 장재리 2098,041-536-8759,정보없음,연중무휴,매일 00:00~24:00,N,없음,Y,해당없음,모두 가능,"목줄, 배변봉투",N,Y,관광지,없음,2022-11-30
무릉도원,반려동물업,반려동반여행,펜션,전라북도,완주군,동상면,대아리,6 번지,대아수목로,534-39 번,35.99964249,127.336178,55344.0,전라북도 완주군 동상면 대아수목로 534-39,전라북도 완주군 동상면 대아리 6,0507-1361-1602,http://www.murundowon.co.kr/,연중무휴,매일 15:00~11:00,Y,변동,Y,해당없음,소형,제한사항 없음,Y,Y,애견 동반 펜션,"10,000원",2022-11-30
무술목해변,반려동물업,반려동반여행,여행지,전라남도,여수시,돌산읍,평사리,1271-3 번지,돌산로,2876 번,34.68223799,127.7759,59771.0,전라남도 여수시 돌산읍 돌산로 2876,전라남도 여수시 돌산읍 평사리 1271-3,061-690-7362,정보없음,연중무휴,매일 00:00~24:00,Y,없음,Y,해당없음,모두 가능,"목줄, 배변봉투",N,Y,관광지,없음,2022-11-30
무심워터월드,반려동물업,반려동반여행,여행지,충청북도,청주시 상당구,남일면,신송리,710-14 번지,,,36.58405984,127.502388,28186.0,,충청북도 청주시 상당구 남일면 신송리 710-14,043-201-0001,http://musimi.cheongju.go.kr/main/musimi,연중무휴,매일 00:00~24:00,Y,없음,Y,해당없음,모두 가능,"목줄, 배변봉투",N,Y,관광지,없음,2022-11-30
무안 동이트는집,반려동물업,반려동반여행,펜션,전라남도,무안군,일로읍,구정리,31-86 번지,일로로,753-111 번,34.80345788,126.522759,58576.0,전라남도 무안군 일로읍 일로로 753-111,전라남도 무안군 일로읍 구정리 31-86,0507-1400-0191,정보없음,연중무휴,매일 15:00~11:00,Y,변동,Y,해당없음,모두 가능,객실당 최대 3마리,Y,Y,애견 동반 펜션,"10,000원",2022-11-30
무안낙지공원,반려동물업,반려동반여행,여행지,전라남도,무안군,,송현리,,,,34.99966895,126.35205,58535.0,,전라남도 무안군 망운면 송현리,,정보없음,연중무휴,매일 00:00~24:00,Y,없음,Y,해당없음,모두 가능,"목줄, 배변봉투",N,Y,공원,없음,2022-11-30
무의도,반려동물업,반려동반여행,여행지,인천광역시,중구,무의동,,,,,37.37955595,126.422173,22386.0,,인천광역시 중구 무의동,032-760-8855,http://muui-do.co.kr/,연중무휴,매일 00:00~24:00,Y,없음,Y,해당없음,모두 가능,"목줄, 배변봉투",N,Y,관광지,없음,2022-11-30
무주 그랜드펜션,반려동물업,반려동반여행,펜션,전라북도,무주군,설천면,삼공리,530-12 번지,구천동1로,135-6 번,35.89839648,127.774915,55557.0,전라북도 무주군 설천면 구천동1로 135-6,전라북도 무주군 설천면 삼공리 530-12,,https://grandp.co.kr/,연중무휴,매일 15:00~11:00,Y,변동,Y,해당없음,소형/중형,"짖음, 공격성 심한 경우 입실 불가, 목줄, 객실당 최대 2마리",Y,Y,애견 동반 펜션,"20,000원",2022-11-30
무지개마을펜션,반려동물업,반려동반여행,펜션,경기도,양평군,서종면,수능리,285-10 번지,황순원로,247-1 번,37.59060701,127.381688,12504.0,경기도 양평군 서종면 황순원로 247-1,경기도 양평군 서종면 수능리 285-10,,http://www.rainbowvillage.co.kr/,연중무휴,매일 15:00~11:00,Y,변동,Y,해당없음,10kg 이하,제한사항 없음,Y,Y,"애견 동반 펜션, 사전문의 필수","10,000원",2022-11-30
무지개해안도로,반려동물업,반려동반여행,여행지,경상남도,사천시,용현면,금문리,367-6 번지,석양길,500 번,35.00937643,128.047285,52540.0,경상남도 사천시 용현면 석양길 500,경상남도 사천시 용현면 금문리 367-6,,정보없음,연중무휴,매일 00:00~24:00,N,없음,Y,해당없음,모두 가능,"목줄, 배변봉투",N,Y,관광지,없음,2022-11-30
무진정,반려동물업,반려동반여행,여행지,경상남도,함안군,함안면,괴산리,547 번지,괴산4길,25 번,35.25541978,128.422748,52051.0,경상남도 함안군 함안면 괴산4길 25,경상남도 함안군 함안면 괴산리 547,055-580-2551,정보없음,연중무휴,매일 00:00~24:00,Y,없음,Y,해당없음,모두 가능,"목줄, 배변봉투",N,Y,관광지,없음,2022-11-30
무창포해수욕장,반려동물업,반려동반여행,여행지,충청남도,보령시,웅천읍,관당리,799-1 번지,열린바다1길,10 번,36.24457737,126.536543,33508.0,충청남도 보령시 웅천읍 열린바다1길 10,충청남도 보령시 웅천읍 관당리 799-1,041-936-3561,http://www.moochangpo.com/,연중무휴,매일 00:00~24:00,Y,없음,Y,해당없음,모두 가능,"목줄, 배변봉투",N,Y,관광지,없음,2022-11-30
묵현천,반려동물업,반려동반여행,여행지,경기도,남양주시,화도읍,녹촌리,416-9 번지,녹촌로,227-1 번,37.64011305,127.280842,12187.0,경기도 남양주시 화도읍 녹촌로 227-1,경기도 남양주시 화도읍 녹촌리 416-9,,정보없음,연중무휴,매일 00:00~24:00,N,없음,Y,해당없음,모두 가능,"목줄, 배변봉투",N,Y,관광지,없음,2022-11-30
묵호항수변공원,반려동물업,반려동반여행,여행지,강원도,동해시,묵호진동,,13-64 번지,일출로,92-11 번,37.55094544,129.117389,25718.0,강원도 동해시 일출로 92-11,강원도 동해시 묵호진동 13-64,,정보없음,연중무휴,매일 00:00~24:00,Y,없음,Y,해당없음,모두 가능,"목줄, 배변봉투",N,Y,공원,없음,2022-11-30
문경오미자테마공원,반려동물업,반려동반여행,여행지,경상북도,문경시,문경읍,진안리,347 번지,새재로,715 번,36.74324044,128.08245,36919.0,경상북도 문경시 문경읍 새재로 715,경상북도 문경시 문경읍 진안리 347,054-571-8238,https://www.gbmg.go.kr/tour/contents.do?mId=0502060501,"1월1일, 설, 추석 연휴 당일, 매주 월요일",화~일 09:30~17:30,Y,없음,Y,해당없음,모두 가능,"목줄, 배변봉투",N,Y,공원,없음,2022-11-30
문고리 한옥 독채 풀빌라펜션,반려동물업,반려동반여행,펜션,경상북도,경주시,효현동,,259 번지,외외길,172-32 번,35.81896137,129.170953,38065.0,경상북도 경주시 외외길 172-32,경상북도 경주시 효현동 259,,http://moongorihanok.com/,연중무휴,매일 15:00~11:00,Y,변동,Y,해당없음,10kg 이하,반려견 수영장 입수 불가,Y,Y,애견 동반 펜션,"20,000원",2022-11-30
문광저수지,반려동물업,반려동반여행,여행지,충청북도,괴산군,문광면,양곡리,16 번지,,,36.76727721,127.748403,28048.0,,충청북도 괴산군 문광면 양곡리 16,043-830-2522,https://www.goesan.go.kr/tour/index.do,연중무휴,매일 00:00~24:00,Y,없음,Y,해당없음,모두 가능,"목줄, 배변봉투",N,Y,관광지,없음,2022-11-30
문라이트 캠핑장,반려동물업,반려동반여행,펜션,인천광역시,강화군,길상면,선두리,977-23 번지,해안남로,656 번,37.60158053,126.492371,23051.0,인천광역시 강화군 길상면 해안남로 656,인천광역시 강화군 길상면 선두리 977-23,,http://cafe.naver.com/moonlightcamping,연중무휴,매일 13:30~12:00,Y,변동,N,해당없음,해당없음,해당없음,Y,Y,펜션,없음,2022-11-30
문막휴게소 반려견놀이터,반려동물업,반려동반여행,여행지,강원도,원주시,문막읍,동화리,114 번지,원문로,1234 번,37.33522267,127.858205,26364.0,강원도 원주시 문막읍 원문로 1234,강원도 원주시 문막읍 동화리 114,033-731-8481,정보없음,연중무휴,매일 07:30~19:00,Y,없음,Y,해당없음,모두 가능,"목줄, 배변봉투",N,Y,관광지,없음,2022-11-30
문보트,반려동물업,반려동반여행,여행지,경상북도,안동시,성곡동,,815-1 번지,민속촌길,26 번,36.57885114,128.764589,36710.0,경상북도 안동시 민속촌길 26,경상북도 안동시 성곡동 815-1,054-853-0715,http://koreaboat.co.kr/htm/main.htm,매주 월요일,화~일 13:00~21:00,Y,8000원,Y,해당없음,모두 가능,케이지 이용,N,Y,관광지,없음,2022-11-30
문암생태공원,반려동물업,반려동반여행,여행지,충청북도,청주시 흥덕구,문암동,,122-2 번지,,,36.67471875,127.447493,28291.0,,충청북도 청주시 흥덕구 문암동 122-2,043-201-0732,http://munam.cheongju.go.kr/,연중무휴,매일 00:00~24:00,Y,없음,Y,해당없음,모두 가능,"목줄, 배변봉투",N,Y,공원,없음,2022-11-30
문학대공원,반려동물업,반려동반여행,여행지,전라북도,전주시 완산구,효자5동,,1523-2 번지,유연로,217-24 번,35.82766862,127.109769,54955.0,전라북도 전주시 완산구 유연로 217-24,전라북도 전주시 완산구 효자동3가 1523-2,063-281-2107,정보없음,연중무휴,매일 00:00~24:00,N,없음,Y,해당없음,모두 가능,"목줄, 배변봉투",N,Y,공원,없음,2022-11-30
문화비축기지,반려동물업,반려동반여행,여행지,서울특별시,마포구,성산동,,670 번지,증산로,87 번,37.57034669,126.895031,3914.0,서울특별시 마포구 증산로 87,서울특별시 마포구 성산동 670,02-376-8410,http://parks.seoul.go.kr/culturetank,연중무휴,매일 00:00~24:00,Y,없음,Y,해당없음,모두 가능,"목줄, 배변봉투",N,Y,관광지,없음,2022-11-30
문화의거리,반려동물업,반려동반여행,여행지,전라남도,순천시,행동,,81-12 번지,,,34.95471606,127.482993,,,전라남도 순천시 행동 81-12,,정보없음,연중무휴,매일 00:00~24:00,Y,없음,Y,해당없음,모두 가능,"목줄, 배변봉투",N,Y,관광지,없음,2022-11-30
문화휴식공원,반려동물업,반려동반여행,여행지,충청북도,청주시 청원구,오창읍,양청리,753 번지,오창공원로,311 번,36.71396886,127.423454,28120.0,충청북도 청주시 청원구 오창읍 오창공원로 311,충청북도 청주시 청원구 오창읍 양청리 753,043-201-8631,정보없음,연중무휴,매일 00:00~24:00,Y,없음,Y,해당없음,모두 가능,"목줄, 배변봉투",N,Y,공원,없음,2022-11-30
물맑음펜션,반려동물업,반려동반여행,펜션,경기도,남양주시,수동면,지둔리,53-23 번지,비룡로수자1길,76-15 번,37.71283783,127.306716,12028.0,경기도 남양주시 수동면 비룡로수자1길 76-15,경기도 남양주시 수동면 지둔리 53-23,031-592-9963,http://물맑음펜션.com,연중무휴,매일 15:00~11:00,Y,변동,Y,해당없음,모두 가능,제한사항 없음,Y,Y,"애견 동반 펜션, 사전문의 필수",없음,2022-11-30
물의정원,반려동물업,반려동반여행,여행지,경기도,남양주시,조안면,진중리,95 번지,북한강로,398 번,37.55735394,127.313527,12281.0,경기도 남양주시 조안면 북한강로 398,경기도 남양주시 조안면 진중리 95,031-590-2783,https://www.nyj.go.kr/culture/276?action-value=275994&action=read,연중무휴,매일 00:00~24:00,Y,없음,Y,해당없음,모두 가능,"목줄, 배변봉투",N,Y,관광지,없음,2022-11-30
물총새공원,반려동물업,반려동반여행,여행지,충청남도,천안시 서북구,불당동,,1643 번지,,,36.80902943,127.106342,31163.0,,충청남도 천안시 서북구 불당동 1643,041-521-2776,정보없음,연중무휴,매일 00:00~24:00,N,없음,Y,해당없음,모두 가능,"목줄, 배변봉투",N,Y,공원,없음,2022-11-30
미국마을,반려동물업,반려동반여행,여행지,경상남도,남해군,이동면,용소리,1616 번지,미국마을길,8 번,34.77983883,127.928942,52438.0,경상남도 남해군 이동면 미국마을길 8,경상남도 남해군 이동면 용소리 1616,,정보없음,연중무휴,매일 00:00~24:00,Y,없음,Y,해당없음,모두 가능,목줄,N,Y,관광지,없음,2022-11-30
미사리경정공원,반려동물업,반려동반여행,여행지,경기도,하남시,신장동,,281 번지,미사대로,505 번,37.55362591,127.21323,12900.0,경기도 하남시 미사대로 505,경기도 하남시 신장동 281,031-790-8883,http://www.krace.or.kr/contents/company/mapMisariPage.do,연중무휴,"월~금 09:00~18:00, 토~일 09:00~19:00",Y,없음,Y,해당없음,소형,"목줄, 배변봉투",N,Y,공원,없음,2022-11-30
미악산,반려동물업,반려동반여행,여행지,제주특별자치도,서귀포시,동홍동,,산 7-1 번지,인정오름로,387-63 번,33.30056466,126.554208,63576.0,제주특별자치도 서귀포시 인정오름로 387-63,제주특별자치도 서귀포시 동홍동 산 7-1,064-760-4701,https://www.visitjeju.net/kr/detail/view?contentsid=CONT_000000000500206,연중무휴,매일 00:00~24:00,Y,없음,Y,해당없음,모두 가능,목줄,N,Y,관광지,없음,2022-11-30
미평산림욕장,반려동물업,반려동반여행,여행지,전라남도,여수시,미평동,,64-2 번지,,,34.77660389,127.709456,59624.0,,전라남도 여수시 미평동 산 64-2,,https://www.yeosu.go.kr/tour/leisure/walk/bonghwasan_exp_gil/,연중무휴,매일 00:00~24:00,Y,없음,Y,해당없음,모두 가능,"목줄, 배변봉투",N,Y,관광지,없음,2022-11-30
민둥산,반려동물업,반려동반여행,여행지,강원도,정선군,남면,무릉리,412-5 번지,민둥산로,12 번,37.25487719,128.780798,26148.0,강원도 정선군 남면 민둥산로 12,강원도 정선군 남면 무릉리 412-5,1544-9053,정보없음,연중무휴,매일 00:00~24:00,Y,없음,Y,해당없음,소형,"목줄, 배변봉투",N,Y,관광지,없음,2022-11-30
민머루해수욕장,반려동물업,반려동반여행,여행지,인천광역시,강화군,삼산면,매음리,878-5 번지,어류정길212번길,33 번,37.65288321,126.332635,23007.0,인천광역시 강화군 삼산면 어류정길212번길 33,인천광역시 강화군 삼산면 매음리 878-5,032-932-1882,http://minmeoru-beach.co.kr/,연중무휴,매일 00:00~24:00,Y,없음,Y,해당없음,모두 가능,"목줄, 배변봉투",N,Y,관광지,없음,2022-11-30
바다빛무지개펜션,반려동물업,반려동반여행,펜션,강원도,양양군,현남면,남애리,72-1 번지,매바위길,63 번,37.94045523,128.78819,25057.0,강원도 양양군 현남면 매바위길 63,강원도 양양군 현남면 남애리 72-1,033-671-1008,http://www.searainbow.kr/,연중무휴,매일 15:00~11:00,Y,변동,Y,해당없음,10kg 이하,제한사항 없음,Y,Y,"애견 동반 펜션, 추가인원 20,000원","20,000원",2022-11-30
바다와펜션,반려동물업,반려동반여행,펜션,강원도,강릉시,사천면,사천진리,279-3 번지,해안로,1081 번,37.84538858,128.869317,25435.0,강원도 강릉시 사천면 해안로 1081,강원도 강릉시 사천면 사천진리 279-3,033-644-6223,http://바다와펜션.com/,연중무휴,매일 15:00~11:00,Y,변동,Y,해당없음,8kg 이하,제한사항 없음,Y,Y,"애견 동반 펜션, 사전문의 필수","20,000원",2022-11-30
바람새마을,반려동물업,반려동반여행,여행지,경기도,평택시,고덕면,궁리,505-2 번지,새악길,43-62 번,37.0133246,127.020162,17924.0,경기도 평택시 고덕면 새악길 43-62,경기도 평택시 고덕면 궁리 505-2,031-663-5453,https://baramsae.modoo.at/,연중무휴,매일 09:00~18:00,Y,없음,Y,해당없음,소형,"목줄, 배변봉투",N,Y,관광지,없음,2022-11-30
바릴로체,반려동물업,반려동반여행,펜션,강원도,홍천군,서면,굴업리,287-1 번지,굴업솔골길,91 번,37.62342692,127.677012,25103.0,강원도 홍천군 서면 굴업솔골길 91,강원도 홍천군 서면 굴업리 287-1,,http://www.bariloche.co.kr/,연중무휴,매일 14:00~11:00,Y,변동,Y,해당없음,10kg 이하,제한사항 없음,Y,Y,애견 동반 펜션,"10,000원",2022-11-30
바산올레펜션,반려동물업,반려동반여행,펜션,제주특별자치도,서귀포시,안덕면,창천리,844-15 번지,대평로,29 번,33.23659918,126.363867,63533.0,제주특별자치도 서귀포시 안덕면 대평로 29,제주특별자치도 서귀포시 안덕면 창천리 844-15,050-5765-0687,http://www.basanolle.kr/,연중무휴,매일 15:00~11:00,Y,변동,Y,해당없음,15kg 이하,"고양이 불가, 객실당 최대 2마리, 애견용품 개별준비",Y,Y,애견 동반 펜션,"20,000원",2022-11-30
반디빌리지,반려동물업,반려동반여행,펜션,경기도,가평군,설악면,엄소리,62 번지,묵안로,287 번,37.64534721,127.507243,12470.0,경기도 가평군 설악면 묵안로 287,경기도 가평군 설악면 엄소리 62,0507-1427-5631,http://www.bandivillage.com/,연중무휴,매일 15:00~11:00,Y,변동,Y,해당없음,12kg 미만,최대 3마리,Y,Y,"애견 동반 펜션, 애견수영장","20,000원",2022-11-30
반송저류공원,반려동물업,반려동반여행,여행지,충청북도,청주시 청원구,오창읍,송대리,346 번지,,,36.72535539,127.448355,29117.0,,충청북도 청주시 청원구 오창읍 송대리 346,,정보없음,연중무휴,매일 00:00~24:00,N,없음,Y,해당없음,모두 가능,"목줄, 배변봉투",N,Y,공원,없음,2022-11-30
반월호수공원,반려동물업,반려동반여행,여행지,경기도,군포시,둔대동,,354-3 번지,호수로,92 번,37.32458238,126.889964,15892.0,경기도 군포시 호수로 92,경기도 군포시 둔대동 354-3,031-390-3276,https://www.gunpo.go.kr/tour/index.do,연중무휴,매일 00:00~24:00,Y,없음,Y,해당없음,모두 가능,"목줄, 배변봉투",N,Y,공원,없음,2022-11-30
반포 한강공원,반려동물업,반려동반여행,여행지,서울특별시,서초구,반포동,,115-5 번지,신반포로11길,40 번,37.50769397,126.992731,6500.0,서울특별시 서초구 신반포로11길 40,서울특별시 서초구 반포동 115-5,02-591-5943,http://hangang.seoul.go.kr/archives/46727,연중무휴,매일 00:00~24:00,Y,없음,Y,해당없음,모두 가능,"목줄, 배변봉투",N,Y,공원,없음,2022-11-30
발렌타인,반려동물업,반려동반여행,펜션,강원도,양양군,손양면,상왕도리,742 번지,남대천로,251-117 번,38.04593739,128.614927,25044.0,강원도 양양군 손양면 남대천로 251-117,강원도 양양군 손양면 상왕도리 742,,http://www.valentinepension.com,연중무휴,매일 15:00~11:00,Y,변동,Y,반려동물 전용,10kg 미만,제한사항 없음,Y,Y,"애견 동반 펜션, 애견수영장, 사전문의 필수, 추가인원 15,000원","10,000원",2022-11-30
발바닥공원,반려동물업,반려동반여행,여행지,서울특별시,도봉구,방학동,,270-1 번지,시루봉로6길,33 번,37.65960856,127.029715,1387.0,서울특별시 도봉구 시루봉로6길 33,서울특별시 도봉구 방학동 270-1,02-2091-2120,https://tour.dobong.go.kr/Contents.asp?code=10003477,연중무휴,매일 00:00~24:00,N,없음,Y,해당없음,모두 가능,"목줄, 배변봉투",N,Y,공원,없음,2022-11-30
발산공원,반려동물업,반려동반여행,여행지,충청북도,청주시 흥덕구,가경동,,1459 번지,경산로,33 번,36.62453243,127.43592,28398.0,충청북도 청주시 흥덕구 경산로 33,충청북도 청주시 흥덕구 가경동 1459,,정보없음,연중무휴,매일 00:00~24:00,Y,없음,Y,해당없음,모두 가능,"목줄, 배변봉투",N,Y,공원,없음,2022-11-30
방아다리공원,반려동물업,반려동반여행,여행지,충청남도,천안시 서북구,쌍용동,,1563 번지,월봉로,25 번,36.79288169,127.118357,31171.0,충청남도 천안시 서북구 월봉로 25,충청남도 천안시 서북구 쌍용동 1563,041-521-2775,정보없음,연중무휴,매일 00:00~24:00,Y,없음,Y,해당없음,모두 가능,"목줄, 배변봉투",N,Y,공원,없음,2022-11-30
방이동고분군,반려동물업,반려동반여행,여행지,서울특별시,송파구,방이동,,227-13 번지,오금로,227 번,37.50712613,127.118957,5644.0,서울특별시 송파구 오금로 227,서울특별시 송파구 방이동 227-13,02-2147-2800,http://www.songpa.go.kr/,연중무휴,매일 06:00~20:00,N,없음,Y,해당없음,모두 가능,목줄,N,Y,관광지,없음,2022-11-30
방화수류정,반려동물업,반려동반여행,여행지,경기도,수원시 팔달구,매향동,,151 번지,수원천로392번길,44-6 번,37.28754184,127.018095,16254.0,경기도 수원시 팔달구 수원천로392번길 44-6,경기도 수원시 팔달구 매향동 151,031-290-3600,정보없음,연중무휴,매일 00:00~24:00,N,없음,Y,해당없음,모두 가능,목줄,N,Y,관광지,없음,2022-11-30
배곧한울공원,반려동물업,반려동반여행,여행지,경기도,시흥시,배곧동,,307 번지,해송십리로,61 번,37.35465274,126.702032,15012.0,경기도 시흥시 해송십리로 61,경기도 시흥시 배곧동 307,031-310-3863,https://blog.naver.com/siheungblog/222252406919,연중무휴,매일 00:00~24:00,Y,없음,Y,해당없음,모두 가능,"목줄, 배변봉투",N,Y,공원,없음,2022-11-30
배달성전삼성궁,반려동물업,반려동반여행,여행지,경상남도,하동군,청암면,묵계리,1738-3 번지,삼성궁길,2 번,35.23870093,127.705429,52309.0,경상남도 하동군 청암면 삼성궁길 2,경상남도 하동군 청암면 묵계리 1738-3,055-884-1279,https://www.hadong.go.kr,연중무휴,"매일 4~11월 8:30~17:00, 12~3월 8:30~16:30",Y,7000원,Y,해당없음,소형/중형,"목줄, 케이지, 안기, 배변봉투",N,Y,관광지,없음,2022-11-30
배산체육공원,반려동물업,반려동반여행,여행지,전라북도,익산시,현영동,,169 번지,동서로,21 번,35.95988861,126.940371,54652.0,전라북도 익산시 동서로 21,전라북도 익산시 현영동 169,063-859-3848,https://www.iksan.go.kr/tour/board/view.iksan?boardId=BBS_TOUR_TOUR&menuCd=DOM_000005901001000000&dataSid=263665,연중무휴,매일 06:00~22:00,Y,없음,Y,해당없음,모두 가능,목줄,N,Y,공원,없음,2022-11-30
배알도수변공원,반려동물업,반려동반여행,여행지,전라남도,광양시,태인동,,1632-13 번지,,,34.95994842,127.760182,57815.0,,전라남도 광양시 태인동 1632-13,061-797-4979,https://www.gwangyang.go.kr/tour_culture/board/view.gwangyang?boardId=BBS_TOUR_TOUR&menuCd=DOM_000000411002004000&contentsSid=3046&dataSid=295,연중무휴,매일 00:00~24:00,Y,없음,Y,해당없음,모두 가능,"목줄, 배변봉투",N,Y,공원,없음,2022-11-30
배티공원,반려동물업,반려동반여행,여행지,충청북도,청주시 서원구,개신동,,3-16 번지,,,36.62651789,127.46553,28666.0,,충청북도 청주시 서원구 개신동 3-16,,정보없음,연중무휴,매일 00:00~24:00,Y,없음,Y,해당없음,모두 가능,"목줄, 배변봉투",N,Y,공원,없음,2022-11-30
백로공원,반려동물업,반려동반여행,여행지,전라북도,전주시 완산구,효자4동,,238-3 번지,쑥고개로,398-16 번,35.80314477,127.108173,55079.0,전라북도 전주시 완산구 쑥고개로 398-16,전라북도 전주시 완산구 효자동2가 238-3,063-281-2107,정보없음,연중무휴,매일 00:00~24:00,Y,없음,Y,해당없음,모두 가능,"목줄, 배변봉투",N,Y,공원,없음,2022-11-30
백마강레저파크,반려동물업,반려동반여행,여행지,충청남도,부여군,규암면,호암리,234-2 번지,,,36.30216096,126.915886,33114.0,,충청남도 부여군 규암면 호암리 234-2,1833-8982,http://www.baekmagangleisure.com/,연중무휴,매일 00:00~24:00,Y,없음,Y,해당없음,모두 가능,목줄,N,Y,관광지,없음,2022-11-30
백마강생활체육공원,반려동물업,반려동반여행,여행지,충청남도,부여군,부여읍,구교리,279 번지,,,36.28031353,126.898708,33142.0,,충청남도 부여군 부여읍 구교리 279,0507-1364-9410,정보없음,연중무휴,매일 09:00~22:00,Y,변동,Y,해당없음,모두 가능,목줄,N,Y,공원,없음,2022-11-30
백바위해수욕장,반려동물업,반려동반여행,여행지,전라남도,영광군,염산면,두우리,645 번지,칠산로,899-11 번,35.24252857,126.306626,57067.0,전라남도 영광군 염산면 칠산로 899-11,전라남도 영광군 염산면 두우리 645,061-350-5752,정보없음,연중무휴,매일 00:00~24:00,Y,없음,Y,해당없음,모두 가능,"목줄, 배변봉투",N,Y,관광지,없음,2022-11-30
백봉공원,반려동물업,반려동반여행,여행지,충청북도,청주시 흥덕구,봉명동,,2112 번지,봉정로66번길,95 번,36.6475413,127.458706,28449.0,충청북도 청주시 흥덕구 봉정로66번길 95,충청북도 청주시 흥덕구 봉명동 2112,043-855-7897,정보없음,연중무휴,매일 00:00~24:00,N,없음,Y,해당없음,모두 가능,"목줄, 배변봉투",N,Y,공원,없음,2022-11-30
백석천근린공원,반려동물업,반려동반여행,여행지,경기도,의정부시,의정부동,,,,,37.73464013,127.034034,11662.0,,경기도 의정부시 의정부동,,정보없음,연중무휴,매일 00:00~24:00,Y,없음,Y,해당없음,모두 가능,"목줄, 배변봉투",N,Y,공원,없음,2022-11-30
백제역사고분,반려동물업,반려동반여행,여행지,세종특별자치시,,한솔동,,964 번지,노을3로,85 번,36.47917404,127.254667,30130.0,세종특별자치시 노을3로 85,세종특별자치시 한솔동 964,,정보없음,연중무휴,매일 00:00~24:00,N,없음,Y,해당없음,모두 가능,목줄,N,Y,관광지,없음,2022-11-30
밸런스독 애견펜션,반려동물업,반려동반여행,펜션,경기도,양평군,지평면,망미리,900 번지,바깥섬부리1길,3-29 번,37.46426742,127.655751,12543.0,경기도 양평군 지평면 바깥섬부리1길 3-29,경기도 양평군 지평면 망미리 900,0507-1391-0307,http://balancedog.co.kr,연중무휴,매일 15:00~11:00,Y,변동,Y,해당없음,모두 가능,최대 4마리,Y,Y,"애견 동반 펜션, 애견카페, 사전문의 필수","10,000원",2022-11-30
버드힐펜션,반려동물업,반려동반여행,펜션,경기도,양평군,용문면,덕촌리,313 번지,덕촌길,231-7 번,37.51299582,127.590598,12511.0,경기도 양평군 용문면 덕촌길 231-7,경기도 양평군 용문면 덕촌리 313,031-774-5766,https://m.place.naver.com/accommodation/13038981/home?entry=plt&businessCategory=pension,연중무휴,매일 14:00~12:00,Y,변동,Y,해당없음,5kg 이하,목줄,Y,Y,"애견 동반 펜션, 사전문의 필수",없음,2022-11-30
법환포구,반려동물업,반려동반여행,여행지,제주특별자치도,서귀포시,법환동,,161-3 번지,막숙포로,66 번,33.23570348,126.514696,63573.0,제주특별자치도 서귀포시 막숙포로 66,제주특별자치도 서귀포시 법환동 161-3,064-740-6000,http://www.visitjeju.net,연중무휴,매일 00:00~24:00,Y,없음,Y,해당없음,모두 가능,"목줄, 배변봉투",N,Y,관광지,없음,2022-11-30
베라데로펜션,반려동물업,반려동반여행,펜션,충청남도,태안군,남면,원청리,591-2 번지,용궁길,77 번,36.63378502,126.30479,32157.0,충청남도 태안군 남면 용궁길 77,충청남도 태안군 남면 원청리 591-2,,http://www.varadero.co.kr,연중무휴,매일 15:00~11:00,Y,변동,Y,해당없음,소형/중형,목줄,Y,Y,애견 동반 펜션,"10,000원",2022-11-30
벤치하우스,반려동물업,반려동반여행,펜션,강원도,평창군,봉평면,흥정리,250-8 번지,흥정계곡1길,35-6 번,37.63546835,128.347724,25300.0,강원도 평창군 봉평면 흥정계곡1길 35-6,강원도 평창군 봉평면 흥정리 250-8,,http://www.benchhouse.com/,연중무휴,매일 15:00~11:00,Y,변동,Y,해당없음,소형,케이지 이용,Y,Y,애견 동반 펜션,"10,000원",2022-11-30
벨루스로즈팬션,반려동물업,반려동반여행,펜션,경상북도,경주시,북군동,,515-15 번지,북군길,107-19 번,35.85901332,129.260217,38116.0,경상북도 경주시 북군길 107-19,경상북도 경주시 북군동 515-15,070-4175-8861,http://www.bellusrose.com/,연중무휴,매일 14:30~11:30,Y,변동,N,해당없음,해당없음,해당없음,Y,Y,펜션,없음,2022-11-30
벨르앙쥬,반려동물업,반려동반여행,펜션,경기도,가평군,상면,임초리,621 번지,임초밤안골로,269-14 번,37.7492099,127.362942,12447.0,경기도 가평군 상면 임초밤안골로 269-14,경기도 가평군 상면 임초리 621,,http://belleange.net,연중무휴,매일 15:00~11:00,Y,변동,Y,해당없음,10kg 이하,"입질, 공격성 있는 경우 입장 제한",Y,Y,"애견 동반 펜션, 사전문의 필수",없음,2022-11-30
벼리채,반려동물업,반려동반여행,펜션,전라북도,전주시 완산구,서서학동,,1-1 번지,서학3길,67 번,35.80848953,127.151771,55100.0,전라북도 전주시 완산구 서학3길 67,전라북도 전주시 완산구 서서학동 1-1,,http://blog.naver.com/byuriche,정보없음,정보없음,Y,변동,Y,해당없음,모두 가능,제한사항 없음,Y,Y,"애견 동반 펜션, 독채펜션",없음,2022-11-30
변산마실길2코스,반려동물업,반려동반여행,여행지,전라북도,부안군,변산면,운산리,443-14 번지,노루목길,8-8 번,35.66392739,126.510394,56339.0,전라북도 부안군 변산면 노루목길 8-8,전라북도 부안군 변산면 운산리 443-14,063-580-4644,정보없음,연중무휴,매일 00:00~24:00,Y,없음,Y,해당없음,모두 가능,목줄,N,Y,관광지,없음,2022-11-30
별빛정원펜션,반려동물업,반려동반여행,펜션,강원도,평창군,봉평면,유포리,276-3 번지,버들개길,80-9 번,37.53611209,128.389513,25311.0,강원도 평창군 봉평면 버들개길 80-9,강원도 평창군 봉평면 유포리 276-3,033-332-0707,http://www.stargarden.co.kr,정보없음,정보없음,Y,변동,Y,해당없음,소형/중형,제한사항 없음,Y,Y,애견 동반 펜션,"10,000원",2022-11-30
별헤는집,반려동물업,반려동반여행,펜션,전라북도,전주시 완산구,동서학동,,166-3 번지,천경로,29-15 번,35.80905344,127.152775,55100.0,전라북도 전주시 완산구 천경로 29-15,전라북도 전주시 완산구 동서학동 166-3,,정보없음,정보없음,정보없음,Y,변동,N,해당없음,해당없음,해당없음,Y,Y,펜션,없음,2022-11-30
보라매공원 반려견놀이터,반려동물업,반려동반여행,여행지,서울특별시,동작구,신대방동,,722 번지,여의대방로20길,33 번,37.49489212,126.919491,7062.0,서울특별시 동작구 여의대방로20길 33,서울특별시 동작구 신대방동 722,02-2124-2835,정보없음,연중무휴,매일 00:00~24:00,Y,없음,Y,해당없음,모두 가능,"반려동물 등록, 목줄, 배변봉투, 맹견, 질병, 발정기인 경우 입장 불가",N,Y,"공원, 강아지놀이터, 13세 미만 보호자 동반 필수",없음,2022-11-30
보람공원,반려동물업,반려동반여행,여행지,부산광역시,강서구,송정동,,1718 번지,녹산산단262로14번길,20 번,35.08809388,128.843215,46757.0,부산광역시 강서구 녹산산단262로14번길 20,부산광역시 강서구 송정동 1718,,정보없음,연중무휴,매일 00:00~24:00,Y,없음,Y,해당없음,모두 가능,"목줄, 배변봉투",N,Y,공원,없음,2022-11-30
보령댐 물빛공원,반려동물업,반려동반여행,여행지,충청남도,보령시,주산면,동오리,5-3 번지,,,36.24905912,126.642054,33516.0,,충청남도 보령시 주산면 동오리 5-3,041-939-1217,정보없음,연중무휴,매일 00:00~24:00,Y,없음,Y,해당없음,모두 가능,"목줄, 배변봉투",N,Y,공원,없음,2022-11-30
보리나라 학원농장고창청보리밭,반려동물업,반려동반여행,여행지,전라북도,고창군,공음면,선동리,119-22 번지,학원농장길,158-6 번,35.37610431,126.54362,56462.0,전라북도 고창군 공음면 학원농장길 158-6,전라북도 고창군 공음면 선동리 산 119-22,063-563-9897,http://borinara.co.kr/shop/page.html?id=2,"매주 토, 일, 법정공휴일",일출~일몰,Y,없음,Y,해당없음,모두 가능,"목줄, 배변봉투",N,Y,관광지,없음,2022-11-30
보문관광단지,반려동물업,반려동반여행,여행지,경상북도,경주시,신평동,,375-7 번지,보문로,446 번,35.843698,129.286968,38117.0,경상북도 경주시 보문로 446,경상북도 경주시 신평동 375-7,054-745-7601,https://www.gyeongju.go.kr/tour/page.do?mnu_uid=2291&code_uid=1011&,법정공휴일,매일 09:00~18:00,Y,1000원,Y,해당없음,모두 가능,목줄,N,Y,관광지,없음,2022-11-30
보문사,반려동물업,반려동반여행,여행지,인천광역시,강화군,삼산면,매음리,629 번지,삼산남로828번길,44 번,37.68868904,126.321016,23007.0,인천광역시 강화군 삼산면 삼산남로828번길 44,인천광역시 강화군 삼산면 매음리 629,032-933-8271,http://www.bomunsa.me/,연중무휴,매일 09:00~18:00,Y,없음,Y,해당없음,3kg 이하 소형,"목줄, 이동 시 안기, 배변봉투, 입마개, 짖지 않도록 주의, 마애불 입장 불가",N,Y,관광지,없음,2022-11-30
보정동카페거리,반려동물업,반려동반여행,여행지,경기도,용인시 기흥구,보정동,,,,,37.32018778,127.113095,,,경기도 용인시 기흥구 보정동,,정보없음,연중무휴,매일 00:00~24:00,Y,없음,Y,해당없음,모두 가능,"목줄, 배변봉투",N,Y,관광지,없음,2022-11-30
보통저수지,반려동물업,반려동반여행,여행지,경기도,화성시,정남면,보통리,38 번지,,,37.19488325,126.974484,18516.0,,경기도 화성시 정남면 보통리 38,031-5189-6195,정보없음,연중무휴,매일 00:00~24:00,N,없음,Y,해당없음,모두 가능,"목줄, 배변봉투",N,Y,관광지,없음,2022-11-30
복골온천,반려동물업,반려동반여행,펜션,강원도,양양군,강현면,상복리,449 번지,복골길201번길,58 번,38.14257792,128.565528,25005.0,강원도 양양군 강현면 복골길201번길 58,강원도 양양군 강현면 상복리 449,033-671-4008,http://bokgoloc.co.kr/,연중무휴,매일 15:00~11:00,Y,변동,Y,해당없음,10kg 미만,제한사항 없음,Y,Y,"애견 동반 펜션, 사전문의 필수",없음,2022-11-30
복대공원,반려동물업,반려동반여행,여행지,충청북도,청주시 흥덕구,복대동,,42-1 번지,,,36.6359723,127.453777,28417.0,,충청북도 청주시 흥덕구 복대동 산 42-1,,정보없음,연중무휴,매일 00:00~24:00,N,없음,Y,해당없음,모두 가능,"목줄, 배변봉투",N,Y,공원,없음,2022-11-30
부곡산림욕장 유아숲체험원,반려동물업,반려동반여행,여행지,경기도,안산시 상록구,부곡동,,5-1 번지,,,37.34083789,126.882195,15275.0,,경기도 안산시 상록구 부곡동 산 5-1,031-481-2406,https://www.ggtour.or.kr/tourdb/goosuk.php?no=884&mode=detail,연중무휴,매일 00:00~24:00,Y,없음,Y,해당없음,모두 가능,"목줄, 배변봉투",N,Y,관광지,없음,2022-11-30
부락산문화공원,반려동물업,반려동반여행,여행지,경기도,평택시,지산동,,1263 번지,,,37.07128666,127.073845,17729.0,,경기도 평택시 지산동 1263,031-611-4559,https://www.pyeongtaek.go.kr/tour/contents.do?mId=0103060000,연중무휴,매일 00:00~24:00,Y,없음,Y,해당없음,모두 가능,"목줄, 배변봉투",N,Y,공원,없음,2022-11-30
부산 반딧불이펜션,반려동물업,반려동반여행,펜션,부산광역시,기장군,장안읍,기룡리,674 번지,기룡1길,43-6 번,35.35528689,129.25031,46028.0,부산광역시 기장군 장안읍 기룡1길 43-6,부산광역시 기장군 장안읍 기룡리 674,051-727-7105,http://xn--m01bq5ku5at1hoqjr3s.com/,연중무휴,매일 15:00~12:00,Y,변동,Y,해당없음,10kg 미만,객실당 최대 5마리,Y,Y,애견 동반 펜션,"10,000원",2022-11-30
부산 사직종합운동장 실내체육관 2층,반려동물업,반려동반여행,여행지,부산광역시,동래구,사직동,,930-2 번지,사직로,55-32 번,35.19231214,129.060681,47874.0,부산광역시 동래구 사직로 55-32,부산광역시 동래구 사직동 930-2,051-500-2121,https://www.busan.go.kr/stadium/sfcimplexindoors,연중무휴,매일 00:00~24:00,Y,없음,Y,해당없음,모두 가능,목줄,N,Y,관광지,없음,2022-11-30
부산시민공원,반려동물업,반려동반여행,여행지,부산광역시,부산진구,범전동,,200 번지,시민공원로,73 번,35.16545511,129.055854,47197.0,부산광역시 부산진구 시민공원로 73,부산광역시 부산진구 범전동 200,051-850-6000,https://www.citizenpark.or.kr/,연중무휴,매일 05:00~24:00,Y,없음,Y,해당없음,모두 가능,"목줄, 배변봉투",N,Y,공원,없음,2022-11-30
부산아시아드조각광장,반려동물업,반려동반여행,여행지,부산광역시,동래구,사직동,,930-2 번지,종합운동장로,29 번,35.19277099,129.063412,47874.0,부산광역시 동래구 종합운동장로 29,부산광역시 동래구 사직동 930-2,051-504-8001,https://www.busan.go.kr/news/storyreport/view?dataNo=63203,연중무휴,매일 00:00~24:00,Y,없음,Y,해당없음,모두 가능,목줄,N,Y,관광지,없음,2022-11-30
부산어린이대공원,반려동물업,반려동반여행,여행지,부산광역시,부산진구,초읍동,,43 번지,새싹로,295 번,35.18250474,129.046693,47100.0,부산광역시 부산진구 새싹로 295,부산광역시 부산진구 초읍동 43,051-861-7848,https://www.bisco.or.kr/bschildpark/,연중무휴,매일 00:00~24:00,Y,없음,Y,해당없음,모두 가능,"목줄, 배변봉투",N,Y,공원,없음,2022-11-30
부산요트투어,반려동물업,반려동반여행,여행지,부산광역시,해운대구,우동,,1393 번지,해운대해변로,84 번,35.15979857,129.141957,48090.0,부산광역시 해운대구 해운대해변로 84,부산광역시 해운대구 우동 1393,0507-1345-4444,http://yachtg.co.kr/default/,연중무휴,매일 11:00~23:00,Y,25000원,Y,해당없음,소형,제한사항 없음,N,Y,관광지,없음,2022-11-30
부소산성,반려동물업,반려동반여행,여행지,충청남도,부여군,부여읍,구아리,4 번지,부소로,31 번,36.28850088,126.912561,33136.0,충청남도 부여군 부여읍 부소로 31,충청남도 부여군 부여읍 구아리 산 4,041-830-2884,http://www.buyeo.go.kr/html/heritage/,연중무휴,"매일 3~10월 09:00~18:00, 11~2월 09:00~17:00",Y,2000원,Y,해당없음,모두 가능,목줄,N,Y,관광지,없음,2022-11-30
부송공원,반려동물업,반려동반여행,여행지,전라북도,익산시,부송동,,1079 번지,하나로10길,57-13 번,35.96244955,126.987165,54554.0,전라북도 익산시 하나로10길 57-13,전라북도 익산시 부송동 1079,,정보없음,연중무휴,매일 00:00~24:00,N,없음,Y,해당없음,모두 가능,목줄,N,Y,공원,없음,2022-11-30
부안 석란정펜션,반려동물업,반려동반여행,펜션,전라북도,부안군,진서면,석포리,306-2 번지,원암길,39-3 번,35.6091164,126.582658,56344.0,전라북도 부안군 진서면 원암길 39-3,전라북도 부안군 진서면 석포리 306-2,0507-1332-9781,https://blog.naver.com/su977,연중무휴,매일 14:00~11:00,Y,변동,Y,해당없음,3kg 미만,객실당 최대 1마리,Y,Y,애견 동반 펜션,"20,000원",2022-11-30
부엉이 애견펜션,반려동물업,반려동반여행,펜션,경기도,포천시,일동면,수입리,108-5 번지,윗갈기길,23-12 번,37.96795258,127.323697,11115.0,경기도 포천시 일동면 윗갈기길 23-12,경기도 포천시 일동면 수입리 108-5,0507-1327-9274,http://www.owlpension.co.kr,연중무휴,매일 15:00~11:00,Y,변동,Y,해당없음,15kg 미만,제한사항 없음,Y,Y,"애견 동반 펜션, 사전문의 필수","10,000원",2022-11-30
부천백만송이장미원,반려동물업,반려동반여행,여행지,경기도,부천시,도당동,,25-5 번지,성곡로63번길,99 번,37.51704947,126.793195,14481.0,경기도 부천시 성곡로63번길 99,경기도 부천시 도당동 산 25-5,032-320-3000,정보없음,연중무휴,매일 00:00~24:00,Y,없음,Y,해당없음,모두 가능,목줄,N,Y,관광지,없음,2022-11-30
부평 신트리공원,반려동물업,반려동반여행,여행지,인천광역시,부평구,부평동,,880 번지,신트리로,21 번,37.50658208,126.723638,21354.0,인천광역시 부평구 신트리로 21,인천광역시 부평구 부평동 880,032-509-6970,https://www.icbp.go.kr/tour/locinfo/park/parkDetail.do?loc_seq=5251&order=day&keyword=%EC%8B%A0%ED%8A%B8%EB%A6%AC%EA%B3%B5%EC%9B%90&listsz=10,연중무휴,매일 00:00~24:00,Y,없음,Y,해당없음,모두 가능,"목줄, 배변봉투",N,Y,공원,없음,2022-11-30
북면수변생태공원,반려동물업,반려동반여행,여행지,경상남도,창원시 의창구,북면,외산리,33 번지,,,35.37653874,128.612541,51100.0,,경상남도 창원시 의창구 북면 외산리 33,055-225-3707,정보없음,연중무휴,매일 00:00~24:00,Y,없음,Y,해당없음,모두 가능,"목줄, 배변봉투",N,Y,공원,없음,2022-11-30
북서울꿈의숲,반려동물업,반려동반여행,여행지,서울특별시,강북구,번동,,90 번지,월계로,173 번,37.62025446,127.044325,1228.0,서울특별시 강북구 월계로 173,서울특별시 강북구 번동 90,02-2289-4001,http://parks.seoul.go.kr/template/sub/dreamforest.do,연중무휴,매일 00:00~24:00,Y,없음,Y,해당없음,모두 가능,"목줄, 배변봉투",N,Y,관광지,없음,2022-11-30
북촌문화센터,반려동물업,반려동반여행,여행지,서울특별시,종로구,계동,,105 번지,계동길,37 번,37.57908833,126.986276,3059.0,서울특별시 종로구 계동길 37,서울특별시 종로구 계동 105,02-2133-1371,https://hanok.seoul.go.kr/front/kor/exp/expCenter.do?tab=1,연중무휴,"월~금 9:00~18:00, 토~일 9:00~17:00",Y,없음,Y,해당없음,소형,"목줄, 배변봉투",N,Y,관광지,없음,2022-11-30
분당중앙공원,반려동물업,반려동반여행,여행지,경기도,성남시 분당구,수내동,,65 번지,성남대로,550 번,37.38030766,127.121179,13598.0,경기도 성남시 분당구 성남대로 550,경기도 성남시 분당구 수내동 65,031-729-4907,정보없음,연중무휴,매일 00:00~24:00,Y,없음,Y,해당없음,모두 가능,"목줄, 배변봉투",N,Y,공원,없음,2022-11-30
불갑산상사화축제,반려동물업,반려동반여행,여행지,전라남도,영광군,불갑면,모악리,8 번지,불갑사로,450 번,35.19967508,126.550048,57058.0,전라남도 영광군 불갑면 불갑사로 450,전라남도 영광군 불갑면 모악리 8,061-350-5114,http://xn--vf4bnbz98ad4f37l.com/,연중무휴,매일 00:00~24:00,Y,없음,Y,해당없음,모두 가능,"목줄, 배변봉투",N,Y,관광지,없음,2022-11-30
불갑테마공원,반려동물업,반려동반여행,여행지,전라남도,영광군,불갑면,금계리,629-4 번지,,,35.21580886,126.52859,57058.0,,전라남도 영광군 불갑면 금계리 629-4,061-350-4613,https://www.yeonggwang.go.kr/tour2/?type=view&sc_t_type=&mn=7413&site=tour_2019&t_idx=4337,연중무휴,매일 00:00~24:00,Y,없음,Y,해당없음,소형,제한사항 없음,N,Y,공원,없음,2022-11-30
불당동유적공원,반려동물업,반려동반여행,여행지,충청남도,천안시 서북구,불당동,,815 번지,,,36.80488798,127.114338,31163.0,,충청남도 천안시 서북구 불당동 815,041-521-2774,정보없음,연중무휴,매일 00:00~24:00,Y,없음,Y,해당없음,모두 가능,"목줄, 배변봉투",N,Y,공원,없음,2022-11-30
불무공원,반려동물업,반려동반여행,여행지,충청북도,청주시 서원구,개신동,,690 번지,신율로,3 번,36.61833462,127.448739,28611.0,충청북도 청주시 서원구 신율로 3,충청북도 청주시 서원구 개신동 690,043-201-4432,정보없음,연중무휴,매일 00:00~24:00,N,없음,Y,해당없음,모두 가능,"목줄, 배변봉투",N,Y,공원,없음,2022-11-30
불무공원,반려동물업,반려동반여행,여행지,전라남도,무안군,무안읍,교촌리,127-21 번지,,,34.98936244,126.473656,58256.0,,전라남도 무안군 무안읍 교촌리 127-21,061-450-4084,정보없음,연중무휴,매일 00:00~24:00,Y,없음,Y,해당없음,모두 가능,"목줄, 배변봉투",N,Y,공원,없음,2022-11-30
뷰나인 펜션,반려동물업,반려동반여행,펜션,인천광역시,강화군,화도면,내리,2159-15 번지,해안남로,2709-8 번,37.63606628,126.378064,23060.0,인천광역시 강화군 화도면 해안남로 2709-8,인천광역시 강화군 화도면 내리 2159-15,0507-1355-4515,http://www.view9.co.kr/,연중무휴,매일 15:00~11:00,Y,변동,Y,해당없음,8kg 미만,제한사항 없음,Y,Y,애견 동반 펜션,"10,000원",2022-11-30
브로콜리펜션,반려동물업,반려동반여행,펜션,충청남도,보령시,웅천읍,관당리,996 번지,삼정골길,64 번,36.24964252,126.545119,33508.0,충청남도 보령시 웅천읍 삼정골길 64,충청남도 보령시 웅천읍 관당리 996,0507-1309-7479,http://www.broccolips.com,연중무휴,매일 14:00~11:00,Y,변동,Y,해당없음,모두 가능,"객실당 최대 소형 4마리 또는 중대형 2마리, 초대형견 입실 불가, 예약 시 견종 꼭 써야 함",Y,Y,애견 동반 펜션,없음,2022-11-30
블루베리,반려동물업,반려동반여행,펜션,충청남도,태안군,남면,몽산리,979 번지,우운길,56-17 번,36.68626351,126.281176,32152.0,충청남도 태안군 남면 우운길 56-17,충청남도 태안군 남면 몽산리 979,,http://www.myblueberry.co.kr,연중무휴,매일 15:00~11:00,Y,변동,Y,해당없음,소형,객실당 최대 2마리,Y,Y,애견 동반 펜션,"10,000원",2022-11-30
비내섬,반려동물업,반려동반여행,여행지,충청북도,충주시,앙성면,조천리,412 번지,,,37.10593291,127.815542,27301.0,,충청북도 충주시 앙성면 조천리 412,043-850-3612,https://www.chungju.go.kr/tour/contents.do?key=1184,연중무휴,매일 00:00~24:00,Y,없음,Y,해당없음,모두 가능,"목줄, 배변봉투",N,Y,관광지,없음,2022-11-30
비밀의숲,반려동물업,반려동반여행,여행지,제주특별자치도,제주시,구좌읍,송당리,2173 번지,,,33.45371325,126.755313,63355.0,,제주특별자치도 제주시 구좌읍 송당리 2173,0507-1323-4609,https://www.instagram.com/secretforest75/?hl=ko,연중무휴,매일 09:00~17:00,Y,3000원,Y,해당없음,소형,"목줄, 배변봉투",N,Y,관광지,없음,2022-11-30
비양도,반려동물업,반려동반여행,여행지,제주특별자치도,제주시,한림읍,한림리,1328-1 번지,한림해안로,146 번,33.41541966,126.26211,63032.0,제주특별자치도 제주시 한림읍 한림해안로 146,제주특별자치도 제주시 한림읍 한림리 1328-1,064-796-7522,https://www.visitjeju.net/u/9iP,연중무휴,매일 00:00~24:00,Y,없음,Y,해당없음,소형/중형,케이지 이용,N,Y,관광지,없음,2022-11-30
비쥬펜션,반려동물업,반려동반여행,펜션,충청남도,태안군,안면읍,중장리,2119-1 번지,꽃지해안로,177-12 번,36.48878293,126.340854,32166.0,충청남도 태안군 안면읍 꽃지해안로 177-12,충청남도 태안군 안면읍 중장리 2119-1,,http://www.bijoupension.kr/html/index.html,연중무휴,매일 15:00~11:00,Y,변동,Y,해당없음,10kg 이하,"입질, 공격성 심한 경우, 맹견 입실 불가, 매너벨트, 객실당 최대 2마리, 애견용품 개별준비",Y,Y,애견 동반 펜션,"10,000원",2022-11-30
비치하우스,반려동물업,반려동반여행,펜션,경상남도,거제시,장목면,대금리,425-1 번지,옥포대첩로,1358 번,34.971707,128.697259,53202.0,경상남도 거제시 장목면 옥포대첩로 1358,경상남도 거제시 장목면 대금리 425-1,0507-1410-5663,http://beachhouseps.com,연중무휴,매일 15:00~11:00,Y,변동,Y,해당없음,10kg 미만,"입질, 공격성 있는 경우 입장 제한, 최대 3마리",Y,Y,"애견 동반 펜션, 사전문의 필수","20,000원",2022-11-30
빈티지라디오하우스 애견펜션,반려동물업,반려동반여행,펜션,충청남도,태안군,안면읍,중장리,1477-27 번지,대야로,304-33 번,36.46387512,126.416331,32167.0,충청남도 태안군 안면읍 대야로 304-33,충청남도 태안군 안면읍 중장리 1477-27,0507-1426-1295,http://www.vradio.co.kr/,연중무휴,매일 15:00~11:00,Y,변동,Y,해당없음,9kg 이하,제한사항 없음,Y,Y,애견 동반 펜션,"10,000원",2022-11-30
빛가람호수공원,반려동물업,반려동반여행,여행지,전라남도,나주시,빛가람동,,346-1 번지,호수로,77 번,35.01683337,126.790436,58325.0,전라남도 나주시 호수로 77,전라남도 나주시 빛가람동 346-1,061-333-1501,https://www.naju.go.kr/tour/sights/nature/all?mode=view&idx=301,연중무휴,매일 00:00~24:00,Y,없음,Y,해당없음,모두 가능,"목줄, 배변봉투",N,Y,공원,없음,2022-11-30
사기막골 도예촌,반려동물업,반려동반여행,여행지,경기도,이천시,사음동,,509 번지,경충대로2993번길,56 번,37.2936788,127.411746,17308.0,경기도 이천시 경충대로2993번길 56,경기도 이천시 사음동 509,031-638-8388,http://sagimakgol.com/,연중무휴,매일 00:00~24:00,Y,없음,Y,해당없음,모두 가능,"목줄, 배변봉투",N,Y,관광지,없음,2022-11-30
사랑가펜션,반려동물업,반려동반여행,펜션,경상남도,남해군,상주면,상주리,1056-3 번지,남해대로,711 번,34.72434147,127.985587,52440.0,경상남도 남해군 상주면 남해대로 711,경상남도 남해군 상주면 상주리 1056-3,0507-1474-1155,http://www.sarang-ga.co.kr,연중무휴,매일 15:00~11:00,Y,변동,Y,해당없음,5kg 이하,제한사항 없음,Y,Y,애견 동반 펜션,없음,2022-11-30
사선대,반려동물업,반려동반여행,여행지,전라북도,임실군,관촌면,관촌리,222 번지,사선2길,68-7 번,35.67237536,127.274626,55909.0,전라북도 임실군 관촌면 사선2길 68-7,전라북도 임실군 관촌면 관촌리 222,063-640-2923,정보없음,연중무휴,매일 00:00~24:00,Y,없음,Y,해당없음,모두 가능,배변봉투,N,Y,관광지,없음,2022-11-30
사인암,반려동물업,반려동반여행,여행지,충청북도,단양군,대강면,사인암리,64 번지,,,36.89198626,128.343589,27028.0,,충청북도 단양군 대강면 사인암리 64,043-422-1146,http://danyang.go.kr/tour,연중무휴,매일 00:00~24:00,Y,없음,Y,해당없음,모두 가능,"목줄, 배변봉투",N,Y,관광지,없음,2022-11-30
사정소류지,반려동물업,반려동반여행,여행지,대전광역시,중구,사정동,,173-13 번지,사정공원로,173 번,36.29660676,127.397995,35056.0,대전광역시 중구 사정공원로 173,대전광역시 중구 사정동 173-13,,정보없음,연중무휴,매일 00:00~24:00,Y,없음,Y,해당없음,모두 가능,목줄,N,Y,관광지,없음,2022-11-30
산내들 펜션,반려동물업,반려동반여행,펜션,강원도,평창군,봉평면,유포리,276-2 번지,버들개길,80-11 번,37.53596855,128.389921,25311.0,강원도 평창군 봉평면 버들개길 80-11,강원도 평창군 봉평면 유포리 276-2,033-333-9980,http://www.sannaedlepension.co.kr/,연중무휴,매일 14:00~12:00,Y,변동,Y,해당없음,모두 가능,제한사항 없음,Y,Y,애견 동반 펜션,"10,000원",2022-11-30
산방산유람선,반려동물업,반려동반여행,여행지,제주특별자치도,서귀포시,안덕면,화순리,636-15 번지,화순해안로106번길,16 번,33.2369971,126.335235,63530.0,제주특별자치도 서귀포시 안덕면 화순해안로106번길 16,제주특별자치도 서귀포시 안덕면 화순리 636-15,064-792-1188,http://www.jejuyr.co.kr/,연중무휴,매일 11:00~15:20,Y,16000원,Y,해당없음,소형/중형,케이지 이용,N,Y,관광지,없음,2022-11-30
산수유마을,반려동물업,반려동반여행,여행지,전라남도,구례군,산동면,위안리,460 번지,위안월계길,6-12 번,35.33637681,127.485192,57605.0,전라남도 구례군 산동면 위안월계길 6-12,전라남도 구례군 산동면 위안리 460,061-783-9114,http://www.sansuyoo.net/,연중무휴,매일 00:00~24:00,Y,없음,Y,해당없음,모두 가능,"목줄, 배변봉투",N,Y,관광지,없음,2022-11-30
산울터 애견펜션,반려동물업,반려동반여행,펜션,경기도,포천시,이동면,장암리,14 번지,늠바위길,148-169 번,38.02546747,127.388128,11111.0,경기도 포천시 이동면 늠바위길 148-169,경기도 포천시 이동면 장암리 14,0507-1339-1803,http://sanulteo.net,연중무휴,매일 15:00~11:00,Y,변동,Y,해당없음,소형/중형,"입질, 공격성 있는 경우 입장 제한",Y,Y,"애견 동반 펜션, 사전문의 필수","10,000원",2022-11-30
산음자연휴양림,반려동물업,반려동반여행,펜션,경기도,양평군,단월면,산음리,산 124 번지,고북길,347 번,37.59613593,127.575206,12527.0,경기도 양평군 단월면 고북길 347,경기도 양평군 단월면 산음리 산 124,031-774-8113,https://www.foresttrip.go.kr/indvz/main.do?hmpgId=0103,매주 화요일,수~월 09:00~18:00,Y,변동,Y,해당없음,15kg 이하,제한사항 없음,Y,Y,"애견 동반 펜션, 놀이터, 사전문의 필수",없음,2022-11-30
산정호수,반려동물업,반려동반여행,여행지,경기도,포천시,영북면,산정리,191-1 번지,산정호수로411번길,108 번,38.0681783,127.323926,11103.0,경기도 포천시 영북면 산정호수로411번길 108,경기도 포천시 영북면 산정리 191-1,0507-1409-6135,http://www.sjlake.co.kr/,연중무휴,매일 00:00~24:00,Y,없음,Y,해당없음,모두 가능,"목줄, 배변봉투",N,Y,관광지,없음,2022-11-30
산타모니카펜션,반려동물업,반려동반여행,펜션,경상남도,거제시,거제면,소랑리,7 번지,거제남서로,3960 번,34.83521193,128.557169,53282.0,경상남도 거제시 거제면 거제남서로 3960,경상남도 거제시 거제면 소랑리 7,055-632-1571,http://www.santamonica.co.kr/,연중무휴,매일 14:00~11:00,Y,변동,N,해당없음,해당없음,해당없음,Y,Y,펜션,없음,2022-11-30
산타페펜션,반려동물업,반려동반여행,펜션,경상남도,거제시,장목면,율천리,1-1 번지,율천두모로,126 번,34.97653357,128.695149,53202.0,경상남도 거제시 장목면 율천두모로 126,경상남도 거제시 장목면 율천리 1-1,0507-1403-2613,http://ssantafe.modoo.at/,연중무휴,매일 15:00~11:00,Y,변동,Y,해당없음,10kg 미만,제한사항 없음,Y,Y,애견 동반 펜션,"10,000원",2022-11-30
산호공원,반려동물업,반려동반여행,여행지,경상남도,창원시 마산합포구,산호동,,531-1 번지,용마산길,136 번,35.21382384,128.582607,51334.0,경상남도 창원시 마산합포구 용마산길 136,경상남도 창원시 마산합포구 산호동 531-1,055-240-2720,http://culture.changwon.go.kr,연중무휴,매일 00:00~24:00,N,없음,Y,해당없음,모두 가능,"목줄, 배변봉투",N,Y,공원,없음,2022-11-30
삼례문화예술촌,반려동물업,반려동반여행,여행지,전라북도,완주군,삼례읍,후정리,247-1 번지,삼례역로,81-13 번,35.90623513,127.065854,55343.0,전라북도 완주군 삼례읍 삼례역로 81-13,전라북도 완주군 삼례읍 후정리 247-1,063-290-3862,http://www.samnyecav.kr/,매주 월요일,화~일 10:00~18:00,Y,2000원,Y,해당없음,모두 가능,목줄,N,Y,관광지,없음,2022-11-30
삼막애견공원,반려동물업,반려동반여행,여행지,경기도,안양시 만안구,석수동,,18 번지,,,37.42894581,126.914862,13912.0,,경기도 안양시 만안구 석수동 18,070-4140-4000,정보없음,매주 월요일,화~일 10:00~21:00,Y,없음,Y,해당없음,모두 가능,"목줄, 배변봉투",N,Y,"공원, 강아지놀이터",없음,2022-11-30
삼사해상공원,반려동물업,반려동반여행,여행지,경상북도,영덕군,강구면,삼사리,8-2 번지,해상공원길,120-11 번,36.35189221,129.384863,36460.0,경상북도 영덕군 강구면 해상공원길 120-11,경상북도 영덕군 강구면 삼사리 8-2,054-730-6398,https://tour.yd.go.kr/kor/sight/sightView.aspx?idx=254,연중무휴,매일 00:00~24:00,Y,없음,Y,해당없음,모두 가능,"목줄, 배변봉투",N,Y,공원,없음,2022-11-30
삼척해수욕장,반려동물업,반려동반여행,여행지,강원도,삼척시,갈천동,,14-8 번지,테마타운길,76 번,37.46842983,129.168334,25909.0,강원도 삼척시 테마타운길 76,강원도 삼척시 갈천동 14-8,033-570-4401,https://www.samcheok.go.kr/tour/01456/01462/02977.web,연중무휴,매일 00:00~24:00,Y,없음,Y,해당없음,소형/중형,"목줄, 배변봉투",N,Y,관광지,없음,2022-11-30
삼포해수욕장,반려동물업,반려동반여행,여행지,강원도,고성군,,삼포리,,,,38.31644595,128.512805,,,강원도 고성군 죽왕면 삼포리,033-680-3357,http://sampobeach.co.kr/,연중무휴,매일 06:00~24:00,Y,없음,Y,해당없음,소형/중형,목줄,N,Y,관광지,없음,2022-11-30
삼학도공원,반려동물업,반려동반여행,여행지,전라남도,목포시,산정동,,1481-4 번지,삼학로92번길,74 번,34.78233163,126.391466,58751.0,전라남도 목포시 삼학로92번길 74,전라남도 목포시 산정동 1481-4,061-270-3684,정보없음,연중무휴,매일 00:00~24:00,Y,없음,Y,해당없음,모두 가능,"목줄, 배변봉투",N,Y,공원,없음,2022-11-30
삽교호관광지,반려동물업,반려동반여행,여행지,충청남도,당진시,신평면,운정리,197-3 번지,삽교천3길,79 번,36.89061045,126.824411,31744.0,충청남도 당진시 신평면 삽교천3길 79,충청남도 당진시 신평면 운정리 197-3,041-363-6680,https://www.dangjin.go.kr/prog/tursmCn/tour/sub02_02_06/view.do?cntno=19,연중무휴,매일 00:00~24:00,Y,없음,Y,해당없음,모두 가능,"목줄, 배변봉투",N,Y,"관광지, 삽교호함상공원 09:00~18:00, 삽교호 놀이동산 10:00~22:00",없음,2022-11-30
삽교호호수공원,반려동물업,반려동반여행,여행지,충청남도,당진시,,운정리,,,,36.88304311,126.828608,31744.0,,충청남도 당진시 신평면 운정리,,정보없음,연중무휴,매일 00:00~24:00,Y,없음,Y,해당없음,모두 가능,목줄,N,Y,공원,없음,2022-11-30
상당산성,반려동물업,반려동반여행,여행지,충청북도,청주시 상당구,산성동,,159 번지,성내로118번길,1 번,36.66351734,127.542359,28312.0,충청북도 청주시 상당구 성내로118번길 1,충청북도 청주시 상당구 산성동 159,043-252-3291,정보없음,연중무휴,매일 00:00~24:00,Y,없음,Y,해당없음,소형/중형,"목줄, 케이지, 안기, 배변봉투",N,Y,관광지,없음,2022-11-30
상대근린공원,반려동물업,반려동반여행,여행지,대전광역시,유성구,상대동,,458-2 번지,상대서로68번길,5 번,36.34441607,127.331972,34198.0,대전광역시 유성구 상대서로68번길 5,대전광역시 유성구 상대동 458-2,,정보없음,연중무휴,매일 00:00~24:00,Y,없음,Y,해당없음,모두 가능,목줄,N,Y,공원,없음,2022-11-30
상동호수공원,반려동물업,반려동반여행,여행지,경기도,부천시,상동,,549 번지,조마루로,15 번,37.50244089,126.745241,14592.0,경기도 부천시 조마루로 15,경기도 부천시 상동 549,032-324-2019,http://www.sdlakepark2019.com,연중무휴,매일 00:00~24:00,Y,없음,Y,해당없음,모두 가능,목줄,N,Y,공원,없음,2022-11-30
상록수공원,반려동물업,반려동반여행,여행지,충청남도,당진시,송악읍,부곡리,566 번지,부곡공단로,275 번,36.96072929,126.78052,31721.0,충청남도 당진시 송악읍 부곡공단로 275,충청남도 당진시 송악읍 부곡리 566,041-350-4211,정보없음,연중무휴,매일 00:00~24:00,Y,없음,Y,해당없음,모두 가능,목줄,N,Y,공원,없음,2022-11-30
상소동산림욕장,반려동물업,반려동반여행,여행지,대전광역시,동구,상소동,,1-1 번지,산내로,714 번,36.23328708,127.472082,34712.0,대전광역시 동구 산내로 714,대전광역시 동구 상소동 산 1-1,042-273-4174,http://www.donggu.go.kr,연중무휴,매일 00:00~24:00,Y,없음,Y,해당없음,모두 가능,"목줄, 배변봉투",N,Y,관광지,없음,2022-11-30
상주곶감공원,반려동물업,반려동반여행,여행지,경상북도,상주시,외남면,소은리,441 번지,곶감공원길,59-12 번,36.37533503,128.102861,37259.0,경상북도 상주시 외남면 곶감공원길 59-12,경상북도 상주시 외남면 소은리 441,054-532-3010,https://www.sangju.go.kr/tour/sights/detail.tc?paramIdx=339,연중무휴,매일 00:00~24:00,Y,없음,Y,해당없음,모두 가능,"목줄, 배변봉투",N,Y,공원,없음,2022-11-30
상하농원,반려동물업,반려동반여행,여행지,전라북도,고창군,상하면,자룡리,1-2 번지,상하농원길,11-23 번,35.44773896,126.450371,56408.0,전라북도 고창군 상하면 상하농원길 11-23,전라북도 고창군 상하면 자룡리 산 1-2,1522-3698,http://www.sanghafarm.co.kr,연중무휴,매일 09:30~21:00,Y,9000원,Y,해당없음,모두 가능,목줄,N,Y,관광지,없음,2022-11-30
새만금무궁화공원,반려동물업,반려동반여행,여행지,전라북도,김제시,진봉면,심포리,2416 번지,새만금로,1502 번,35.8137592,126.482526,54300.0,전라북도 김제시 진봉면 새만금로 1502,전라북도 김제시 진봉면 심포리 2416,063-540-5886,정보없음,연중무휴,매일 00:00~24:00,Y,없음,Y,해당없음,모두 가능,목줄,N,Y,공원,없음,2022-11-30
새만금방조제,반려동물업,반려동반여행,여행지,전라북도,군산시,,비안도리,,,,35.73894516,126.455509,54000.0,,전라북도 군산시 옥도면 비안도리,063-584-6822,https://www.isaemangeum.co.kr/bbs/content.php?co_id=business02_01,연중무휴,매일 00:00~24:00,Y,없음,Y,해당없음,모두 가능,"목줄, 배변봉투",N,Y,관광지,없음,2022-11-30
새만금비응공원,반려동물업,반려동반여행,여행지,전라북도,군산시,비응도동,,36-7 번지,새만금북로,27 번,35.94388601,126.538986,54003.0,전라북도 군산시 새만금북로 27,전라북도 군산시 비응도동 36-7,063-454-3337,정보없음,연중무휴,매일 00:00~24:00,Y,없음,Y,해당없음,모두 가능,목줄,N,Y,공원,없음,2022-11-30
새만금유람선,반려동물업,반려동반여행,여행지,전라북도,군산시,옥도면,선유도리,90-1 번지,선유도3길,50 번,35.82376074,126.416379,54000.0,전라북도 군산시 옥도면 선유도3길 50,전라북도 군산시 옥도면 선유도리 90-1,0507-1328-1920,http://www.sunyoudocruise.co.kr/,연중무휴,매일 11:00~16:00,Y,16000원,Y,해당없음,소형,안기,N,Y,관광지,없음,2022-11-30
새벽종 펜션,반려동물업,반려동반여행,펜션,경기도,포천시,화현면,화현리,1129-6 번지,화동로348번길,38-120 번,37.89323889,127.30726,11123.0,경기도 포천시 화현면 화동로348번길 38-120,경기도 포천시 화현면 화현리 1129-6,,http://www.finebell.com,연중무휴,매일 15:00~11:00,Y,변동,Y,해당없음,모두 가능,제한사항 없음,Y,Y,"애견 동반 펜션, 사전문의 필수","10,000원",2022-11-30
새터산근린공원,반려동물업,반려동반여행,여행지,충청남도,계룡시,금암동,,11-1 번지,새터산길,11 번,36.27524985,127.251087,32823.0,충청남도 계룡시 새터산길 11,충청남도 계룡시 금암동 11-1,,정보없음,연중무휴,매일 00:00~24:00,N,없음,Y,해당없음,모두 가능,목줄,N,Y,공원,없음,2022-11-30
샌디애견하우스,반려동물업,반려동반여행,펜션,제주특별자치도,제주시,애월읍,수산리,20-1 번지,예원로,121 번,33.45954384,126.399422,63057.0,제주특별자치도 제주시 애월읍 예원로 121,제주특별자치도 제주시 애월읍 수산리 20-1,064-712-5275,http://www.sdhouse.kr,정보없음,정보없음,Y,변동,Y,해당없음,모두 가능,대형견 외부 공간만 가능,Y,Y,애견 동반 펜션,없음,2022-11-30
생각이나 펜션,반려동물업,반려동반여행,펜션,경기도,양평군,단월면,명성리,534-2 번지,명성길,128-4 번,37.62584047,127.636859,12526.0,경기도 양평군 단월면 명성길 128-4,경기도 양평군 단월면 명성리 534-2,031-771-8752,http://www.i-remember.co.kr/,연중무휴,매일 15:00~11:00,Y,변동,Y,해당없음,10kg 이하,제한사항 없음,Y,Y,"애견 동반 펜션, 사전문의 필수","10,000원",2022-11-30
생말체육공원,반려동물업,반려동반여행,여행지,전라북도,군산시,오식도동,,508-1 번지,분멀5길,29 번,35.96720988,126.570189,54005.0,전라북도 군산시 분멀5길 29,전라북도 군산시 오식도동 508-1,063-454-5572,정보없음,연중무휴,매일 00:00~24:00,Y,없음,Y,해당없음,모두 가능,목줄,N,Y,공원,없음,2022-11-30
서곡공원,반려동물업,반려동반여행,여행지,전라북도,전주시 완산구,효자5동,,1485 번지,세내로,494 번,35.83176796,127.104652,54956.0,전라북도 전주시 완산구 세내로 494,전라북도 전주시 완산구 효자동3가 1485,063-281-2107,정보없음,연중무휴,매일 00:00~24:00,N,없음,Y,해당없음,모두 가능,"목줄, 배변봉투",N,Y,공원,없음,2022-11-30
서귀포 제주앓이 펜션,반려동물업,반려동반여행,펜션,제주특별자치도,서귀포시,강정동,,1959-1 번지,일주서로,166-56 번,33.25513164,126.491511,63558.0,제주특별자치도 서귀포시 일주서로 166-56,제주특별자치도 서귀포시 강정동 1959-1,0507-1348-6846,http://jejuarri.com/,연중무휴,매일 16:00~11:00,Y,변동,Y,해당없음,소형,"객실당 최대 3마리, 목줄, 애견용품 개별준비",Y,Y,애견 동반 펜션,"30,000원",2022-11-30
서귀포 청 리조트,반려동물업,반려동반여행,펜션,제주특별자치도,서귀포시,강정동,,1338 번지,중산간서로157번길,68 번,33.25572265,126.497029,63558.0,제주특별자치도 서귀포시 중산간서로157번길 68,제주특별자치도 서귀포시 강정동 1338,0507-1314-1338,https://www.instagram.com/resortcheong.jeju/,연중무휴,매일 16:00~11:00,Y,변동,Y,해당없음,모두 가능,객실당 최대 2마리,Y,Y,애견 동반 펜션,"5,000원",2022-11-30
서귀포 캠파제주,반려동물업,반려동반여행,펜션,제주특별자치도,서귀포시,상효동,,1116-1 번지,516로,574-23 번,33.29839473,126.600751,63602.0,제주특별자치도 서귀포시 516로 574-23,제주특별자치도 서귀포시 상효동 1116-1,064-767-1253,http://xn--9y5b2pk9kn7e.kr/,연중무휴,매일 15:00~11:00,Y,변동,Y,해당없음,5kg 미만,"객실당 최대 1마리, 대형견 불가, 애견용품 개별준비",Y,Y,애견 동반 펜션,"20,000원",2022-11-30
서귀포칠십리시공원,반려동물업,반려동반여행,여행지,제주특별자치도,서귀포시,서홍동,,2005 번지,현청로,41-19 번,33.26692553,126.554547,63578.0,제주특별자치도 서귀포시 현청로 41-19,제주특별자치도 서귀포시 서홍동 2005,064-740-6000,https://www.visitjeju.net/kr/detail/view?contentsid=CNTS_000000000018447,연중무휴,매일 00:00~24:00,Y,없음,Y,해당없음,모두 가능,"목줄, 배변봉투",N,Y,공원,없음,2022-11-30
서귀포해양도립공원,반려동물업,반려동반여행,여행지,제주특별자치도,서귀포시,서홍동,,731-2 번지,남성로128번길,13 번,33.24177641,126.555968,63594.0,제주특별자치도 서귀포시 남성로128번길 13,제주특별자치도 서귀포시 서홍동 731-2,064-760-2911,정보없음,연중무휴,매일 00:00~24:00,Y,없음,Y,해당없음,소형/중형,제한사항 없음,N,Y,공원,없음,2022-11-30
서당골근린공원,반려동물업,반려동반여행,여행지,대전광역시,유성구,죽동,,682 번지,,,36.37023325,127.331892,34097.0,,대전광역시 유성구 죽동 682,,정보없음,연중무휴,매일 00:00~24:00,N,없음,Y,해당없음,모두 가능,목줄,N,Y,공원,없음,2022-11-30
서동공원,반려동물업,반려동반여행,여행지,전라북도,익산시,금마면,동고도리,534-3 번지,고도9길,41-14 번,36.00153176,127.057071,54572.0,전라북도 익산시 금마면 고도9길 41-14,전라북도 익산시 금마면 동고도리 534-3,063-836-7461,https://www.iksan.go.kr/tour/index.iksan,연중무휴,매일 00:00~24:00,Y,없음,Y,해당없음,모두 가능,"목줄, 배변봉투",N,Y,공원,없음,2022-11-30
서동요테마파크,반려동물업,반려동반여행,여행지,충청남도,부여군,충화면,가화리,270 번지,충신로,616 번,36.14524994,126.823664,33213.0,충청남도 부여군 충화면 충신로 616,충청남도 부여군 충화면 가화리 270,041-832-9913,https://buyeo.go.kr/html/tour/info/info_010109.html,매주 월요일,"화~일 하절기 09:00~18:00, 동절기 09:00~17:00",Y,2000원,Y,해당없음,모두 가능,"목줄, 배변봉투",N,Y,관광지,없음,2022-11-30
서산유기방가옥,반려동물업,반려동반여행,여행지,충청남도,서산시,운산면,여미리,203-1 번지,이문안길,72-10 번,36.8246914,126.573356,31943.0,충청남도 서산시 운산면 이문안길 72-10,충청남도 서산시 운산면 여미리 203-1,041-663-4326,정보없음,연중무휴,매일 07:00~19:00,Y,5000원,Y,해당없음,모두 가능,"목줄, 배변봉투",N,Y,관광지,없음,2022-11-30
서산휴게소 반려견놀이터,반려동물업,반려동반여행,여행지,충청남도,서산시,해미면,삼송리,119 번지,서해안고속도로,241 번,36.74290504,126.565021,31954.0,충청남도 서산시 해미면 서해안고속도로 241,충청남도 서산시 해미면 삼송리 119,041-688-8814,정보없음,연중무휴,매일 00:00~24:00,Y,없음,Y,해당없음,소형/중형,"목줄, 배변봉투",N,Y,관광지,없음,2022-11-30
서우봉,반려동물업,반려동반여행,여행지,제주특별자치도,제주시,조천읍,함덕리,169-1 번지,,,33.54536404,126.677541,63333.0,,제주특별자치도 제주시 조천읍 함덕리 169-1,064-783-8014,정보없음,연중무휴,매일 00:00~24:00,Y,없음,Y,해당없음,소형/중형,목줄,N,Y,관광지,없음,2022-11-30
서울숲,반려동물업,반려동반여행,여행지,서울특별시,성동구,성수1가1동,,685-20 번지,뚝섬로,273 번,37.54307015,127.041799,4770.0,서울특별시 성동구 뚝섬로 273,서울특별시 성동구 성수동1가 685-20,02-460-2905,http://seoulforest.or.kr/,연중무휴,매일 05:30~21:30,Y,없음,Y,해당없음,모두 가능,"목줄, 배변봉투",N,Y,공원,없음,2022-11-30
서울식물원,반려동물업,반려동반여행,여행지,서울특별시,강서구,마곡동,,812 번지,마곡동로,161 번,37.57224441,126.832843,7789.0,서울특별시 강서구 마곡동로 161,서울특별시 강서구 마곡동 812,02-2104-9716,https://botanicpark.seoul.go.kr/front/main.do,연중무휴,매일 09:30~18:00,Y,5000원,Y,해당없음,모두 가능,"목줄, 배변봉투",N,Y,관광지,없음,2022-11-30
서피비치,반려동물업,반려동반여행,여행지,강원도,양양군,현북면,중광정리,508 번지,하조대해안길,119 번,38.02775348,128.717521,25046.0,강원도 양양군 현북면 하조대해안길 119,강원도 양양군 현북면 중광정리 508,1522-2729,http://www.surfyy.com/,연중무휴,매일 09:00~20:00,Y,변동,Y,해당없음,소형,"목줄, 배변봉투, 입마개 필수, 맹견 목줄 및 입마개 필수",N,Y,관광지,없음,2022-11-30
서현근린공원,반려동물업,반려동반여행,여행지,충청북도,청주시 흥덕구,가경동,,1804 번지,서현서로,5 번,36.61843674,127.428714,28383.0,충청북도 청주시 흥덕구 서현서로 5,충청북도 청주시 흥덕구 가경동 1804,043-201-4433,정보없음,연중무휴,매일 00:00~24:00,N,없음,Y,해당없음,모두 가능,"목줄, 배변봉투",N,Y,공원,없음,2022-11-30
서호공원,반려동물업,반려동반여행,여행지,경기도,수원시 팔달구,화서동,,436-1 번지,,,37.27846937,126.989348,16432.0,,경기도 수원시 팔달구 화서동 436-1,,정보없음,연중무휴,매일 00:00~24:00,Y,없음,Y,해당없음,모두 가능,"목줄, 배변봉투",N,Y,공원,없음,2022-11-30
석모도 박정아펜션,반려동물업,반려동반여행,펜션,인천광역시,강화군,삼산면,매음리,1046-9 번지,어류정길212번길,86-6 번,37.65528671,126.328586,23007.0,인천광역시 강화군 삼산면 어류정길212번길 86-6,인천광역시 강화군 삼산면 매음리 1046-9,0507-1318-4888,http://www.janggoo.com,연중무휴,매일 14:00~11:00,Y,변동,Y,해당없음,8kg 이하,제한사항 없음,Y,Y,애견 동반 펜션,"20,000원",2022-11-30
선암계곡,반려동물업,반려동반여행,여행지,충청북도,단양군,,가산리,,,,36.89027004,128.303006,27026.0,,충청북도 단양군 단성면 가산리,043-420-3544,https://www.danyang.go.kr/tour/527,연중무휴,매일 00:00~24:00,Y,없음,Y,해당없음,모두 가능,"목줄, 배변봉투",N,Y,관광지,없음,2022-11-30
선암호수공원,반려동물업,반려동반여행,여행지,울산광역시,남구,선암동,,490-2 번지,,,35.51656054,129.325495,44668.0,,울산광역시 남구 선암동 490-2,052-226-4853,https://www.ulsannamgu.go.kr/seonamlp/main.do,연중무휴,매일 00:00~24:00,Y,없음,Y,해당없음,모두 가능,"목줄, 배변봉투",N,Y,공원,없음,2022-11-30
선운사,반려동물업,반려동반여행,여행지,전라북도,고창군,아산면,삼인리,500 번지,선운사로,250 번,35.49769748,126.579517,56452.0,전라북도 고창군 아산면 선운사로 250,전라북도 고창군 아산면 삼인리 500,063-561-1422,http://www.seonunsa.org/,연중무휴,매일 05:00~20:00,Y,4000원,Y,해당없음,소형,"목줄, 안기, 배변봉투",N,Y,관광지,없음,2022-11-30
선유도,반려동물업,반려동반여행,여행지,전라북도,군산시,옥도면,선유도리,115-1 번지,선유도1길,106-2 번,35.82310508,126.413288,54000.0,전라북도 군산시 옥도면 선유도1길 106-2,전라북도 군산시 옥도면 선유도리 115-1,063-465-5186,정보없음,연중무휴,매일 00:00~24:00,N,없음,Y,해당없음,모두 가능,목줄,N,Y,관광지,없음,2022-11-30
선유도근린공원,반려동물업,반려동반여행,여행지,서울특별시,영등포구,당산동,,1 번지,선유로,343 번,37.54238323,126.901819,7200.0,서울특별시 영등포구 선유로 343,서울특별시 영등포구 당산동 1,02-2631-9368,http://parks.seoul.go.kr/seonyudo,연중무휴,매일 06:00~24:00,Y,없음,Y,해당없음,모두 가능,"목줄, 배변봉투",N,Y,공원,없음,2022-11-30
선장포노을공원,반려동물업,반려동반여행,여행지,충청남도,아산시,선장면,군덕리,429-14 번지,선장로,121-10 번,36.79035342,126.859595,31546.0,충청남도 아산시 선장면 선장로 121-10,충청남도 아산시 선장면 군덕리 429-14,070-7797-0104,정보없음,연중무휴,매일 00:00~24:00,Y,없음,Y,해당없음,모두 가능,"목줄, 배변봉투",N,Y,공원,없음,2022-11-30
선재도 아리랑힐 호텔 리조트,반려동물업,반려동반여행,펜션,인천광역시,옹진군,영흥면,선재리,642-2 번지,선재로,318-38 번,37.25477277,126.516845,23122.0,인천광역시 옹진군 영흥면 선재로 318-38,인천광역시 옹진군 영흥면 선재리 642-2,032-880-1771,https://blog.naver.com/ablash,연중무휴,매일 15:00~11:00,Y,변동,Y,해당없음,8kg 이하,제한사항 없음,Y,Y,애견 동반 펜션,"10,000원",2022-11-30
선재도 종이학펜션,반려동물업,반려동반여행,펜션,인천광역시,옹진군,영흥면,선재리,487-21 번지,선재로186번길,78 번,37.24858338,126.525963,23123.0,인천광역시 옹진군 영흥면 선재로186번길 78,인천광역시 옹진군 영흥면 선재리 487-21,032-889-5577,http://www.jongihak.kr/,연중무휴,매일 15:00~11:00,Y,변동,Y,해당없음,7kg 미만,객실당 최대 2마리,Y,Y,애견 동반 펜션,"10,000원",2022-11-30
설봉공원,반려동물업,반려동반여행,여행지,경기도,이천시,관고동,,418-2 번지,,,37.27541532,127.42743,17379.0,,경기도 이천시 관고동 418-2,031-644-2645,https://www.icheon.go.kr/tour/contents.do?key=3813,연중무휴,매일 00:00~24:00,Y,없음,Y,해당없음,모두 가능,"목줄, 배변봉투",N,Y,공원,없음,2022-11-30
설악해맞이공원관광안내소,반려동물업,반려동반여행,여행지,강원도,속초시,대포동,,178-9 번지,동해대로,3664 번,38.16315084,128.608531,24902.0,강원도 속초시 동해대로 3664,강원도 속초시 대포동 178-9,033-639-2365,https://sokchotour.com/tour,연중무휴,매일 09:00~18:00,Y,없음,Y,해당없음,모두 가능,목줄,N,Y,공원,없음,2022-11-30
설악해수욕장,반려동물업,반려동반여행,여행지,강원도,양양군,강현면,전진리,66-8 번지,뒷나루2길,5-4 번,38.12933371,128.622943,25004.0,강원도 양양군 강현면 뒷나루2길 5-4,강원도 양양군 강현면 전진리 66-8,033-670-2787,정보없음,연중무휴,매일 00:00~24:00,Y,없음,Y,해당없음,모두 가능,목줄,N,Y,관광지,없음,2022-11-30
섬마을펜션,반려동물업,반려동반여행,펜션,경상남도,거제시,일운면,구조라리,736 번지,거제대로,1988-10 번,34.81148899,128.68352,53329.0,경상남도 거제시 일운면 거제대로 1988-10,경상남도 거제시 일운면 구조라리 736,0507-1303-6343,http://www.sometown2u.com/,연중무휴,매일 15:00~11:00,Y,변동,Y,해당없음,소형,제한사항 없음,Y,Y,"애견 동반 펜션, 사전문의 필수","20,000원",2022-11-30
섬진강대나무숲길,반려동물업,반려동반여행,여행지,전라남도,구례군,구례읍,원방리,1 번지,,,35.18630767,127.465293,57659.0,,전라남도 구례군 구례읍 원방리 1,070-8655-9169,https://www.gurye.go.kr/tour/detail.do?tourId=TOUR_0000000044&menuNo=101001005000,연중무휴,매일 00:00~24:00,Y,없음,Y,해당없음,모두 가능,"목줄, 배변봉투",N,Y,관광지,없음,2022-11-30
성곡반려견놀이터,반려동물업,반려동반여행,여행지,경기도,안산시 단원구,성곡동,,696 번지,,,37.32350549,126.736686,15423.0,,경기도 안산시 단원구 성곡동 696,031-481-3647,정보없음,"설, 추석 연휴, 매주 월요일",화~일 10:00~19:00,Y,없음,Y,해당없음,모두 가능,"반려동물 등록, 접종 필수, 목줄, 배변봉투",N,Y,"관광지, 13세 미만 보호자 동반 필수",없음,2022-11-30
성산공원,반려동물업,반려동반여행,여행지,전라북도,김제시,교동,,38-2 번지,향교길,89-22 번,35.80106387,126.879348,54387.0,전라북도 김제시 향교길 89-22,전라북도 김제시 교동 38-2,063-540-3224,정보없음,연중무휴,매일 00:00~24:00,Y,없음,Y,해당없음,모두 가능,목줄,N,Y,공원,없음,2022-11-30
성산공원,반려동물업,반려동반여행,여행지,전라남도,여수시,화장동,,949 번지,화산로,89 번,34.77438325,127.647573,59642.0,전라남도 여수시 화산로 89,전라남도 여수시 화장동 949,,정보없음,연중무휴,매일 00:00~24:00,Y,없음,Y,해당없음,모두 가능,"목줄, 배변봉투",N,Y,공원,없음,2022-11-30
성산일출봉 펜션,반려동물업,반려동반여행,펜션,제주특별자치도,서귀포시,성산읍,성산리,154-2 번지,일출로,271 번,33.46200674,126.934035,63643.0,제주특별자치도 서귀포시 성산읍 일출로 271,제주특별자치도 서귀포시 성산읍 성산리 154-2,064-782-2204,https://seongsan1.modoo.at/?link=4bliit5b,연중무휴,매일 15:00~11:00,Y,변동,N,해당없음,해당없음,해당없음,Y,Y,펜션,없음,2022-11-30
세계꽃식물원,반려동물업,반려동반여행,여행지,충청남도,아산시,도고면,봉농리,576 번지,아산만로,37-37 번,36.75038367,126.859136,31549.0,충청남도 아산시 도고면 아산만로 37-37,충청남도 아산시 도고면 봉농리 576,041-544-0746,http://liaf.kr/,연중무휴,매일 9:00~18:00,Y,8000원,Y,해당없음,소형/중형,목줄,N,Y,관광지,없음,2022-11-30
세미래공원,반려동물업,반려동반여행,여행지,대전광역시,유성구,반석동,,115-1 번지,반석서로83번길,43-18 번,36.39756458,127.308018,34066.0,대전광역시 유성구 반석서로83번길 43-18,대전광역시 유성구 반석동 115-1,,정보없음,연중무휴,매일 00:00~24:00,Y,없음,Y,해당없음,모두 가능,목줄,N,Y,공원,없음,2022-11-30
세방낙조 전망대,반려동물업,반려동반여행,여행지,전라남도,진도군,지산면,가학리,27-3 번지,,,34.440381,126.102227,58952.0,,전라남도 진도군 지산면 가학리 산 27-3,061-544-0151,정보없음,연중무휴,매일 00:00~24:00,Y,없음,Y,해당없음,모두 가능,"목줄, 배변봉투",N,Y,관광지,없음,2022-11-30
세병공원,반려동물업,반려동반여행,여행지,전라북도,전주시 덕진구,,,,,,35.87257775,127.130322,54825.0,,전라북도 전주시 덕진구 송천동2가,063-222-1000,https://deokjingu.jeonju.go.kr/,연중무휴,매일 00:00~24:00,Y,없음,Y,해당없음,모두 가능,"목줄, 배변봉투",N,Y,공원,없음,2022-11-30
세인트펜션,반려동물업,반려동반여행,펜션,경기도,포천시,신북면,덕둔리,598 번지,청신로,693 번,37.97008973,127.11349,11137.0,경기도 포천시 신북면 청신로 693,경기도 포천시 신북면 덕둔리 598,031-535-1482,http://www.포천펜션.com/,연중무휴,매일 15:00~11:00,Y,변동,Y,해당없음,모두 가능,제한사항 없음,Y,Y,"애견 동반 펜션, 사전문의 필수","10,000원",2022-11-30
소노펫 클럽앤리조트 비발디파크,반려동물업,반려동반여행,펜션,강원도,홍천군,서면,팔봉리,1290-2 번지,한치골길,262 번,37.65233706,127.687335,25102.0,강원도 홍천군 서면 한치골길 262,강원도 홍천군 서면 팔봉리 1290-2,1588-4888,https://www.sonohotelsresorts.com/daemyung.vp.sonopet.pet_randing.ds/dmparse.dm,연중무휴,매일 15:00~11:00,Y,변동,Y,해당없음,45kg 이하,"입질, 공격성 있는 경우 입장 제한",Y,Y,"애견 동반 펜션, 사전문의 필수","30,000원",2022-11-30
소담공원,반려동물업,반려동반여행,여행지,부산광역시,강서구,신호동,,263 번지,,,35.08005304,128.879051,46759.0,,부산광역시 강서구 신호동 263,,정보없음,연중무휴,매일 00:00~24:00,Y,없음,Y,해당없음,모두 가능,"목줄, 배변봉투",N,Y,공원,없음,2022-11-30
소라실근린공원,반려동물업,반려동반여행,여행지,대전광역시,유성구,지족동,,994 번지,지족로328번길,14-11 번,36.38676917,127.312532,34076.0,대전광역시 유성구 지족로328번길 14-11,대전광역시 유성구 지족동 994,,정보없음,연중무휴,매일 00:00~24:00,Y,없음,Y,해당없음,모두 가능,목줄,N,Y,공원,없음,2022-11-30
소라잡는댕댕이펜션,반려동물업,반려동반여행,펜션,충청남도,태안군,안면읍,창기리,1401-30 번지,삼봉길,153 번,36.56927096,126.321098,32162.0,충청남도 태안군 안면읍 삼봉길 153,충청남도 태안군 안면읍 창기리 1401-30,0507-1363-9945,https://page.yapen.co.kr/45795,연중무휴,매일 15:00~11:00,Y,변동,Y,해당없음,10kg 이하,"객실당 최대 3마리, 맹견 입실 불가, 애견용품 개별준비",Y,Y,애견 동반 펜션,없음,2022-11-30
소래습지생태공원,반려동물업,반려동반여행,여행지,인천광역시,남동구,논현동,,1-17 번지,소래로154번길,77 번,37.40736482,126.746337,21619.0,인천광역시 남동구 소래로154번길 77,인천광역시 남동구 논현동 1-17,032-435-7076,정보없음,연중무휴,매일 04:00~23:00,Y,없음,Y,해당없음,소형,목줄,N,Y,공원,없음,2022-11-30
소래포구,반려동물업,반려동반여행,여행지,인천광역시,남동구,논현동,,111-200 번지,,,37.39878118,126.740651,21672.0,,인천광역시 남동구 논현동 111-200,,http://www.soraepogu.net/,연중무휴,매일 08:00~21:00,Y,없음,Y,해당없음,모두 가능,"목줄, 배변봉투",N,Y,관광지,없음,2022-11-30
소룡동시민체육공원,반려동물업,반려동반여행,여행지,전라북도,군산시,소룡동,,237-1 번지,,,35.9831498,126.675978,54008.0,,전라북도 군산시 소룡동 237-1,,정보없음,연중무휴,매일 00:00~24:00,Y,없음,Y,해당없음,모두 가능,목줄,N,Y,공원,없음,2022-11-30
소리공원,반려동물업,반려동반여행,여행지,전라북도,완주군,이서면,갈산리,648 번지,,,35.83624388,127.054978,55365.0,,전라북도 완주군 이서면 갈산리 648,063-290-3812,정보없음,연중무휴,매일 00:00~24:00,N,없음,Y,해당없음,모두 가능,"목줄, 배변봉투",N,Y,공원,없음,2022-11-30
소리산자연마당,반려동물업,반려동반여행,여행지,전라북도,익산시,영등동,,291-116 번지,고봉로5길,7 번,35.95331977,126.968089,54634.0,전라북도 익산시 고봉로5길 7,전라북도 익산시 영등동 291-116,063-859-5892,정보없음,연중무휴,매일 00:00~24:00,Y,없음,Y,해당없음,모두 가능,목줄,N,Y,관광지,없음,2022-11-30
소인국 테마파크,반려동물업,반려동반여행,여행지,제주특별자치도,서귀포시,안덕면,서광리,725 번지,중산간서로,1878 번,33.29064522,126.322195,63522.0,제주특별자치도 서귀포시 안덕면 중산간서로 1878,제주특별자치도 서귀포시 안덕면 서광리 725,064-793-5400,www.soingook.com,연중무휴,매일 09:00~17:30,Y,12000원,Y,해당없음,소형/중형,케이지 이용,N,Y,관광지,없음,2022-11-30
소태근린공원,반려동물업,반려동반여행,여행지,대전광역시,서구,도안동,,1368 번지,,,36.31705996,127.346609,35366.0,,대전광역시 서구 도안동 1368,,정보없음,연중무휴,매일 00:00~24:00,N,없음,Y,해당없음,모두 가능,목줄,N,Y,공원,없음,2022-11-30
소풍정원캠핑장,반려동물업,반려동반여행,여행지,경기도,평택시,고덕면,궁리,424-39 번지,새악길,43-42 번,37.01172048,127.01973,17924.0,경기도 평택시 고덕면 새악길 43-42,경기도 평택시 고덕면 궁리 424-39,031-668-4815,https://www.pyeongtaek.go.kr/camp/main.do,연중무휴,매일 14:00~11:00,Y,없음,Y,해당없음,소형/중형,"목줄, 배변봉투",N,Y,관광지,없음,2022-11-30
소호동동다리,반려동물업,반려동반여행,여행지,전라남도,여수시,소호동,,498-1 번지,,,34.74040129,127.650588,59670.0,,전라남도 여수시 소호동 498-1,061-659-3971,정보없음,연중무휴,매일 00:00~24:00,Y,없음,Y,해당없음,모두 가능,"목줄, 배변봉투",N,Y,관광지,없음,2022-11-30
속초 아바이마을,반려동물업,반려동반여행,여행지,강원도,속초시,청호동,,1076 번지,청호로,122 번,38.20061796,128.594807,24884.0,강원도 속초시 청호로 122,강원도 속초시 청호동 1076,033-633-3171,http://www.abai.co.kr/,연중무휴,매일 00:00~24:00,Y,없음,Y,해당없음,소형,목줄,N,Y,관광지,없음,2022-11-30
속초애견펜션 양양빈티지하우스,반려동물업,반려동반여행,펜션,강원도,양양군,손양면,수산리,70 번지,수산2길,16-11 번,38.07796647,128.671523,25042.0,강원도 양양군 손양면 수산2길 16-11,강원도 양양군 손양면 수산리 70,,http://vintagehouseps.com,연중무휴,매일 15:00~11:00,Y,변동,Y,해당없음,13kg 이하,"입질, 공격성 있는 경우 입장 제한",Y,Y,"애견 동반 펜션, 사전문의 필수","20,000원",2022-11-30
속초애견펜션 양양해피플레이스,반려동물업,반려동반여행,펜션,강원도,양양군,강현면,중복리,109-2 번지,중복골길,11 번,38.14120923,128.57276,25005.0,강원도 양양군 강현면 중복골길 11,강원도 양양군 강현면 중복리 109-2,,http://happyplacepension.co.kr/,연중무휴,매일 15:00~11:00,Y,변동,Y,해당없음,10kg 미만,제한사항 없음,Y,Y,"애견 동반 펜션, 사전문의 필수, 애견수영장, 추가인원 20,000원","10,000원",2022-11-30
속초해수욕장,반려동물업,반려동반여행,여행지,강원도,속초시,조양동,,,,,38.18764605,128.590848,,,강원도 속초시 조양동,033-639-2027,https://www.sokchotour.com/,연중무휴,매일 06:00~24:00,Y,없음,Y,해당없음,모두 가능,목줄,N,Y,관광지,없음,2022-11-30
솔바람공원,반려동물업,반려동반여행,여행지,전라북도,전주시 완산구,효자4동,,1200-1 번지,우전로,130 번,35.80638976,127.099521,55065.0,전라북도 전주시 완산구 우전로 130,전라북도 전주시 완산구 효자동2가 1200-1,,정보없음,연중무휴,매일 00:00~24:00,Y,없음,Y,해당없음,모두 가능,목줄,N,Y,공원,없음,2022-11-30
솔밭공원,반려동물업,반려동반여행,여행지,충청북도,청주시 흥덕구,송정동,,140-61 번지,대신로,157 번,36.64662731,127.434941,28436.0,충청북도 청주시 흥덕구 대신로 157,충청북도 청주시 흥덕구 송정동 140-61,043-201-4433,정보없음,연중무휴,매일 00:00~24:00,Y,없음,Y,해당없음,모두 가능,"목줄, 배변봉투",N,Y,공원,없음,2022-11-30
솔펜션,반려동물업,반려동반여행,펜션,제주특별자치도,제주시,구좌읍,종달리,722 번지,해맞이해안로,2478 번,33.48598565,126.901797,63364.0,제주특별자치도 제주시 구좌읍 해맞이해안로 2478,제주특별자치도 제주시 구좌읍 종달리 722,0503-5059-1598,http://solpension.com/,연중무휴,매일 16:00~11:00,Y,변동,Y,해당없음,13kg 이하,객실당 최대 2마리,Y,Y,애견 동반 펜션,"10,000원",2022-11-30
솔푸른향기펜션,반려동물업,반려동반여행,펜션,충청남도,태안군,안면읍,창기리,1523-2 번지,수해길,85-71 번,36.60023225,126.350279,32161.0,충청남도 태안군 안면읍 수해길 85-71,충청남도 태안군 안면읍 창기리 1523-2,0507-1391-5929,http://www.ssolblue.co.kr/,연중무휴,매일 15:00~11:00,Y,변동,Y,해당없음,소형/중형,"입질, 공격성 심한 경우, 맹견 입실 불가, 객실당 최대 소형 4마리 또는 중형 2마리",Y,Y,애견 동반 펜션,"10,000원",2022-11-30
송골공원,반려동물업,반려동반여행,여행지,충청남도,천안시 서북구,백석동,,1168 번지,,,36.82620919,127.121208,31093.0,,충청남도 천안시 서북구 백석동 1168,041-521-2774,정보없음,연중무휴,매일 00:00~24:00,N,없음,Y,해당없음,모두 가능,"목줄, 안기",N,Y,공원,없음,2022-11-30
송광사,반려동물업,반려동반여행,여행지,전라남도,순천시,송광면,신평리,12 번지,송광사안길,100 번,35.00236355,127.274871,57913.0,전라남도 순천시 송광면 송광사안길 100,전라남도 순천시 송광면 신평리 12,061-755-0107,http://www.songgwangsa.org/,연중무휴,"매일 하절기 06:00~19:00, 동절기 07:00~18:00",Y,3000원,Y,해당없음,모두 가능,"목줄, 배변봉투",N,Y,관광지,없음,2022-11-30
송대근린공원,반려동물업,반려동반여행,여행지,충청북도,청주시 청원구,오창읍,주성리,312 번지,과학산업2로,565 번,36.72441394,127.440184,28116.0,충청북도 청주시 청원구 오창읍 과학산업2로 565,충청북도 청주시 청원구 오창읍 주성리 312,043-201-4414,정보없음,연중무휴,매일 00:00~24:00,Y,없음,Y,해당없음,모두 가능,"목줄, 배변봉투",N,Y,공원,없음,2022-11-30
송도도그파크,반려동물업,반려동반여행,여행지,인천광역시,연수구,송도동,,26-1 번지,센트럴로,350 번,37.40785375,126.63251,22005.0,인천광역시 연수구 센트럴로 350,인천광역시 연수구 송도동 26-1,032-721-4417,정보없음,"12~2월, 매주 월요일","화~금 11:30~19:00, 토~일 10:00~20:00",Y,없음,Y,해당없음,모두 가능,"목줄, 배변봉투, 동물등록 필수, 맹견 입장 불가",N,Y,관광지,없음,2022-11-30
송도센트럴파크,반려동물업,반려동반여행,여행지,인천광역시,연수구,송도동,,24-5 번지,컨벤시아대로,160 번,37.39036508,126.643568,22004.0,인천광역시 연수구 컨벤시아대로 160,인천광역시 연수구 송도동 24-5,032-721-4415,https://www.insiseol.or.kr/park/songdo/facility/central.jsp,연중무휴,매일 00:00~24:00,Y,없음,Y,해당없음,모두 가능,"목줄, 배변봉투",N,Y,관광지,없음,2022-11-30
송도오션파크,반려동물업,반려동반여행,여행지,부산광역시,서구,암남동,,135-23 번지,송도해변로,36 번,35.0727183,129.017448,49275.0,부산광역시 서구 송도해변로 36,부산광역시 서구 암남동 135-23,,정보없음,연중무휴,매일 00:00~24:00,Y,없음,Y,해당없음,모두 가능,"목줄, 배변봉투",N,Y,관광지,없음,2022-11-30
송림근린공원,반려동물업,반려동반여행,여행지,대전광역시,유성구,하기동,,517 번지,북유성대로,228 번,36.38620074,127.319541,34061.0,대전광역시 유성구 북유성대로 228,대전광역시 유성구 하기동 517,,정보없음,연중무휴,매일 00:00~24:00,Y,없음,Y,해당없음,모두 가능,목줄,N,Y,공원,없음,2022-11-30
송산근린공원,반려동물업,반려동반여행,여행지,광주광역시,광산구,송산동,,177 번지,,,35.16062093,126.736202,62406.0,,광주광역시 광산구 송산동 177,062-960-8711,https://www.gwangsan.go.kr/pj/pjTour.php?action=view&pageID=culture0203020000&seq=17&code=010,연중무휴,매일 00:00~24:00,Y,없음,Y,해당없음,모두 가능,"목줄, 배변봉투",N,Y,공원,없음,2022-11-30
송악산,반려동물업,반려동반여행,여행지,제주특별자치도,서귀포시,대정읍,상모리,131 번지,송악관광로,421-1 번,33.20776692,126.290888,63512.0,제주특별자치도 서귀포시 대정읍 송악관광로 421-1,제주특별자치도 서귀포시 대정읍 상모리 131,064-120,정보없음,연중무휴,매일 00:00~24:00,Y,없음,Y,해당없음,소형,제한사항 없음,N,Y,관광지,없음,2022-11-30
송암레포츠타운,반려동물업,반려동반여행,여행지,강원도,춘천시,송암동,,644-23 번지,스포츠타운길,113-1 번,37.85496429,127.685768,24239.0,강원도 춘천시 스포츠타운길 113-1,강원도 춘천시 송암동 644-23,033-263-5550,www.csa2012.co.kr,법정공휴일,"월~금 10:00~18:00, 토~일 10:00~18:00",Y,변동,Y,해당없음,소형,목줄,N,Y,관광지,없음,2022-11-30
송정공원,반려동물업,반려동반여행,여행지,부산광역시,강서구,송정동,,1476 번지,녹산산단17로,17 번,35.09858587,128.822899,46751.0,부산광역시 강서구 녹산산단17로 17,부산광역시 강서구 송정동 1476,,정보없음,연중무휴,매일 00:00~24:00,Y,없음,Y,해당없음,모두 가능,"목줄, 배변봉투",N,Y,공원,없음,2022-11-30
송정제공원,반려동물업,반려동반여행,여행지,전라북도,익산시,부송동,,216-4 번지,,,35.95984066,126.996881,54557.0,,전라북도 익산시 부송동 216-4,,정보없음,연중무휴,매일 00:00~24:00,N,없음,Y,해당없음,모두 가능,목줄,N,Y,공원,없음,2022-11-30
쇠소깍 성게돌 펜션,반려동물업,반려동반여행,펜션,제주특별자치도,서귀포시,하효동,,1298 번지,쇠소깍로,186 번,33.25074827,126.61868,63600.0,제주특별자치도 서귀포시 쇠소깍로 186,제주특별자치도 서귀포시 하효동 1298,,https://seonggedolpension.modoo.at/,연중무휴,매일 15:00~11:00,Y,변동,N,해당없음,해당없음,해당없음,Y,Y,펜션,없음,2022-11-30
수기해수욕장,반려동물업,반려동반여행,여행지,인천광역시,옹진군,북도면,신도리,932 번지,신도로182번길,35-10 번,37.52444203,126.434628,23115.0,인천광역시 옹진군 북도면 신도로182번길 35-10,인천광역시 옹진군 북도면 신도리 932,032-899-2114,정보없음,연중무휴,매일 00:00~24:00,Y,없음,Y,해당없음,모두 가능,"목줄, 배변봉투",N,Y,관광지,없음,2022-11-30
수덕공원,반려동물업,반려동반여행,여행지,전라북도,군산시,금동,,2-6 번지,구영1길,119 번,35.98994525,126.709063,54018.0,전라북도 군산시 구영1길 119,전라북도 군산시 금동 2-6,063-454-5598,정보없음,연중무휴,매일 00:00~24:00,N,없음,Y,해당없음,모두 가능,목줄,N,Y,공원,없음,2022-11-30
수도산체육공원,반려동물업,반려동반여행,여행지,전라북도,익산시,금강동,,535 번지,하나로3길,52 번,35.93421502,126.977017,54614.0,전라북도 익산시 하나로3길 52,전라북도 익산시 금강동 535,,정보없음,연중무휴,매일 00:00~24:00,Y,없음,Y,해당없음,모두 가능,목줄,N,Y,공원,없음,2022-11-30
수동고을센터,반려동물업,반려동반여행,여행지,강원도,양양군,현남면,지경리,22-4 번지,동해대로,120 번,37.92376417,128.798266,25058.0,강원도 양양군 현남면 동해대로 120,강원도 양양군 현남면 지경리 22-4,033-673-0707,http://www.sudonggol.kr/home/,연중무휴,매일 09:00~18:00,Y,없음,Y,해당없음,모두 가능,목줄,N,Y,관광지,없음,2022-11-30
수리산도립공원,반려동물업,반려동반여행,여행지,경기도,안양시 만안구,안양동,,79-3 번지,,,37.36910362,126.900917,13958.0,,경기도 안양시 만안구 안양동 산 79-3,031-8008-8265,https://farm.gg.go.kr/sigt/33140,연중무휴,매일 00:00~24:00,Y,없음,Y,해당없음,모두 가능,목줄,N,Y,공원,없음,2022-11-30
수목원테마파크,반려동물업,반려동반여행,여행지,제주특별자치도,제주시,연동,,1320 번지,은수길,69 번,33.47065125,126.488217,63141.0,제주특별자치도 제주시 은수길 69,제주특별자치도 제주시 연동 1320,064-742-3700,http://www.sumokwonpark.com/,연중무휴,매일 09:00~19:00,Y,15000원,Y,해당없음,소형/중형,목줄,N,Y,관광지,없음,2022-11-30
수변공원,반려동물업,반려동반여행,여행지,전라남도,무안군,삼향읍,남악리,2621 번지,,,34.80126213,126.460434,58567.0,,전라남도 무안군 삼향읍 남악리 2621,,정보없음,연중무휴,매일 00:00~24:00,Y,없음,Y,해당없음,모두 가능,"목줄, 배변봉투",N,Y,공원,없음,2022-11-30
수북정,반려동물업,반려동반여행,여행지,충청남도,부여군,규암면,규암리,147-2 번지,수북로,76 번,36.27555426,126.890242,33126.0,충청남도 부여군 규암면 수북로 76,충청남도 부여군 규암면 규암리 147-2,041-830-2330,정보없음,연중무휴,매일 00:00~24:00,Y,없음,Y,해당없음,모두 가능,목줄,N,Y,관광지,없음,2022-11-30
수성유원지,반려동물업,반려동반여행,여행지,대구광역시,수성구,두산동,,512 번지,,,35.82929006,128.618108,42175.0,,대구광역시 수성구 두산동 512,053-666-2863,https://www.suseong.kr/tour/index.do,연중무휴,매일 00:00~24:00,Y,없음,Y,해당없음,모두 가능,목줄,N,Y,관광지,없음,2022-11-30
수송근린공원,반려동물업,반려동반여행,여행지,전라북도,군산시,수송동,,798-1 번지,축동로,72 번,35.96608903,126.711365,54090.0,전라북도 군산시 축동로 72,전라북도 군산시 수송동 798-1,,정보없음,연중무휴,매일 00:00~24:00,Y,없음,Y,해당없음,모두 가능,목줄,N,Y,공원,없음,2022-11-30
수완호수공원,반려동물업,반려동반여행,여행지,광주광역시,광산구,장덕동,,1681 번지,장신로82번길,57 번,35.18794733,126.820249,62225.0,광주광역시 광산구 장신로82번길 57,광주광역시 광산구 장덕동 1681,,정보없음,연중무휴,매일 00:00~24:00,Y,없음,Y,해당없음,모두 가능,"목줄, 배변봉투",N,Y,공원,없음,2022-11-30
수원화성,반려동물업,반려동반여행,여행지,경기도,수원시 장안구,연무동,,190 번지,,,37.28786446,127.018377,16221.0,,경기도 수원시 장안구 연무동 190,031-290-3600,http://www.swcf.or.kr/,연중무휴,매일 00:00~24:00,Y,없음,Y,해당없음,모두 가능,"목줄, 배변봉투",N,Y,관광지,없음,2022-11-30
수월봉,반려동물업,반려동반여행,여행지,제주특별자치도,제주시,,고산리,,,,33.29161177,126.168934,63008.0,,제주특별자치도 제주시 한경면 고산리,064-710-6043,https://www.visitjeju.net/kr/detail/view?contentsid=CNTS_000000000020148,연중무휴,매일 00:00~24:00,Y,없음,Y,해당없음,모두 가능,"목줄, 배변봉투",N,Y,관광지,없음,2022-11-30
수주팔봉,반려동물업,반려동반여행,여행지,충청북도,충주시,,토계리,,,,36.89349288,127.91718,27494.0,,충청북도 충주시 살미면 토계리,043-850-2313,https://www.chungju.go.kr/tour/selectBbsNttView.do?key=1265&bbsNo=171&nttNo=199253,연중무휴,매일 00:00~24:00,Y,없음,Y,해당없음,모두 가능,"목줄, 안기",N,Y,관광지,없음,2022-11-30
수질복원센터 앞 공원,반려동물업,반려동반여행,여행지,전라북도,전주시 덕진구,장동,,144-3 번지,중동로,150 번,35.84645267,127.063111,54861.0,전라북도 전주시 덕진구 중동로 150,전라북도 전주시 덕진구 장동 144-3,,정보없음,연중무휴,매일 00:00~24:00,Y,없음,Y,해당없음,모두 가능,"목줄, 배변봉투",N,Y,공원,없음,2022-11-30
수천이들근린공원,반려동물업,반려동반여행,여행지,대전광역시,유성구,신성동,,494 번지,신성로,134 번,36.39381131,127.3532,34109.0,대전광역시 유성구 신성로 134,대전광역시 유성구 신성동 494,,정보없음,연중무휴,매일 00:00~24:00,N,없음,Y,해당없음,모두 가능,목줄,N,Y,공원,없음,2022-11-30
순매원,반려동물업,반려동반여행,여행지,경상남도,양산시,원동면,원리,1102-1 번지,원동로,1421 번,35.35897075,128.92529,50587.0,경상남도 양산시 원동면 원동로 1421,경상남도 양산시 원동면 원리 1102-1,055-383-3644,정보없음,연중무휴,매일 00:00~24:00,Y,없음,Y,해당없음,소형/중형,"목줄, 배변봉투",N,Y,관광지,없음,2022-11-30
순창 전통고추장 민속마을,반려동물업,반려동반여행,여행지,전라북도,순창군,순창읍,백산리,265-66 번지,,,35.36725784,127.109607,56048.0,,전라북도 순창군 순창읍 백산리 265-66,063-653-0703,정보없음,연중무휴,매일 09:00~19:00,Y,없음,Y,해당없음,모두 가능,"목줄, 배변봉투",N,Y,관광지,없음,2022-11-30
순천 노을펜션,반려동물업,반려동반여행,펜션,전라남도,순천시,별량면,학산리,857-13 번지,일출길,322-6 번,34.84339227,127.485331,58030.0,전라남도 순천시 별량면 일출길 322-6,전라남도 순천시 별량면 학산리 857-13,0507-1425-8609,https://sunset018.wixsite.com/my-site-2,연중무휴,매일 14:00~11:00,Y,변동,Y,해당없음,5kg 미만,제한사항 없음,Y,Y,애견 동반 펜션,없음,2022-11-30
순천 라온하우스애견펜션,반려동물업,반려동반여행,펜션,전라남도,순천시,왕지동,,14-1 번지,왕지로,238-3 번,34.9791706,127.544681,57931.0,전라남도 순천시 왕지로 238-3,전라남도 순천시 왕지동 14-1,,정보없음,연중무휴,매일 15:00~11:00,Y,변동,Y,해당없음,13kg 이하,"객실당 최대 4마리, 입실 불가 견종 별도 문의",Y,Y,애견 동반 펜션,"10,000원",2022-11-30
순천만 로맨스펜션,반려동물업,반려동반여행,펜션,전라남도,순천시,대대동,,88-24 번지,순천만길,342 번,34.89978114,127.504633,58027.0,전라남도 순천시 순천만길 342,전라남도 순천시 대대동 88-24,0507-1327-8002,http://www.xn--2o2b9zpc957a51aoxk42czgn.com/romance/,연중무휴,매일 15:00~11:00,Y,변동,Y,해당없음,모두 가능,객실당 최대 2마리,Y,Y,애견 동반 펜션,"10,000원",2022-11-30
숨은빛 펜션,반려동물업,반려동반여행,펜션,경기도,양평군,청운면,가현리,139 번지,가현길,398 번,37.52354302,127.727772,12530.0,경기도 양평군 청운면 가현길 398,경기도 양평군 청운면 가현리 139,0507-1463-1034,http://hiddenlight.co.kr/,연중무휴,매일 15:00~11:00,Y,변동,Y,해당없음,10kg 이하,최대 2마리,Y,Y,"애견 동반 펜션, 사전문의 필수","10,000원",2022-11-30
숲속의 집,반려동물업,반려동반여행,펜션,강원도,양양군,현북면,어성전리,58 번지,어성전길,402 번,37.93192757,128.674843,25051.0,강원도 양양군 현북면 어성전길 402,강원도 양양군 현북면 어성전리 58,0507-1306-6904,http://www.foresthouse.co.kr,연중무휴,매일 15:00~11:00,Y,변동,Y,해당없음,5kg 이하,제한사항 없음,Y,Y,애견 동반 펜션,없음,2022-11-30
숲속의정원 애견동반펜션,반려동물업,반려동반여행,펜션,강원도,고성군,죽왕면,야촌리,1024-30 번지,곡실평길,332 번,38.30652792,128.489706,24749.0,강원도 고성군 죽왕면 곡실평길 332,강원도 고성군 죽왕면 야촌리 1024-30,,http://www.forest-g.com/,연중무휴,매일 15:00~11:00,Y,변동,Y,해당없음,모두 가능,제한사항 없음,Y,Y,애견 동반 펜션,"20,000원",2022-11-30
숲속의핀란드 펜션,반려동물업,반려동반여행,펜션,충청남도,태안군,소원면,송현리,323-1 번지,은골길,128 번,36.76631265,126.186353,32122.0,충청남도 태안군 소원면 은골길 128,충청남도 태안군 소원면 송현리 323-1,0507-1406-7783,http://blog.naver.com/ccch8282,연중무휴,매일 15:00~11:00,Y,변동,Y,해당없음,모두 가능,객실당 최대 5kg 이하 2마리 또는 5kg 이상 1마리,Y,Y,애견 동반 펜션,없음,2022-11-30
쉐르빌,반려동물업,반려동반여행,펜션,강원도,홍천군,서면,모곡리,549-5 번지,밤벌길19번길,111 번,37.70151912,127.596717,25100.0,강원도 홍천군 서면 밤벌길19번길 111,강원도 홍천군 서면 모곡리 549-5,0507-1402-1199,http://chereville.co.kr/,연중무휴,매일 15:00~11:00,Y,변동,Y,해당없음,모두 가능,제한사항 없음,Y,Y,"애견 동반 펜션, 사전문의 필수, 추가인원 15,000원","10,000원",2022-11-30
쉬자파크,반려동물업,반려동반여행,여행지,경기도,양평군,양평읍,백안리,45-7 번지,쉬자파크길,193 번,37.51120459,127.533184,12547.0,경기도 양평군 양평읍 쉬자파크길 193,경기도 양평군 양평읍 백안리 산 45-7,031-770-1009,https://www.swijapark.com/,"매주 토, 일",월~금 09:00~18:00,Y,없음,Y,해당없음,소형,"목줄, 배변봉투",N,Y,관광지,없음,2022-11-30
슈가브리움 호텔 리조트,반려동물업,반려동반여행,펜션,전라남도,여수시,돌산읍,평사리,1396-1 번지,몰둠벙길,54 번,34.69895866,127.755274,59771.0,전라남도 여수시 돌산읍 몰둠벙길 54,전라남도 여수시 돌산읍 평사리 1396-1,0507-1344-2205,http://sugar-brium.com,연중무휴,일자에 따라 변동,Y,변동,Y,해당없음,25kg 미만,"목줄, 입마개, 환경예치금 50,000원",Y,Y,애견 동반 펜션,없음,2022-11-30
슈에뜨펜션캠핑,반려동물업,반려동반여행,펜션,경기도,가평군,청평면,호명리,110 번지,호명리길,134 번,37.72654746,127.466332,12455.0,경기도 가평군 청평면 호명리길 134,경기도 가평군 청평면 호명리 110,,정보없음,연중무휴,매일 15:00~11:30,Y,변동,Y,해당없음,소형/중형,제한사항 없음,Y,Y,애견 동반 펜션,"10,000원",2022-11-30
스머프마을펜션,반려동물업,반려동반여행,펜션,경상남도,남해군,남면,덕월리,1274-3 번지,남서대로,1357-12 번,34.78982707,127.840852,52433.0,경상남도 남해군 남면 남서대로 1357-12,경상남도 남해군 남면 덕월리 1274-3,055-863-4140,http://www.smurfsvillage.kr/smurfs/index.html,연중무휴,매일 15:00~11:00,Y,변동,Y,해당없음,10KG 미만,최대 2마리,Y,Y,애견 동반 펜션,"20,000원",2022-11-30
스위트몽,반려동물업,반려동반여행,펜션,경기도,가평군,상면,행현리,220 번지,축령로,102 번,37.77474216,127.360976,12448.0,경기도 가평군 상면 축령로 102,경기도 가평군 상면 행현리 220,031-585-6155,http://www.sweetmong.com,연중무휴,매일 15:00~11:00,Y,변동,Y,해당없음,10Kg 이하,제한사항 없음,Y,Y,"애견 동반 펜션, 사전문의 필수","10,000원",2022-11-30
스윗트리 펜션,반려동물업,반려동반여행,펜션,경기도,양평군,단월면,명성리,94 번지,분지울1길,98 번,37.60727817,127.670334,12526.0,경기도 양평군 단월면 분지울1길 98,경기도 양평군 단월면 명성리 94,1644-9565,http://sweettreeps.co.kr/,연중무휴,매일 15:00~11:00,Y,변동,N,해당없음,해당없음,해당없음,Y,Y,펜션,없음,2022-11-30
스카이 비발디 펜션,반려동물업,반려동반여행,펜션,강원도,홍천군,서면,굴업리,135 번지,한서로,2263 번,37.60978725,127.681526,25103.0,강원도 홍천군 서면 한서로 2263,강원도 홍천군 서면 굴업리 135,0507-1438-1129,https://cafebool.modoo.at/,연중무휴,매일 17:00~11:00,Y,변동,N,해당없음,해당없음,해당없음,Y,Y,펜션,없음,2022-11-30
스타독 반려견 테마파크,반려동물업,반려동반여행,여행지,경기도,이천시,마장면,작촌리,18 번지,작촌로,92-23 번,37.24828363,127.344617,17388.0,경기도 이천시 마장면 작촌로 92-23,경기도 이천시 마장면 작촌리 18,0507-1409-7410,http://cafe.daum.net/petmodel/,연중무휴,매일 11:00~19:00,Y,없음,Y,해당없음,모두 가능,제한사항 없음,N,Y,관광지,없음,2022-11-30
스테이감동,반려동물업,반려동반여행,펜션,강원도,홍천군,북방면,노일리,739 번지,노일로,206-12 번,37.67814504,127.735887,25111.0,강원도 홍천군 북방면 노일로 206-12,강원도 홍천군 북방면 노일리 739,0507-1343-6230,https://www.instagram.com/stay_gamdong/,연중무휴,매일 15:00~11:00,Y,변동,Y,해당없음,모두 가능,신분증 제시 필수(유기 방지 차원),Y,Y,"애견 동반 펜션, 추가인원 20,000원","10,000원",2022-11-30
스테이기북,반려동물업,반려동반여행,펜션,경상북도,포항시 북구,기북면,오덕리,773 번지,기북로,728-40 번,36.14761973,129.185394,37524.0,경상북도 포항시 북구 기북면 기북로 728-40,경상북도 포항시 북구 기북면 오덕리 773,,https://www.instagram.com/_stayone/,연중무휴,매일 15:00~11:00,Y,변동,Y,해당없음,모두 가능,제한사항 없음,Y,Y,"애견 동반 펜션, 사전문의 필수","10,000원",2022-11-30
스테이독 애견펜션,반려동물업,반려동반여행,펜션,인천광역시,옹진군,영흥면,선재리,499-3 번지,선재로,264 번,37.25056726,126.521834,23122.0,인천광역시 옹진군 영흥면 선재로 264,인천광역시 옹진군 영흥면 선재리 499-3,0507-1342-6560,http://m.blog.naver.com/mj9746,연중무휴,매일 15:00~11:00,Y,변동,Y,해당없음,15kg 미만,최대 2마리,Y,Y,"애견 동반 펜션, 운동장","10,000원",2022-11-30
스테이멍 애견펜션,반려동물업,반려동반여행,펜션,전라남도,여수시,돌산읍,율림리,541-12 번지,향일암로,717 번,34.62396916,127.791666,59778.0,전라남도 여수시 돌산읍 향일암로 717,전라남도 여수시 돌산읍 율림리 541-12,0507-1319-4128,http://www.staymung.com/,연중무휴,매일 15:00~11:00,Y,변동,Y,해당없음,소형/중형,제한사항 없음,Y,Y,"애견 동반 펜션, 애견수영장",없음,2022-11-30
스테이솔티,반려동물업,반려동반여행,여행지,제주특별자치도,제주시,구좌읍,월정리,33 번지,해맞이해안로,480-1 번,33.55462336,126.798376,63358.0,제주특별자치도 제주시 구좌읍 해맞이해안로 480-1,제주특별자치도 제주시 구좌읍 월정리 33,0507-1369-2222,http://www.instagram.com/cafe_staysalty,"2, 4째주 화요일",매일 10:00~20:00,Y,변동,N,해당없음,해당없음,해당없음,Y,Y,관광지,없음,2022-11-30
스테이원향,반려동물업,반려동반여행,펜션,대구광역시,남구,이천동,,387-4 번지,이천로28길,27-2 번,35.85426304,128.599568,42431.0,대구광역시 남구 이천로28길 27-2,대구광역시 남구 이천동 387-4,0507-1383-9456,https://www.instagram.com/stay_wonhyang/,연중무휴,매일 15:00~11:00,Y,변동,Y,해당없음,소형/중형,제한사항 없음,Y,Y,애견 동반 펜션,"20,000원",2022-11-30
스페셜 W 모텔,반려동물업,반려동반여행,펜션,경상북도,경주시,안강읍,산대리,2403-5 번지,구부랑3길,16 번,36.00118948,129.195076,38015.0,경상북도 경주시 안강읍 구부랑3길 16,경상북도 경주시 안강읍 산대리 2403-5,054-763-0220,https://specialw.modoo.at/,연중무휴,매일 18:00~12:00,Y,변동,N,해당없음,해당없음,해당없음,Y,Y,펜션,없음,2022-11-30
슬도등대,반려동물업,반려동반여행,여행지,울산광역시,동구,방어동,,949 번지,성끝길,122 번,35.47813096,129.42937,44111.0,울산광역시 동구 성끝길 122,울산광역시 동구 방어동 949,052-209-3754,https://tour.ulsan.go.kr/kor/unit/attrctn/view.ulsan?mId=001002001000000000&unqId=17,연중무휴,매일 00:00~24:00,Y,없음,Y,해당없음,모두 가능,"목줄, 배변봉투",N,Y,관광지,없음,2022-11-30
습지공원,반려동물업,반려동반여행,여행지,경상남도,창원시 성산구,가음동,,30 번지,,,35.20583813,128.693404,51490.0,,경상남도 창원시 성산구 가음동 30,055-272-4501,정보없음,연중무휴,매일 00:00~24:00,Y,없음,Y,해당없음,모두 가능,목줄,N,Y,공원,없음,2022-11-30
시골똥개 애견펜션,반려동물업,반려동반여행,펜션,충청남도,태안군,안면읍,승언리,339-182 번지,해안관광로,81-6 번,36.51044829,126.334191,32166.0,충청남도 태안군 안면읍 해안관광로 81-6,충청남도 태안군 안면읍 승언리 339-182,,http://www.시골똥개펜션.com,연중무휴,매일 15:00~11:00,Y,변동,Y,해당없음,모두 가능,객실당 최대 5마리,Y,Y,애견 동반 펜션,"10,000원",2022-11-30
시몬스 테라스점,반려동물업,반려동반여행,여행지,경기도,이천시,모가면,신갈리,374 번지,사실로,988 번,37.1977277,127.446266,17406.0,경기도 이천시 모가면 사실로 988,경기도 이천시 모가면 신갈리 374,031-631-4071,http://www.simmons.co.kr/,연중무휴,"일~목 11:00~20:00, 금~토 11:00~21:00",Y,없음,Y,해당없음,모두 가능,"목줄, 배변봉투",N,Y,관광지,없음,2022-11-30
시민식수공원,반려동물업,반려동반여행,여행지,강원도,속초시,조양동,,1543-5 번지,,,38.1924681,128.582914,24872.0,,강원도 속초시 조양동 1543-5,,정보없음,연중무휴,매일 00:00~24:00,Y,없음,Y,해당없음,모두 가능,목줄,N,Y,공원,없음,2022-11-30
시크릿 키즈 가족 풀빌라 스파 펜션,반려동물업,반려동반여행,펜션,경기도,포천시,신북면,심곡리,693 번지,깊이울로,119 번,37.92578702,127.17684,11136.0,경기도 포천시 신북면 깊이울로 119,경기도 포천시 신북면 심곡리 693,,http://www.secretgardenps.com,연중무휴,매일 15:00~11:00,Y,변동,N,해당없음,해당없음,해당없음,Y,Y,펜션,없음,2022-11-30
신나는 펜션,반려동물업,반려동반여행,펜션,강원도,강릉시,사천면,사기막리,128 번지,중앙서로,484-77 번,37.79884888,128.813249,25438.0,강원도 강릉시 사천면 중앙서로 484-77,강원도 강릉시 사천면 사기막리 128,033-647-1012,https://blog.naver.com/esther2,연중무휴,매일 15:00~11:00,Y,변동,Y,해당없음,15kg 이하,제한사항 없음,Y,Y,"애견 동반 펜션, 추가인원 15,000원","30,000원",2022-11-30
신덕공원,반려동물업,반려동반여행,여행지,전라북도,전주시 완산구,,,,,,35.82683381,127.095595,54978.0,,전라북도 전주시 완산구 효자동3가,063-281-2808,정보없음,연중무휴,매일 00:00~24:00,N,없음,Y,해당없음,모두 가능,"목줄, 배변봉투",N,Y,공원,없음,2022-11-30
신도,반려동물업,반려동반여행,여행지,인천광역시,옹진군,,신도리,,,,37.52582426,126.452378,23115.0,,인천광역시 옹진군 북도면 신도리,032-899-3410,https://itour.incheon.go.kr/ssst/ssst/detail.do?cotId=APD21112609190400467,연중무휴,매일 00:00~24:00,Y,없음,Y,해당없음,모두 가능,"목줄, 배변봉투",N,Y,관광지,없음,2022-11-30
신두리해수욕장,반려동물업,반려동반여행,여행지,충청남도,태안군,원북면,신두리,1414-18 번지,신두해변길,199 번,36.83998911,126.189245,32108.0,충청남도 태안군 원북면 신두해변길 199,충청남도 태안군 원북면 신두리 1414-18,041-670-2114,http://www.sinduribeach.co.kr/,연중무휴,매일 00:00~24:00,Y,없음,Y,해당없음,모두 가능,목줄,N,Y,관광지,없음,2022-11-30
신선농장,반려동물업,반려동반여행,여행지,부산광역시,남구,용호동,,236-4 번지,신선대산복로,174-3 번,35.10644401,129.105399,48563.0,부산광역시 남구 신선대산복로 174-3,부산광역시 남구 용호동 산 236-4,,정보없음,정보없음,정보없음,Y,변동,Y,해당없음,모두 가능,목줄,N,Y,관광지,없음,2022-11-30
신선대전망대,반려동물업,반려동반여행,여행지,경상남도,거제시,남부면,갈곶리,21-20 번지,,,34.73744418,128.664572,53334.0,,경상남도 거제시 남부면 갈곶리 산 21-20,055-639-3000,http://tour.geoje.go.kr,연중무휴,매일 00:00~24:00,Y,없음,Y,해당없음,모두 가능,목줄,N,Y,관광지,없음,2022-11-30
신선암근린공원,반려동물업,반려동반여행,여행지,대전광역시,서구,관저동,,1151 번지,관저중로,65 번,36.29817053,127.334044,35373.0,대전광역시 서구 관저중로 65,대전광역시 서구 관저동 1151,,정보없음,연중무휴,매일 00:00~24:00,Y,없음,Y,해당없음,모두 가능,목줄,N,Y,공원,없음,2022-11-30
신성공원,반려동물업,반려동반여행,여행지,전라북도,전주시 완산구,평화2동,,230-2 번지,평화14길,27-51 번,35.79138014,127.134825,55123.0,전라북도 전주시 완산구 평화14길 27-51,전라북도 전주시 완산구 평화동2가 230-2,063-281-2107,정보없음,연중무휴,매일 00:00~24:00,Y,없음,Y,해당없음,모두 가능,"목줄, 배변봉투",N,Y,공원,없음,2022-11-30
신성리 갈대밭,반려동물업,반려동반여행,여행지,충청남도,서천군,한산면,신성리,125-1 번지,,,36.06832337,126.860764,33625.0,,충청남도 서천군 한산면 신성리 125-1,041-950-4018,http://seocheon.go.kr/tour/sub01_01_04.do,연중무휴,매일 00:00~24:00,Y,없음,Y,해당없음,모두 가능,목줄,N,Y,관광지,없음,2022-11-30
신율봉공원,반려동물업,반려동반여행,여행지,충청북도,청주시 흥덕구,복대동,,1353 번지,,,36.63221961,127.446965,28417.0,,충청북도 청주시 흥덕구 복대동 1353,043-200-2815,정보없음,연중무휴,매일 00:00~24:00,N,없음,Y,해당없음,모두 가능,"목줄, 배변봉투",N,Y,공원,없음,2022-11-30
신정호공원,반려동물업,반려동반여행,여행지,충청남도,아산시,방축동,,5 번지,신정로,616 번,36.77152141,126.983915,31564.0,충청남도 아산시 신정로 616,충청남도 아산시 방축동 5,041-536-8725,정보없음,연중무휴,매일 00:00~24:00,Y,없음,Y,해당없음,모두 가능,"목줄, 배변봉투",N,Y,공원,없음,2022-11-30
신정호생활체육공원,반려동물업,반려동반여행,여행지,충청남도,아산시,방축동,,465 번지,,,36.77140175,126.979824,31502.0,,충청남도 아산시 방축동 465,041-540-2518,정보없음,연중무휴,매일 00:00~24:00,Y,없음,Y,해당없음,모두 가능,"목줄, 안기",N,Y,공원,없음,2022-11-30
신창풍차해안도로,반려동물업,반려동반여행,여행지,제주특별자치도,제주시,한경면,신창리,1481-23 번지,,,33.34250555,126.171933,,,제주특별자치도 제주시 한경면 신창리 1481-23,064-740-6000,https://www.visitjeju.net/kr/detail/view?contentsid=CNTS_200000000007676,연중무휴,매일 00:00~24:00,Y,없음,Y,해당없음,모두 가능,목줄,N,Y,관광지,없음,2022-11-30
신탄진휴게소 반려견놀이터,반려동물업,반려동반여행,여행지,대전광역시,대덕구,상서동,,377 번지,덕암로,51 번,36.42560177,127.418666,34335.0,대전광역시 대덕구 덕암로 51,대전광역시 대덕구 상서동 377,042-934-2442,정보없음,연중무휴,"매일 하절기 10:00~18:00, 동절기 09:30~17:30",Y,없음,Y,해당없음,모두 가능,배변봉투,N,Y,관광지,없음,2022-11-30
신평소공원,반려동물업,반려동반여행,여행지,부산광역시,기장군,일광읍,신평리,11-1 번지,일광로,582-47 번,35.29267691,129.260024,46040.0,부산광역시 기장군 일광읍 일광로 582-47,부산광역시 기장군 일광읍 신평리 11-1,051-709-4085,정보없음,연중무휴,매일 00:00~24:00,Y,없음,Y,해당없음,소형,제한사항 없음,N,Y,공원,없음,2022-11-30
신풍공원,반려동물업,반려동반여행,여행지,전라북도,김제시,신풍동,,607 번지,도작7길,59-12 번,35.80033225,126.897968,54396.0,전라북도 김제시 도작7길 59-12,전라북도 김제시 신풍동 607,,정보없음,연중무휴,매일 00:00~24:00,N,없음,Y,해당없음,모두 가능,목줄,N,Y,공원,없음,2022-11-30
신호공원,반려동물업,반려동반여행,여행지,부산광역시,강서구,신호동,,315-1 번지,신호산단1로72번길,46 번,35.08217087,128.870864,46760.0,부산광역시 강서구 신호산단1로72번길 46,부산광역시 강서구 신호동 315-1,051-970-4522,정보없음,연중무휴,매일 00:00~24:00,Y,없음,Y,해당없음,모두 가능,"목줄, 배변봉투",N,Y,공원,없음,2022-11-30
신흥경로당,반려동물업,반려동반여행,여행지,전라북도,군산시,신흥동,,14-2 번지,신흥3길,16 번,35.98753837,126.704909,54020.0,전라북도 군산시 신흥3길 16,전라북도 군산시 신흥동 14-2,063-446-9438,정보없음,연중무휴,매일 00:00~24:00,Y,없음,Y,해당없음,모두 가능,목줄,N,Y,관광지,없음,2022-11-30
신흥근린공원,반려동물업,반려동반여행,여행지,전라북도,익산시,신흥동,,22-1 번지,,,35.94583043,126.990318,54590.0,,전라북도 익산시 신흥동 산 22-1,,정보없음,연중무휴,매일 00:00~24:00,Y,없음,Y,해당없음,모두 가능,목줄,N,Y,공원,없음,2022-11-30
실미도유원지,반려동물업,반려동반여행,여행지,인천광역시,중구,무의동,,768-5 번지,,,37.40361142,126.403204,,,인천광역시 중구 무의동 768-5,032-752-4466,https://korean.visitkorea.or.kr/detail/ms_detail.do?cotid=dc4004d0-bf94-4917-b411-f98b98987ca1&big_category=A03&mid_category=A0302&big_area=2,연중무휴,매일 00:00~24:00,Y,없음,Y,해당없음,모두 가능,"목줄, 배변봉투",N,Y,관광지,없음,2022-11-30
쌍계사,반려동물업,반려동반여행,여행지,경상남도,하동군,화개면,운수리,208 번지,쌍계사길,59 번,35.23278612,127.651035,52302.0,경상남도 하동군 화개면 쌍계사길 59,경상남도 하동군 화개면 운수리 208,055-883-1901,http://www.ssanggyesa.net/,연중무휴,매일 08:00~17:30,Y,2500원,Y,해당없음,모두 가능,"목줄, 배변봉투",N,Y,관광지,없음,2022-11-30
쌍암공원,반려동물업,반려동반여행,여행지,광주광역시,광산구,쌍암동,,653-1 번지,첨단중앙로182번길,23 번,35.22336593,126.843829,62274.0,광주광역시 광산구 첨단중앙로182번길 23,광주광역시 광산구 쌍암동 653-1,062-960-8705,http://gjarchive.kr/t_07072/10782,연중무휴,매일 00:00~24:00,Y,없음,Y,해당없음,모두 가능,"목줄, 배변봉투",N,Y,공원,없음,2022-11-30
쌍용공원,반려동물업,반려동반여행,여행지,충청남도,천안시 서북구,쌍용동,,84 번지,,,36.81081913,127.129762,31172.0,,충청남도 천안시 서북구 쌍용동 산 84,041-521-2775,정보없음,연중무휴,매일 00:00~24:00,N,없음,Y,해당없음,모두 가능,"목줄, 배변봉투",N,Y,공원,없음,2022-11-30
썬하우스,반려동물업,반려동반여행,펜션,충청남도,태안군,안면읍,승언리,1944-27 번지,해안관광로,276-36 번,36.52554489,126.333743,32164.0,충청남도 태안군 안면읍 해안관광로 276-36,충청남도 태안군 안면읍 승언리 1944-27,041-672-1489,http://gosunhouse.co.kr/,연중무휴,매일 15:00~11:00,Y,변동,Y,해당없음,8kg 이하,"입질, 공격성 심한 경우, 맹견 입실 불가, 온돌방만 입실 가능, 객실당 최대 2마리",Y,Y,애견 동반 펜션,"15,000원",2022-11-30
쓰담쓰담펜션,반려동물업,반려동반여행,펜션,경기도,포천시,일동면,화대리,167-5 번지,사기막길,67-4 번,37.96530739,127.33819,11118.0,경기도 포천시 일동면 사기막길 67-4,경기도 포천시 일동면 화대리 167-5,0507-1323-3512,http://www.쓰담쓰담펜션.com,연중무휴,매일 15:00~11:00,Y,변동,Y,해당없음,15kg 이하,제한사항 없음,Y,Y,"애견 동반 펜션, 사전문의 필수",없음,2022-11-30
씨사이드아덴,반려동물업,반려동반여행,펜션,제주특별자치도,서귀포시,색달동,,2864-32 번지,중문관광로,124 번,33.24910501,126.414919,63535.0,제주특별자치도 서귀포시 중문관광로 124,제주특별자치도 서귀포시 색달동 2864-32,064-731-9888,http://www.seasidearden.com/index.asp,연중무휴,매일 15:00~11:00,Y,변동,Y,해당없음,모두 가능,"목줄, 케이지, 접종증명서 제출",Y,Y,애견 동반 펜션,"35,000원",2022-11-30
씨앤뷰 풀빌라펜션,반려동물업,반려동반여행,펜션,경상남도,남해군,남면,평산리,1070 번지,남면로,1523-19 번,34.7506737,127.851048,52434.0,경상남도 남해군 남면 남면로 1523-19,경상남도 남해군 남면 평산리 1070,050-5356-9579,정보없음,연중무휴,매일 15:00~11:00,Y,변동,Y,해당없음,5kg 이하,"애견용품 개인지참 필수, 최대 2마리",Y,Y,애견 동반 펜션,"20,000원",2022-11-30
씨앤블루펜션,반려동물업,반려동반여행,펜션,전라남도,여수시,돌산읍,평사리,1266-48 번지,무술목길,12-12 번,34.68653963,127.777191,59771.0,전라남도 여수시 돌산읍 무술목길 12-12,전라남도 여수시 돌산읍 평사리 1266-48,0503-5058-2479,http://www.cnblueyeosu.com/,연중무휴,매일 15:00~11:00,Y,변동,N,해당없음,해당없음,해당없음,Y,Y,펜션,없음,2022-11-30
아난티 남해 호텔,반려동물업,반려동반여행,펜션,경상남도,남해군,남면,덕월리,316 번지,남서대로1179번길,40-109 번,34.77771827,127.854726,52433.0,경상남도 남해군 남면 남서대로1179번길 40-109,경상남도 남해군 남면 덕월리 316,055-860-0100,https://ananti.kr/ko/namhae,연중무휴,매일 15:00~11:00,Y,변동,Y,해당없음,15kg 미만,제한사항 없음,Y,Y,"애견 동반 펜션, 사전문의 필수",없음,2022-11-30
아델펜션,반려동물업,반려동반여행,펜션,강원도,홍천군,서면,굴업리,328-1 번지,굴업솔골길,60 번,37.6211368,127.674184,25103.0,강원도 홍천군 서면 굴업솔골길 60,강원도 홍천군 서면 굴업리 328-1,033-435-7799,http://www.adelpension.com,연중무휴,매일 15:00~11:00,Y,변동,Y,해당없음,8kg 이하,제한사항 없음,Y,Y,"애견 동반 펜션, 사전문의 필수","10,000원",2022-11-30
아띠랑스 펜션,반려동물업,반려동반여행,펜션,강원도,강릉시,사천면,방동리,157 번지,방동길,276 번,37.82569894,128.874219,25440.0,강원도 강릉시 사천면 방동길 276,강원도 강릉시 사천면 방동리 157,,http://atti7.kr/,연중무휴,매일 15:00~11:00,Y,변동,Y,해당없음,7kg 이하,제한사항 없음,Y,Y,"애견 동반 펜션, 사전문의 필수, 추가인원 20,000원","20,000원",2022-11-30
아라누리 펜션,반려동물업,반려동반여행,펜션,경상북도,울진군,기성면,망양리,402-2 번지,망양로,123 번,36.847174,129.428911,36347.0,경상북도 울진군 기성면 망양로 123,경상북도 울진군 기성면 망양리 402-2,,http://aranurips.com/,연중무휴,매일 15:00~11:00,Y,변동,Y,해당없음,소형/중형,제한사항 없음,Y,Y,"애견 동반 펜션, 사전문의 필수",없음,2022-11-30
아름드리 스파펜션,반려동물업,반려동반여행,펜션,경기도,포천시,군내면,직두리,211-1 번지,청군로2985번길,98 번,37.86012544,127.240004,11155.0,경기도 포천시 군내면 청군로2985번길 98,경기도 포천시 군내면 직두리 211-1,050-5356-9521,http://areumdrips.kr/,연중무휴,매일 15:00~11:00,Y,변동,Y,해당없음,5kg 이하,최대 2마리,Y,Y,"애견 동반 펜션, 사전문의 필수","20,000원",2022-11-30
아름드리공원,반려동물업,반려동반여행,여행지,충청남도,천안시 서북구,불당동,,1547 번지,불당21로,25 번,36.81475542,127.103417,31156.0,충청남도 천안시 서북구 불당21로 25,충청남도 천안시 서북구 불당동 1547,041-521-2776,정보없음,연중무휴,매일 00:00~24:00,N,없음,Y,해당없음,모두 가능,"목줄, 배변봉투",N,Y,공원,없음,2022-11-30
아름펜션,반려동물업,반려동반여행,펜션,경기도,가평군,조종면,운악리,425-3 번지,현등사길,33 번,37.86469106,127.346847,12432.0,경기도 가평군 조종면 현등사길 33,경기도 가평군 조종면 운악리 425-3,031-585-9787,http://www.arumpension.net,연중무휴,매일 15:00~11:30,Y,변동,Y,해당없음,소형/중형,제한사항 없음,Y,Y,애견 동반 펜션,"15,000원",2022-11-30
아산 4호공원,반려동물업,반려동반여행,여행지,충청남도,아산시,둔포면,석곡리,1741 번지,아산밸리서로,130 번,36.92765949,127.057879,31406.0,충청남도 아산시 둔포면 아산밸리서로 130,충청남도 아산시 둔포면 석곡리 1741,041-536-8757,정보없음,연중무휴,매일 00:00~24:00,Y,없음,Y,해당없음,모두 가능,"목줄, 배변봉투",N,Y,공원,없음,2022-11-30
아산지중해마을,반려동물업,반려동반여행,여행지,충청남도,아산시,탕정면,명암리,949-1 번지,탕정면로8번길,55-7 번,36.7969505,127.061644,31456.0,충청남도 아산시 탕정면 탕정면로8번길 55-7,충청남도 아산시 탕정면 명암리 949-1,041-547-2246,https://www.asan.go.kr/tour/develop/m_tour/?m_mode=view&pds_no=2019111514554932522,연중무휴,매일 00:00~24:00,Y,없음,Y,해당없음,모두 가능,"목줄, 배변봉투",N,Y,관광지,없음,2022-11-30
아쇼카펜션,반려동물업,반려동반여행,펜션,강원도,양양군,손양면,동호리,1-43 번지,선사유적로,316-104 번,38.05139985,128.688467,25042.0,강원도 양양군 손양면 선사유적로 316-104,강원도 양양군 손양면 동호리 1-43,,http://www.asoka.kr/,연중무휴,매일 15:00~11:00,Y,변동,Y,해당없음,20kg 미만,최대 2마리,Y,Y,"애견 동반 펜션, 추가인원 15,000원",없음,2022-11-30
아시아공원,반려동물업,반려동반여행,여행지,서울특별시,송파구,잠실동,,84 번지,올림픽로,44 번,37.51068239,127.075937,5572.0,서울특별시 송파구 올림픽로 44,서울특별시 송파구 잠실동 84,02-412-0270,https://parks.seoul.go.kr/parks/detailView.do?pIdx=81,연중무휴,매일 00:00~24:00,Y,없음,Y,해당없음,모두 가능,"목줄, 배변봉투",N,Y,공원,없음,2022-11-30
아임버디,반려동물업,반려동반여행,여행지,경기도,파주시,탄현면,성동리,263 번지,필승로,487-32 번,37.78481722,126.686662,10862.0,경기도 파주시 탄현면 필승로 487-32,경기도 파주시 탄현면 성동리 263,0507-1434-4102,http://imbuddypaju.modoo.at/,연중무휴,매일 15:00~11:00,Y,없음,Y,해당없음,모두 가능,제한사항 없음,N,Y,관광지,없음,2022-11-30
아중체련공원,반려동물업,반려동반여행,여행지,전라북도,전주시 덕진구,우아2동,,16 번지,한배미6길,23 번,35.82258424,127.169257,55030.0,전라북도 전주시 덕진구 한배미6길 23,전라북도 전주시 덕진구 인후동1가 16,063-239-2564,https://www.jjss.or.kr/reserv/index.9is?contentUid=ff8080816c5f9de6016cd700142b0dd4&programUid=000000007076dd01017076fc7fcf00f33,연중무휴,시설에 따라 변동,Y,변동,Y,해당없음,모두 가능,"목줄, 배변봉투",N,Y,공원,없음,2022-11-30
아중호수,반려동물업,반려동반여행,여행지,전라북도,전주시 덕진구,우아2동,,1097-8 번지,한배미로,66 번,35.82596376,127.17106,55028.0,전라북도 전주시 덕진구 한배미로 66,전라북도 전주시 덕진구 우아동1가 1097-8,063-281-5325,정보없음,연중무휴,매일 00:00~24:00,Y,없음,Y,해당없음,모두 가능,"목줄, 배변봉투",N,Y,관광지,없음,2022-11-30
아지트261,반려동물업,반려동반여행,펜션,경기도,남양주시,수동면,입석리,422-4 번지,비룡로782번길,261 번,37.71520309,127.342597,12030.0,경기도 남양주시 수동면 비룡로782번길 261,경기도 남양주시 수동면 입석리 422-4,,http://azit261.co.kr/,연중무휴,매일 15:00~11:00,Y,변동,Y,해당없음,8kg 이하,"입질, 공격성 있는 경우 입장 제한, 목줄",Y,Y,"애견 동반 펜션, 사전문의 필수","15,000원",2022-11-30
아차산생태공원,반려동물업,반려동반여행,여행지,서울특별시,광진구,광장동,,5-117 번지,워커힐로,127 번,37.55189708,127.101246,4965.0,서울특별시 광진구 워커힐로 127,서울특별시 광진구 광장동 5-117,02-450-1192,https://www.gwangjin.go.kr,연중무휴,매일 00:00~24:00,Y,없음,Y,해당없음,모두 가능,"목줄, 배변봉투",N,Y,공원,없음,2022-11-30
아침미소목장,반려동물업,반려동반여행,여행지,제주특별자치도,제주시,월평동,,155 번지,첨단동길,160-20 번,33.45478762,126.586252,63311.0,제주특별자치도 제주시 첨단동길 160-20,제주특별자치도 제주시 월평동 155,064-727-2545,https://morningsmile.modoo.at/,"설, 추석 연휴, 매주 화요일","월~금 10:00~17:00, 토~일 10:00~17:00",Y,변동,Y,해당없음,모두 가능,"목줄, 배변봉투",N,Y,관광지,없음,2022-11-30
아침에 새소리 펜션,반려동물업,반려동반여행,펜션,강원도,평창군,봉평면,무이리,288-1 번지,백운동길,60-6 번,37.61691602,128.34208,25305.0,강원도 평창군 봉평면 백운동길 60-6,강원도 평창군 봉평면 무이리 288-1,033-332-9668,http://www.birdpension.co.kr/,연중무휴,매일 15:00~11:00,Y,변동,Y,해당없음,모두 가능,객실당 최대 3마리,Y,Y,"애견 동반 펜션, 사전문의 필수","10,000원",2022-11-30
아침이슬펜션,반려동물업,반려동반여행,펜션,강원도,평창군,봉평면,무이리,995-1 번지,경강로,464-11 번,37.59761827,128.312054,25306.0,강원도 평창군 봉평면 경강로 464-11,강원도 평창군 봉평면 무이리 995-1,033-332-2023,정보없음,정보없음,정보없음,Y,변동,N,해당없음,해당없음,해당없음,Y,Y,펜션,없음,2022-11-30
악양생태공원,반려동물업,반려동반여행,여행지,경상남도,함안군,대산면,하기리,802-2 번지,하기2길,208-49 번,35.34051368,128.397888,52012.0,경상남도 함안군 대산면 하기2길 208-49,경상남도 함안군 대산면 하기리 802-2,055-580-3421,https://www.haman.go.kr/04198/05800/05660.web,연중무휴,매일 00:00~24:00,Y,없음,Y,해당없음,모두 가능,목줄,N,Y,공원,없음,2022-11-30
안덕계곡,반려동물업,반려동반여행,여행지,제주특별자치도,서귀포시,안덕면,감산리,359-1 번지,일주서로,1524 번,33.25841494,126.352982,63531.0,제주특별자치도 서귀포시 안덕면 일주서로 1524,제주특별자치도 서귀포시 안덕면 감산리 359-1,064-794-9001,https://www.visitjeju.net/u/9iK,연중무휴,매일 00:00~24:00,Y,없음,Y,해당없음,모두 가능,제한사항 없음,N,Y,관광지,없음,2022-11-30
안돌오름,반려동물업,반려동반여행,여행지,제주특별자치도,제주시,구좌읍,송당리,49-5 번지,중산간동로,2052 번,33.4735409,126.763138,63355.0,제주특별자치도 제주시 구좌읍 중산간동로 2052,제주특별자치도 제주시 구좌읍 송당리 산 49-5,064-740-6000,정보없음,연중무휴,매일 00:00~24:00,Y,3000원,Y,해당없음,소형/중형,"목줄, 배변봉투",N,Y,관광지,없음,2022-11-30
안동하회마을,반려동물업,반려동반여행,여행지,경상북도,안동시,풍천면,하회리,256 번지,전서로,186 번,36.55031384,128.528906,36760.0,경상북도 안동시 풍천면 하회리 256,경상북도 안동시 풍천면 전서로 186,054-853-0109,http://www.hahoe.or.kr/coding/main.asp,연중무휴,매일 09:00~18:00,Y,5000원,Y,해당없음,모두 가능,"목줄, 배변봉투",N,Y,관광지,없음,2022-11-30
안뜸공원,반려동물업,반려동반여행,여행지,충청북도,청주시 서원구,분평동,,1251 번지,1순환로1107번길,59 번,36.60919552,127.48944,28796.0,충청북도 청주시 서원구 1순환로1107번길 59,충청북도 청주시 서원구 분평동 1251,,정보없음,연중무휴,매일 00:00~24:00,N,없음,Y,해당없음,모두 가능,"목줄, 배변봉투",N,Y,공원,없음,2022-11-30
안면도 일마레펜션,반려동물업,반려동반여행,펜션,충청남도,태안군,안면읍,황도리,5-34 번지,풍어제길,65-1 번,36.59991902,126.381145,32160.0,충청남도 태안군 안면읍 풍어제길 65-1,충청남도 태안군 안면읍 황도리 5-34,,http://xn--hq1ba093ag3bryag98b5tdlp3b.com/,연중무휴,매일 15:00~11:00,Y,변동,N,해당없음,해당없음,해당없음,Y,Y,펜션,없음,2022-11-30
안면도해마루펜션,반려동물업,반려동반여행,펜션,충청남도,태안군,안면읍,승언리,1915 번지,해안관광로,320-5 번,36.53037699,126.332057,32164.0,충청남도 태안군 안면읍 해안관광로 320-5,충청남도 태안군 안면읍 승언리 1915,041-674-8668,https://haemarups.modoo.at/,연중무휴,매일 15:00~11:00,Y,변동,Y,해당없음,모두 가능,"입질, 공격성 심한 경우 입실 불가, 애견용품 개별준비",Y,Y,애견 동반 펜션,"10,000원",2022-11-30
안면암,반려동물업,반려동반여행,여행지,충청남도,태안군,안면읍,정당리,178-7 번지,여수해길,198-160 번,36.55942277,126.3738,32163.0,충청남도 태안군 안면읍 여수해길 198-160,충청남도 태안군 안면읍 정당리 178-7,041-673-2333,http://www.anmyeonam.org/,연중무휴,매일 00:00~24:00,Y,없음,Y,해당없음,모두 가능,"목줄, 배변봉투",N,Y,관광지,없음,2022-11-30
안면애견프리독펜션,반려동물업,반려동반여행,펜션,충청남도,태안군,안면읍,승언리,1959-9 번지,해안관광로,276-96 번,36.52523465,126.335735,32164.0,충청남도 태안군 안면읍 해안관광로 276-96,충청남도 태안군 안면읍 승언리 1959-9,0507-1331-3664,http://freedogpension.com/,연중무휴,매일 15:00~11:00,Y,변동,Y,해당없음,7kg 미만,"입질, 공격성 심한 경우, 맹견 입실 불가, 객실당 최대 2마리",Y,Y,애견 동반 펜션,"20,000원",2022-11-30
안산호수공원,반려동물업,반려동반여행,여행지,경기도,안산시 상록구,사동,,1509 번지,해안로,615 번,37.29743704,126.825892,15592.0,경기도 안산시 상록구 해안로 615,경기도 안산시 상록구 사동 1509,1666-1234,정보없음,연중무휴,매일 00:00~24:00,Y,없음,Y,해당없음,모두 가능,"목줄, 배변봉투",N,Y,공원,없음,2022-11-30
안성남사당전수관,반려동물업,반려동반여행,여행지,경기도,안성시,보개면,복평리,34-3 번지,남사당로,196-31 번,37.03129806,127.309143,17508.0,경기도 안성시 보개면 남사당로 196-31,경기도 안성시 보개면 복평리 34-3,031-675-3925,https://www.anseong.go.kr/tour/contents.do?mId=0103000000,연중무휴,매일 09:00~18:00,Y,없음,Y,해당없음,모두 가능,"목줄, 배변봉투",N,Y,관광지,없음,2022-11-30
안성팜랜드,반려동물업,반려동반여행,여행지,경기도,안성시,공도읍,신두리,451 번지,대신두길,28 번,36.99208881,127.194423,17558.0,경기도 안성시 공도읍 대신두길 28,경기도 안성시 공도읍 신두리 451,031-8053-7979,http://nhasfarmland.com/new/dog/dog01.php,연중무휴,"월~금 10:00~18:00, 토~일 9:00~18:00",Y,14000원,Y,해당없음,중형/대형,"목줄, 배변봉투",N,Y,관광지,없음,2022-11-30
알록달록비치펜션,반려동물업,반려동반여행,펜션,경상북도,포항시 남구,구룡포읍,하정리,625-5 번지,동해안로,4492 번,35.96266494,129.547737,37939.0,경상북도 포항시 남구 구룡포읍 동해안로 4492,경상북도 포항시 남구 구룡포읍 하정리 625-5,054-284-0225,http://xn--bk1b56hba851du8dmthlvre3j.com/,연중무휴,매일 15:00~11:00,Y,변동,Y,해당없음,8kg 이하,제한사항 없음,Y,Y,"애견 동반 펜션, 사전문의 필수","10,000원",2022-11-30
알앤비타운,반려동물업,반려동반여행,펜션,제주특별자치도,서귀포시,서홍동,,2479 번지,분토왓로174번길,45 번,33.27989656,126.551752,63578.0,제주특별자치도 서귀포시 분토왓로174번길 45,제주특별자치도 서귀포시 서홍동 2479,064-763-1131,정보없음,연중무휴,매일 14:00~12:00,Y,변동,Y,해당없음,소형/중형,제한사항 없음,Y,Y,애견 동반 펜션,없음,2022-11-30
알함브라 애견동반펜션,반려동물업,반려동반여행,펜션,경상남도,남해군,남면,선구리,1382 번지,빛담촌길,7-6 번,34.7301466,127.86863,52435.0,경상남도 남해군 남면 빛담촌길 7-6,경상남도 남해군 남면 선구리 1382,050-5356-9599,http://xn--oi2bl8jn0cu9errw1oc.kr/,연중무휴,매일 15:00~11:00,Y,변동,Y,해당없음,5kg 미만,애견용품 개인지참 필수,Y,Y,"애견 동반 펜션, 사전문의 필수","20,000원",2022-11-30
암남공원,반려동물업,반려동반여행,여행지,부산광역시,서구,암남동,,620-2 번지,암남공원로,185 번,35.06165819,129.014938,49276.0,부산광역시 서구 암남공원로 185,부산광역시 서구 암남동 620-2,051-240-4538,https://www.bsseogu.go.kr/tour/index.bsseogu,연중무휴,매일 00:00~24:00,Y,변동,Y,해당없음,모두 가능,목줄,N,Y,공원,없음,2022-11-30
앞산공원,반려동물업,반려동반여행,여행지,대구광역시,남구,대명동,,227-1 번지,앞산순환로,574-116 번,35.82248314,128.585483,42502.0,대구광역시 남구 앞산순환로 574-116,대구광역시 남구 대명동 산 227-1,053-803-7420,https://www.daegu.go.kr/env/index.do?menu_id=00000935,연중무휴,매일 00:00~24:00,Y,없음,Y,해당없음,모두 가능,"목줄, 배변봉투",N,Y,공원,없음,2022-11-30
애견펜션 돌봄,반려동물업,반려동반여행,펜션,충청남도,태안군,안면읍,창기리,1996 번지,통샘길,256-5 번,36.57630723,126.361625,32161.0,충청남도 태안군 안면읍 통샘길 256-5,충청남도 태안군 안면읍 창기리 1996,0507-1342-2775,http://www.pensiondolbom.kr,연중무휴,매일 15:00~11:00,Y,변동,Y,해당없음,20kg 미만,털빠짐 심한 경우 입장 불가,Y,Y,애견 동반 펜션,없음,2022-11-30
애견펜션하젠,반려동물업,반려동반여행,펜션,제주특별자치도,서귀포시,표선면,토산리,1034 번지,토산중앙로,140 번,33.31800066,126.774513,63626.0,제주특별자치도 서귀포시 표선면 토산중앙로 140,제주특별자치도 서귀포시 표선면 토산리 1034,0507-1305-5064,https://hazen.modoo.at,연중무휴,매일 15:00~10:00,Y,변동,Y,해당없음,모두 가능,제한사항 없음,Y,Y,애견 동반 펜션,"10,000원",2022-11-30
애월한담공원,반려동물업,반려동반여행,여행지,제주특별자치도,제주시,애월읍,애월리,2459 번지,,,33.4597853,126.310884,63043.0,,제주특별자치도 제주시 애월읍 애월리 2459,064-740-6000,정보없음,연중무휴,매일 00:00~24:00,Y,없음,Y,해당없음,모두 가능,제한사항 없음,N,Y,공원,없음,2022-11-30
애플롯지펜션,반려동물업,반려동반여행,펜션,경기도,가평군,설악면,회곡리,536-2 번지,유명로,2277-4 번,37.70450215,127.448527,12459.0,경기도 가평군 설악면 유명로 2277-4,경기도 가평군 설악면 회곡리 536-2,050-5356-9686,http://applelodge.kr/,연중무휴,매일 15:00~11:00,Y,변동,Y,해당없음,5kg 미만,고양이 불가,Y,Y,애견 동반 펜션,"10,000원",2022-11-30
애향공원,반려동물업,반려동반여행,여행지,충청남도,예산군,삽교읍,목리,1182 번지,애향11길,8 번,36.66190273,126.682327,32416.0,충청남도 예산군 삽교읍 애향11길 8,충청남도 예산군 삽교읍 목리 1182,,http://naepo.chungnam.go.kr/media/mediaMain.do?article_no=MD0001851797&mnu_cd=CNNMENU00014&med_action=view,연중무휴,매일 00:00~24:00,Y,없음,Y,해당없음,모두 가능,목줄,N,Y,공원,없음,2022-11-30
앤드퍼피,반려동물업,반려동반여행,펜션,경기도,양평군,단월면,산음리,830-4 번지,윗고북길,33-5 번,37.58896614,127.584716,12527.0,경기도 양평군 단월면 윗고북길 33-5,경기도 양평군 단월면 산음리 830-4,0507-1312-2408,https://andpuffy.modoo.at/?link=8nqy7g0u,연중무휴,매일 15:00~11:00,Y,변동,Y,해당없음,15kg 이하,제한사항 없음,Y,Y,"애견 동반 펜션, 사전문의 필수","10,000원",2022-11-30
양구레포츠공원,반려동물업,반려동반여행,여행지,강원도,양구군,양구읍,정림리,425 번지,,,38.10106706,127.984655,24549.0,,강원도 양구군 양구읍 정림리 425,033-480-2251,정보없음,연중무휴,매일 00:00~24:00,Y,없음,Y,해당없음,소형,제한사항 없음,N,Y,공원,없음,2022-11-30
양사재,반려동물업,반려동반여행,펜션,전라북도,전주시 완산구,교동,,58 번지,오목대길,40 번,35.81324536,127.154137,55045.0,전라북도 전주시 완산구 오목대길 40,전라북도 전주시 완산구 교동 58,063-282-4959,http://yangsajae.kr/,정보없음,정보없음,Y,변동,N,해당없음,해당없음,해당없음,Y,Y,펜션,없음,2022-11-30
양양송이조각공원,반려동물업,반려동반여행,여행지,강원도,양양군,양양읍,송암리,505-3 번지,,,38.08670004,128.63499,25020.0,,강원도 양양군 양양읍 송암리 505-3,,정보없음,연중무휴,매일 00:00~24:00,Y,없음,Y,해당없음,모두 가능,목줄,N,Y,공원,없음,2022-11-30
양양스테이,반려동물업,반려동반여행,펜션,강원도,양양군,강현면,강선리,777 번지,강선중앙길,123 번,38.15673498,128.587365,25000.0,강원도 양양군 강현면 강선중앙길 123,강원도 양양군 강현면 강선리 777,,https://blog.naver.com/hailbox,연중무휴,매일 15:00~11:00,Y,변동,Y,해당없음,8kg 이하,제한사항 없음,Y,Y,애견 동반 펜션,"15,000원",2022-11-30
양재천근린공원,반려동물업,반려동반여행,여행지,서울특별시,서초구,양재동,,261-23 번지,,,37.47662396,127.041508,6777.0,,서울특별시 서초구 양재동 261-23,02-2155-6896,https://korean.visitkorea.or.kr/detail/ms_detail.do?cotid=09d42fc7-cfd1-4af5-91ca-7d45e7bf9c36&big_category=A02&mid_category=A0202&big_area=1,연중무휴,매일 00:00~24:00,Y,없음,Y,해당없음,모두 가능,"목줄, 배변봉투",N,Y,공원,없음,2022-11-30
양주천만송이천일홍축제,반려동물업,반려동반여행,여행지,경기도,양주시,광사동,,731 번지,광사로,131-66 번,37.7857988,127.081834,11494.0,경기도 양주시 광사로 131-66,경기도 양주시 광사동 731,031-8082-4114,https://www.yangju.go.kr/festival/index.do,연중무휴,매일 00:00~24:00,Y,없음,Y,해당없음,모두 가능,"목줄, 배변봉투",N,Y,관광지,없음,2022-11-30
양지공원,반려동물업,반려동반여행,여행지,경기도,성남시 수정구,양지동,,979-8 번지,수정로466번길,46 번,37.46246078,127.161511,13137.0,경기도 성남시 수정구 수정로466번길 46,경기도 성남시 수정구 양지동 979-8,031-729-4903,https://www.sujeong-gu.go.kr/mobile/sub/content.asp?cIdx=218,연중무휴,매일 00:00~24:00,Y,없음,Y,해당없음,모두 가능,목줄,N,Y,공원,없음,2022-11-30
양평물소리길,반려동물업,반려동반여행,여행지,경기도,양평군,옥천면,아신리,545-20 번지,경강로,1353-27 번,37.51466953,127.437621,12508.0,경기도 양평군 옥천면 경강로 1353-27,경기도 양평군 옥천면 아신리 545-20,031-770-1003,https://www.yp21.go.kr/mulsorigil/index.do,연중무휴,매일 08:00~18:00,N,없음,Y,해당없음,모두 가능,"목줄, 배변봉투",N,Y,관광지,없음,2022-11-30
어나더153,반려동물업,반려동반여행,펜션,인천광역시,강화군,화도면,동막리,211-13 번지,해안남로,1669-12 번,37.5944154,126.437672,23062.0,인천광역시 강화군 화도면 해안남로 1669-12,인천광역시 강화군 화도면 동막리 211-13,0507-1322-1530,https://www.another153.com/,연중무휴,매일 15:00~11:00,Y,변동,Y,해당없음,모두 가능,제한사항 없음,Y,Y,"애견 동반 펜션, 애견수영장","10,000원",2022-11-30
어달해수욕장,반려동물업,반려동반여행,여행지,강원도,동해시,어달동,,,,,37.56495754,129.112548,,,강원도 동해시 어달동,033-530-2478,https://www.dh.go.kr/tour/sub.htm?mode=view&mv_data=aWR4PTE2MiZuYXZfY29kZT10b3UxNDk2OTY5ODEyJnN0YXJ0UGFnZT0wJmxpc3RObz0xNCZ0YWJsZT1jc190b3VyX3N5bmNfbWV0YSZjb2RlPXNlYSZzZWFyY2hfaXRlbT0mc2VhcmNoX29yZGVyPSZvcmRlcl9saXN0PSZsaXN0X3NjYWxlPSZ2aWV3X2xldmVsPSZ2aWV3X2NhdGU9JnZpZXdfY2F0ZTI9JnBhcnQ9,연중무휴,매일 00:00~24:00,Y,없음,Y,해당없음,모두 가능,"목줄, 안기",N,Y,관광지,없음,2022-11-30
어린왕자 애견펜션,반려동물업,반려동반여행,펜션,강원도,양양군,손양면,동호리,1-56 번지,선사유적로,316-14 번,38.05768095,128.682752,25042.0,강원도 양양군 손양면 선사유적로 316-14,강원도 양양군 손양면 동호리 1-56,0507-1449-6666,http://www.erinwangja.co.kr/,연중무휴,매일 15:00~11:00,Y,변동,Y,해당없음,모두 가능,제한사항 없음,Y,Y,"애견 동반 펜션, 추가인원 15,000원","15,000원",2022-11-30
어반컨트리,반려동물업,반려동반여행,펜션,제주특별자치도,제주시,애월읍,어음리,3454 번지,어림비로,280-14 번,33.41006833,126.332423,63038.0,제주특별자치도 제주시 애월읍 어림비로 280-14,제주특별자치도 제주시 애월읍 어음리 3454,070-4123-8550,정보없음,정보없음,정보없음,Y,변동,Y,해당없음,소형/중형,제한사항 없음,Y,Y,애견 동반 펜션,없음,2022-11-30
어비계곡,반려동물업,반려동반여행,여행지,경기도,가평군,,가일리,,,,37.59246445,127.501482,12473.0,,경기도 가평군 설악면 가일리,031-580-2114,https://www.gptour.go.kr/tour/tour_view.jsp?menu=tour&paramidx=TL0000076,연중무휴,매일 00:00~24:00,Y,없음,Y,해당없음,모두 가능,"목줄, 배변봉투",N,Y,관광지,없음,2022-11-30
어서오시개냥,반려동물업,반려동반여행,펜션,경기도,포천시,이동면,장암리,636-10 번지,화동로,2236-19 번,38.04425399,127.374967,11111.0,경기도 포천시 이동면 화동로 2236-19,경기도 포천시 이동면 장암리 636-10,,http://sunsetpension21.com/,연중무휴,매일 15:00~11:00,Y,변동,Y,해당없음,10kg 이하,제한사항 없음,Y,Y,"애견 동반 펜션, 사전문의 필수",없음,2022-11-30
어양공원,반려동물업,반려동반여행,여행지,전라북도,익산시,어양동,,661 번지,,,35.9557116,126.983387,54565.0,,전라북도 익산시 어양동 661,,정보없음,연중무휴,매일 00:00~24:00,Y,없음,Y,해당없음,모두 가능,목줄,N,Y,공원,없음,2022-11-30
어우름 스파애견펜션,반려동물업,반려동반여행,펜션,경상남도,거제시,일운면,망치리,734 번지,거제대로,1488-9 번,34.79327307,128.665223,53329.0,경상남도 거제시 일운면 거제대로 1488-9,경상남도 거제시 일운면 망치리 734,0507-1497-5905,http://www.geojeharmony.com,연중무휴,매일 15:00~11:00,Y,변동,Y,해당없음,소형,제한사항 없음,Y,Y,"애견 동반 펜션, 사전문의 필수","20,000원",2022-11-30
어울림공원,반려동물업,반려동반여행,여행지,경기도,안산시 단원구,신길동,,1575 번지,,,37.33303718,126.788688,15407.0,,경기도 안산시 단원구 신길동 1575,031-481-6412,정보없음,연중무휴,매일 00:00~24:00,N,없음,Y,해당없음,모두 가능,목줄,N,Y,공원,없음,2022-11-30
엉또폭포,반려동물업,반려동반여행,여행지,제주특별자치도,서귀포시,강정동,,5628 번지,염돈로,121-8 번,33.25882149,126.491918,63558.0,제주특별자치도 서귀포시 염돈로 121-8,제주특별자치도 서귀포시 강정동 5628,064-740-6000,정보없음,연중무휴,매일 09:00~18:00,Y,없음,Y,해당없음,소형/중형,"목줄, 배변봉투",N,Y,관광지,없음,2022-11-30
에버그린과파인트리 애견동반펜션,반려동물업,반려동반여행,펜션,경상남도,거제시,일운면,망치리,731-4 번지,거제대로,1494-12 번,34.79379126,128.664595,53329.0,경상남도 거제시 일운면 거제대로 1494-12,경상남도 거제시 일운면 망치리 731-4,050-5356-9692,http://evergreenpinetree.kr/,연중무휴,매일 15:00~11:00,Y,변동,Y,해당없음,15kg 미만,제한사항 없음,Y,Y,"애견 동반 펜션, 사전문의 필수","10,000원",2022-11-30
에코피아,반려동물업,반려동반여행,펜션,경기도,가평군,북면,적목리,485-1 번지,가화로,3010 번,37.98425203,127.439108,12400.0,경기도 가평군 북면 가화로 3010,경기도 가평군 북면 적목리 485-1,031-581-8741,http://ecopiaps.com/,정보없음,정보없음,Y,변동,Y,해당없음,5kg 이하,목줄,Y,Y,애견 동반 펜션,"20,000원",2022-11-30
엑스포다리,반려동물업,반려동반여행,여행지,대전광역시,유성구,도룡동,,,,,36.37535245,127.386308,34112.0,,대전광역시 유성구 도룡동,042-250-1400,정보없음,연중무휴,매일 00:00~24:00,N,없음,Y,해당없음,모두 가능,"목줄, 배변봉투",N,Y,관광지,없음,2022-11-30
엑스포타워,반려동물업,반려동반여행,여행지,강원도,속초시,조양동,,1544-1 번지,엑스포로,72 번,38.19161992,128.583105,24872.0,강원도 속초시 엑스포로 72,강원도 속초시 조양동 1544-1,033-637-5083,정보없음,연중무휴,매일 09:00~22:00,Y,2500원,Y,해당없음,모두 가능,목줄,N,Y,관광지,없음,2022-11-30
엔젤하우스펜션,반려동물업,반려동반여행,펜션,제주특별자치도,제주시,애월읍,고내리,11-1 번지,신엄안3길,95 번,33.47239839,126.357779,63046.0,제주특별자치도 제주시 애월읍 신엄안3길 95,제주특별자치도 제주시 애월읍 고내리 11-1,0507-1370-2666,http://angelhouse.kr/m/index.php,연중무휴,매일 16:00~11:00,Y,변동,Y,해당없음,8kg 미만,제한사항 없음,Y,Y,애견 동반 펜션,없음,2022-11-30
엘시아 애견풀빌라,반려동물업,반려동반여행,펜션,경상남도,남해군,남면,석교리,847 번지,남면로56번길,6-7 번,34.76665196,127.896469,52436.0,경상남도 남해군 남면 남면로56번길 6-7,경상남도 남해군 남면 석교리 847,,http://elsiapool.co.kr/,연중무휴,매일 15:00~11:00,Y,변동,Y,해당없음,13kg 이하,"맹견, 13kg 초과 대형견 입장 불가",Y,Y,"애견 동반 펜션, 사전문의 필수","10,000원",2022-11-30
엘페로 애견리조트 펜션,반려동물업,반려동반여행,펜션,강원도,홍천군,서면,대곡리,86-11 번지,한서로,2019 번,37.62483522,127.663242,25103.0,강원도 홍천군 서면 한서로 2019,강원도 홍천군 서면 대곡리 86-11,0507-1404-2032,http://elperro.co.kr/,연중무휴,매일 15:00~11:00,Y,변동,Y,해당없음,"10kg, 체고 40cm 이하",털빠짐 심한 경우 입장 불가,Y,Y,"애견 동반 펜션, 사전문의 필수","10,000원",2022-11-30
엘피라펜션,반려동물업,반려동반여행,펜션,경상남도,거제시,남부면,다포리,65-21 번지,거제남서로,370 번,34.71555038,128.62189,53334.0,경상남도 거제시 남부면 거제남서로 370,경상남도 거제시 남부면 다포리 65-21,0507-1444-0189,http://www.elpira.kr/,연중무휴,매일 15:00~11:00,Y,변동,Y,해당없음,7kg 미만,제한사항 없음,Y,Y,"애견 동반 펜션, 사전문의 필수","20,000원",2022-11-30
엠플레이파크,반려동물업,반려동반여행,여행지,충청남도,태안군,태안읍,장산리,877-6 번지,그절미길,2-99 번,36.75410802,126.280296,32145.0,충청남도 태안군 태안읍 그절미길 2-99,충청남도 태안군 태안읍 장산리 877-6,0507-1377-9169,https://www.instagram.com/mplaypark/,"매주 월, 화",수~일 11:00~20:00,Y,없음,Y,해당없음,모두 가능,목줄,N,Y,관광지,없음,2022-11-30
여수 가즈아풀빌라,반려동물업,반려동반여행,펜션,전라남도,여수시,돌산읍,평사리,1395-84 번지,돌산로,3159-6 번,34.70287737,127.757964,59771.0,전라남도 여수시 돌산읍 돌산로 3159-6,전라남도 여수시 돌산읍 평사리 1395-84,061-642-3399,http://www.xn--o39av1tqof4vh8ufo5s.com/,연중무휴,매일 15:00~11:00,Y,변동,Y,해당없음,10kg 미만,제한사항 없음,Y,Y,애견 동반 펜션,"15,000원",2022-11-30
여수 그린하우스 펜션,반려동물업,반려동반여행,펜션,전라남도,여수시,화양면,이천리,208-10 번지,옥천로,1063-10 번,34.74439725,127.584857,59651.0,전라남도 여수시 화양면 옥천로 1063-10,전라남도 여수시 화양면 이천리 208-10,050-5356-9558,http://yeosugreen.kr/,연중무휴,매일 15:00~11:00,Y,변동,Y,해당없음,10kg 미만,객실당 최대 2마리,Y,Y,애견 동반 펜션,"20,000원",2022-11-30
여수 꿈에그린 애견동반펜션,반려동물업,반려동반여행,펜션,전라남도,여수시,돌산읍,평사리,986-17 번지,평사로,408 번,34.65823286,127.733367,59772.0,전라남도 여수시 돌산읍 평사로 408,전라남도 여수시 돌산읍 평사리 986-17,050-5679-2984,http://ysdreampension.kr/,연중무휴,매일 15:00~11:00,Y,변동,Y,해당없음,10kg 미만,"객실당 최대 3마리, 대형견 불가",Y,Y,애견 동반 펜션,"10,000원",2022-11-30
여수 나폴리 하우스,반려동물업,반려동반여행,펜션,전라남도,여수시,돌산읍,죽포리,109 번지,두문포길,131-3 번,34.64601933,127.793823,59775.0,전라남도 여수시 돌산읍 두문포길 131-3,전라남도 여수시 돌산읍 죽포리 109,0507-1356-1252,http://yeosunapolihouse.co.kr,연중무휴,매일 15:00~11:00,Y,변동,Y,해당없음,5kg 이하,제한사항 없음,Y,Y,애견 동반 펜션,"10,000원",2022-11-30
여수 느낌 애견풀빌라,반려동물업,반려동반여행,펜션,전라남도,여수시,돌산읍,평사리,308-3 번지,계동로,426 번,34.67262535,127.782177,59774.0,전라남도 여수시 돌산읍 계동로 426,전라남도 여수시 돌산읍 평사리 308-3,050-5282-9306,http://xn--l89am7eh0bcyieyjs0fcsg55a298f.kr/,연중무휴,매일 16:00~12:00,Y,변동,Y,해당없음,5kg 미만,"객실당 최대 2마리, 목줄",Y,Y,애견 동반 펜션,"30,000원",2022-11-30
여수 다시봄 애견동반 펜션,반려동물업,반려동반여행,펜션,전라남도,여수시,돌산읍,평사리,1006-15 번지,평사로,339 번,34.65551872,127.727332,59772.0,전라남도 여수시 돌산읍 평사로 339,전라남도 여수시 돌산읍 평사리 1006-15,050-5356-9561,http://www.dasibom.co.kr/,연중무휴,매일 15:00~11:00,Y,변동,Y,해당없음,소형,"객실당 최대 2마리, 애견용품 개별준비",Y,Y,애견 동반 펜션,"15,000원",2022-11-30
여수 다옴,반려동물업,반려동반여행,펜션,전라남도,여수시,돌산읍,평사리,1385-4 번지,돌산로,3090 번,34.69874146,127.762461,59771.0,전라남도 여수시 돌산읍 돌산로 3090,전라남도 여수시 돌산읍 평사리 1385-4,061-642-1056,http://marginmax.me/pages/A2/index.html?idx=1870&co_id=daomm,연중무휴,매일 15:00~11:00,Y,변동,Y,해당없음,10kg 미만,객실당 최대 1마리,Y,Y,애견 동반 펜션,"20,000원",2022-11-30
여수 물음표펜션,반려동물업,반려동반여행,펜션,전라남도,여수시,화양면,이천리,689-1 번지,옥천로,722 번,34.72765374,127.568323,59651.0,전라남도 여수시 화양면 옥천로 722,전라남도 여수시 화양면 이천리 689-1,0507-1368-2052,https://blog.naver.com/aszx6255,연중무휴,매일 15:00~11:00,Y,변동,Y,해당없음,10kg 미만,객실당 최대 6마리,Y,Y,애견 동반 펜션,"15,000원",2022-11-30
여수 복자 스파펜션,반려동물업,반려동반여행,펜션,전라남도,여수시,돌산읍,평사리,1006-9 번지,평사로,331 번,34.65547838,127.726389,59772.0,전라남도 여수시 돌산읍 평사로 331,전라남도 여수시 돌산읍 평사리 1006-9,050-5356-9614,http://xn--pn3b83fpqgq1n.kr/,연중무휴,매일 15:00~11:00,Y,변동,Y,해당없음,10kg 이하,"객실당 최대 2마리, 애견용품 개별준비",Y,Y,애견 동반 펜션,"15,000원",2022-11-30
여수 빌리지피어 펜션,반려동물업,반려동반여행,펜션,전라남도,여수시,돌산읍,평사리,320-8 번지,계동로,393 번,34.6698497,127.782648,59774.0,전라남도 여수시 돌산읍 계동로 393,전라남도 여수시 돌산읍 평사리 320-8,0507-1389-1449,http://villagepier.kr/,연중무휴,매일 15:00~11:00,Y,변동,Y,해당없음,소형,객실당 최대 2마리,Y,Y,애견 동반 펜션,"20,000원",2022-11-30
여수 슈가몽 펜션,반려동물업,반려동반여행,펜션,전라남도,여수시,돌산읍,우두리,60-22 번지,월전길,162 번,34.7036467,127.783266,59770.0,전라남도 여수시 돌산읍 월전길 162,전라남도 여수시 돌산읍 우두리 60-22,,http://www.yeosu-sugarmong.kr/html/index.html,연중무휴,매일 15:00~11:00,Y,변동,Y,해당없음,30kg 미만,객실당 최대 2마리,Y,Y,애견 동반 펜션,"20,000원",2022-11-30
여수 안단테 스파 펜션,반려동물업,반려동반여행,펜션,전라남도,여수시,돌산읍,평사리,1006-13 번지,평사로,335 번,34.6555004,127.726837,59772.0,전라남도 여수시 돌산읍 평사로 335,전라남도 여수시 돌산읍 평사리 1006-13,050-5765-0610,http://ysandante.kr/,연중무휴,매일 15:00~11:00,Y,변동,Y,해당없음,10kg 미만,"객실당 최대 2마리, 애견용품 개별준비",Y,Y,애견 동반 펜션,"15,000원",2022-11-30
여수미남크루즈,반려동물업,반려동반여행,여행지,전라남도,여수시,돌산읍,우두리,813-10 번지,돌산로,3617-22 번,34.72945039,127.737257,59768.0,전라남도 여수시 돌산읍 돌산로 3617-22,전라남도 여수시 돌산읍 우두리 813-10,1533-6256,http://www.minamcruise.com/,연중무휴,매일 10:00~20:00,Y,40000원,Y,해당없음,소형/중형,케이지 이용,N,Y,관광지,없음,2022-11-30
여수바다향기 키즈가족 독채펜션,반려동물업,반려동반여행,펜션,전라남도,여수시,돌산읍,평사리,966 번지,평사로,479 번,34.66213479,127.739173,59772.0,전라남도 여수시 돌산읍 평사로 479,전라남도 여수시 돌산읍 평사리 966,050-5356-9563,http://www.ysea.co.kr/,연중무휴,매일 15:00~11:00,Y,변동,Y,해당없음,소형/중형,객실당 최대 1마리,Y,Y,"애견 동반 펜션, 사전문의 필수",없음,2022-11-30
여수선사유적공원,반려동물업,반려동반여행,여행지,전라남도,여수시,화장동,,945-1 번지,,,34.77876545,127.646238,59638.0,,전라남도 여수시 화장동 945-1,061-659-4630,정보없음,연중무휴,매일 00:00~24:00,Y,없음,Y,해당없음,모두 가능,"목줄, 배변봉투",N,Y,공원,없음,2022-11-30
여수이사부크루즈,반려동물업,반려동반여행,여행지,전라남도,여수시,돌산읍,우두리,813-9 번지,돌산로,3617-18 번,34.72973124,127.736949,59768.0,전라남도 여수시 돌산읍 돌산로 3617-18,전라남도 여수시 돌산읍 우두리 813-9,0507-1357-2128,http://www.gcruise.kr/main/main.php?,연중무휴,매일 12:00~19:00,Y,변동,Y,해당없음,모두 가능,케이지 이용,N,Y,관광지,없음,2022-11-30
여수항방파제 하멜등대,반려동물업,반려동반여행,여행지,전라남도,여수시,종화동,,458-7 번지,,,34.73643208,127.747797,59746.0,,전라남도 여수시 종화동 458-7,061-650-6035,https://www.yeosu.go.kr/tour/travel/island_beach?mode=view&idx=296,연중무휴,매일 00:00~24:00,Y,없음,Y,해당없음,모두 가능,"목줄, 배변봉투",N,Y,관광지,없음,2022-11-30
여수해상케이블카,반려동물업,반려동반여행,여행지,전라남도,여수시,돌산읍,우두리,794-89 번지,돌산로,3600-1 번,34.73058792,127.741525,59767.0,전라남도 여수시 돌산읍 돌산로 3600-1,전라남도 여수시 돌산읍 우두리 794-89,061-664-7301,http://www.yeosucablecar.com/,연중무휴,매일 09:30~21:30,Y,15000원,Y,해당없음,소형,"목줄, 케이지",N,Y,관광지,없음,2022-11-30
여수해양공원,반려동물업,반려동반여행,여행지,전라남도,여수시,종화동,,526-7 번지,이순신광장로,188-1 번,34.7379571,127.74417,59746.0,전라남도 여수시 이순신광장로 188-1,전라남도 여수시 종화동 526-7,,https://www.yeosu.go.kr/tour/leisure/walk/marine_park,연중무휴,매일 00:00~24:00,Y,없음,Y,해당없음,모두 가능,"목줄, 배변봉투",N,Y,공원,없음,2022-11-30
여의도 이랜드크루즈,반려동물업,반려동반여행,여행지,서울특별시,영등포구,여의도동,,85-1 번지,여의동로,290 번,37.52581426,126.93841,7337.0,서울특별시 영등포구 여의동로 290,서울특별시 영등포구 여의도동 85-1,02-6291-6900,http://www.elandcruise.com/,매주 월요일,시설에 따라 변동,Y,변동,Y,해당없음,소형/중형,"케이지, 안기",N,Y,관광지,없음,2022-11-30
여자만갯벌,반려동물업,반려동반여행,여행지,전라남도,여수시,,사곡리,,,,34.79164857,127.577809,59607.0,,전라남도 여수시 소라면 사곡리,061-659-1060,https://www.yeosu.go.kr/tour/travel/island_beach?mode=view&idx=453,연중무휴,매일 09:00~18:00,Y,없음,Y,해당없음,모두 가능,"목줄, 배변봉투",N,Y,관광지,없음,2022-11-30
여하정,반려동물업,반려동반여행,여행지,충청남도,홍성군,,오관리,,,,36.59917903,126.661615,32229.0,,충청남도 홍성군 홍성읍 오관리,041-630-1226,정보없음,연중무휴,매일 00:00~24:00,Y,없음,Y,해당없음,모두 가능,목줄,N,Y,관광지,없음,2022-11-30
연꽃테마파크,반려동물업,반려동반여행,여행지,경기도,시흥시,하중동,,271 번지,관곡지로,139 번,37.4007007,126.808403,14973.0,경기도 시흥시 관곡지로 139,경기도 시흥시 하중동 271,031-310-6224,https://www.siheung.go.kr/portal/treasureMap/view.do?idx=2&mId=0814010900,연중무휴,매일 00:00~24:00,Y,없음,Y,해당없음,모두 가능,"목줄, 배변봉투",N,Y,관광지,없음,2022-11-30
연산면민체육공원,반려동물업,반려동반여행,여행지,충청남도,논산시,연산면,청동리,611 번지,관창로,181 번,36.21444106,127.196802,32913.0,충청남도 논산시 연산면 관창로 181,충청남도 논산시 연산면 청동리 611,,정보없음,연중무휴,매일 00:00~24:00,Y,없음,Y,해당없음,모두 가능,목줄,N,Y,공원,없음,2022-11-30
연우당 게스트하우스,반려동물업,반려동반여행,펜션,전라북도,전주시 완산구,풍남동,,54-1 번지,태조로,12-17 번,35.8155876,127.153111,55041.0,전라북도 전주시 완산구 태조로 12-17,전라북도 전주시 완산구 풍남동3가 54-1,0507-1491-0302,http://yeonwoodang.com/,연중무휴,매일 15:00~10:30,Y,변동,N,해당없음,해당없음,해당없음,Y,Y,펜션,없음,2022-11-30
연제공원,반려동물업,반려동반여행,여행지,충청북도,청주시 흥덕구,오송읍,연제리,630 번지,,,36.64142656,127.32165,28165.0,,충청북도 청주시 흥덕구 오송읍 연제리 630,043-201-7562,정보없음,연중무휴,매일 00:00~24:00,N,없음,Y,해당없음,모두 가능,"목줄, 배변봉투",N,Y,공원,없음,2022-11-30
엽순근린공원,반려동물업,반려동반여행,여행지,전라북도,전주시 덕진구,장동,,1073 번지,틀못2길,29 번,35.84232002,127.061236,54862.0,전라북도 전주시 덕진구 틀못2길 29,전라북도 전주시 덕진구 장동 1073,063-239-2546,정보없음,연중무휴,매일 00:00~24:00,N,없음,Y,해당없음,모두 가능,"목줄, 배변봉투",N,Y,공원,없음,2022-11-30
영금정,반려동물업,반려동반여행,여행지,강원도,속초시,동명동,,1-185 번지,영금정로,43 번,38.2118456,128.601438,24811.0,강원도 속초시 영금정로 43,강원도 속초시 동명동 1-185,033-639-2690,정보없음,연중무휴,매일 00:00~24:00,Y,없음,Y,해당없음,모두 가능,목줄,N,Y,관광지,없음,2022-11-30
영남알프스,반려동물업,반려동반여행,여행지,울산광역시,울주군,상북면,,,,,35.59053433,129.09129,44952.0,,울산광역시 울주군 상북면,052-204-2931,https://all.ulju.ulsan.kr/ynawc/,연중무휴,매일 00:00~24:00,Y,없음,Y,해당없음,모두 가능,"목줄, 배변봉투",N,Y,관광지,없음,2022-11-30
영덕오션펜션,반려동물업,반려동반여행,펜션,경상북도,영덕군,병곡면,백석리,19 번지,동해대로,7732 번,36.62868915,129.414942,36403.0,경상북도 영덕군 병곡면 동해대로 7732,경상북도 영덕군 병곡면 백석리 19,070-8104-7562,http://ydocean.co.kr,연중무휴,매일 15:00~12:00,Y,변동,Y,해당없음,7kg 이하,객실당 최대 2마리,Y,Y,"애견 동반 펜션, 애견수영장, 사전문의 필수",없음,2022-11-30
영랑호수공원,반려동물업,반려동반여행,여행지,강원도,속초시,동명동,,512-82 번지,,,38.21208449,128.584375,24828.0,,강원도 속초시 동명동 512-82,033-639-2539,정보없음,연중무휴,매일 00:00~24:00,Y,없음,Y,해당없음,모두 가능,목줄,N,Y,공원,없음,2022-11-30
영랑호습지생태공원,반려동물업,반려동반여행,여행지,강원도,속초시,장사동,,418-16 번지,영랑호반길,329-1 번,38.21449294,128.569919,24805.0,강원도 속초시 영랑호반길 329-1,강원도 속초시 장사동 418-16,033-639-2690,정보없음,연중무휴,매일 00:00~24:00,Y,없음,Y,해당없음,모두 가능,목줄,N,Y,공원,없음,2022-11-30
영산강8경 담양습지,반려동물업,반려동반여행,여행지,전라남도,담양군,,태목리,,,,35.26156242,126.895508,57331.0,,전라남도 담양군 대전면 태목리,061-381-5238,http://www.damyang.go.kr/tour/index.damyang,연중무휴,매일 00:00~24:00,Y,없음,Y,해당없음,모두 가능,"목줄, 배변봉투",N,Y,관광지,없음,2022-11-30
영암연희한옥펜션,반려동물업,반려동반여행,펜션,전라남도,영암군,군서면,도갑리,762-2 번지,왕인로,690-17 번,34.7736987,126.645223,58434.0,전라남도 영암군 군서면 왕인로 690-17,전라남도 영암군 군서면 도갑리 762-2,0507-1492-3314,https://site.onda.me/122617,연중무휴,매일 15:00~11:00,Y,변동,Y,해당없음,35kg 미만,제한사항 없음,Y,Y,애견 동반 펜션,"20,000원",2022-11-30
영일대해수욕장,반려동물업,반려동반여행,여행지,경상북도,포항시 북구,두호동,,685-1 번지,,,36.05729023,129.378069,,,경상북도 포항시 북구 두호동 685-1,054-270-2114,https://www.pohang.go.kr/phtour/index.do,연중무휴,매일 00:00~24:00,Y,없음,Y,해당없음,모두 가능,목줄,N,Y,관광지,없음,2022-11-30
영종도 마시안해변,반려동물업,반려동반여행,여행지,인천광역시,중구,덕교동,,662-9 번지,마시란로,118 번,37.43261022,126.417569,22385.0,인천광역시 중구 마시란로 118,인천광역시 중구 덕교동 662-9,032-760-8872,http://masianbeach.com/,연중무휴,매일 00:00~24:00,Y,없음,Y,해당없음,모두 가능,"목줄, 배변봉투",N,Y,관광지,없음,2022-11-30
영종도 해둥실펜션,반려동물업,반려동반여행,펜션,인천광역시,중구,무의동,,414 번지,큰무리로,36 번,37.40344243,126.409945,22386.0,인천광역시 중구 큰무리로 36,인천광역시 중구 무의동 414,,https://www.instagram.com/sundungsil/,연중무휴,매일 15:00~11:00,Y,변동,Y,해당없음,10kg 미만,객실당 최대 2마리,Y,Y,애견 동반 펜션,"20,000원",2022-11-30
영종씨사이드레일바이크,반려동물업,반려동반여행,여행지,인천광역시,중구,중산동,,1967-1 번지,구읍로,75 번,37.48846007,126.576868,22410.0,인천광역시 중구 구읍로 75,인천광역시 중구 중산동 1967-1,032-719-7778,http://www.영종씨사이드레일바이크.com,연중무휴,매일 09:00~16:30,Y,변동,Y,해당없음,소형,"목줄, 안기",N,Y,관광지,없음,2022-11-30
영천악,반려동물업,반려동반여행,여행지,제주특별자치도,서귀포시,상효동,,122-1 번지,,,33.3088127,126.600015,63582.0,,제주특별자치도 서귀포시 상효동 산 122-1,064-710-6043,정보없음,연중무휴,매일 00:00~24:00,N,없음,Y,해당없음,모두 가능,"목줄, 배변봉투",N,Y,관광지,없음,2022-11-30
영흥도 라르고 애견동반펜션,반려동물업,반려동반여행,펜션,인천광역시,옹진군,영흥면,내리,1542-21 번지,영흥로757번길,178 번,37.26697719,126.447796,23117.0,인천광역시 옹진군 영흥면 영흥로757번길 178,인천광역시 옹진군 영흥면 내리 1542-21,,http://xn--299a54rhqb.com/,연중무휴,매일 15:00~11:00,Y,변동,Y,해당없음,모두 가능,"객실당 최대 3마리, 애견용품 개별준비",Y,Y,애견 동반 펜션,"20,000원",2022-11-30
영흥도 바다지기펜션,반려동물업,반려동반여행,펜션,인천광역시,옹진군,영흥면,내리,1651-5 번지,영흥로,698 번,37.27093156,126.453976,23117.0,인천광역시 옹진군 영흥면 영흥로 698,인천광역시 옹진군 영흥면 내리 1651-5,,http://www.바다지기펜션.com,연중무휴,매일 15:00~11:00,Y,변동,Y,해당없음,5kg 이하,객실당 최대 1마리,Y,Y,애견 동반 펜션,없음,2022-11-30
영흥도 바닷가펜션,반려동물업,반려동반여행,펜션,인천광역시,옹진군,영흥면,내리,1626-15 번지,영흥로757번길,45 번,37.27110586,126.449162,23117.0,인천광역시 옹진군 영흥면 영흥로757번길 45,인천광역시 옹진군 영흥면 내리 1626-15,0507-1356-8803,https://www.instagram.com/beachpension/,연중무휴,매일 15:00~11:00,Y,변동,Y,해당없음,모두 가능,객실당 최대 3마리,Y,Y,애견 동반 펜션,"20,000원",2022-11-30
예당관광지,반려동물업,반려동반여행,여행지,충청남도,예산군,응봉면,후사리,81 번지,예당관광로,148 번,36.63693902,126.799713,32447.0,충청남도 예산군 응봉면 예당관광로 148,충청남도 예산군 응봉면 후사리 산 81,041-339-8283,http://www.yesan.go.kr/tour/sub01_01_02_01.do,연중무휴,매일 00:00~24:00,Y,없음,Y,해당없음,소형,목줄,N,Y,관광지,없음,2022-11-30
예원캠핑장,반려동물업,반려동반여행,펜션,전라북도,완주군,동상면,수만리,741 번지,송광수만로,1079-126 번,35.92687523,127.257713,55344.0,전라북도 완주군 동상면 송광수만로 1079-126,전라북도 완주군 동상면 수만리 741,,http://newyewon.com/,연중무휴,매일 14:00~11:00,Y,변동,Y,해당없음,20kg 이하,"객실당 최대 2마리, 목줄",Y,Y,애견 동반 펜션,"10,000원",2022-11-30
옛날에금잔디 펜션,반려동물업,반려동반여행,펜션,인천광역시,강화군,내가면,고천리,857-2 번지,강화서로225번길,18-1 번,37.71611211,126.389213,23018.0,인천광역시 강화군 내가면 강화서로225번길 18-1,인천광역시 강화군 내가면 고천리 857-2,0507-1328-6731,http://www.golden-grass.com/,연중무휴,매일 15:00~12:00,Y,변동,Y,해당없음,15kg 미만,제한사항 없음,Y,Y,"애견 동반 펜션, 사전문의 필수","10,000원",2022-11-30
오금근린공원,반려동물업,반려동반여행,여행지,서울특별시,송파구,오금동,,51 번지,오금로,363 번,37.50519118,127.131653,5725.0,서울특별시 송파구 오금로 363,서울특별시 송파구 오금동 51,02-2147-3380,정보없음,연중무휴,매일 00:00~24:00,Y,없음,Y,해당없음,모두 가능,"목줄, 배변봉투",N,Y,공원,없음,2022-11-30
오남호수공원,반려동물업,반려동반여행,여행지,경기도,남양주시,오남읍,오남리,50-2 번지,,,37.69398731,127.225383,12048.0,,경기도 남양주시 오남읍 오남리 산 50-2,031-590-2416,https://www.nyj.go.kr/culture/276?action-value=d4f3c7ee77df8227a113c0def5eea3c8&action=read,연중무휴,매일 00:00~24:00,Y,없음,Y,해당없음,모두 가능,"목줄, 배변봉투",N,Y,공원,없음,2022-11-30
오뉴월펜션,반려동물업,반려동반여행,펜션,울산광역시,북구,신현동,,352 번지,구남2길,23 번,35.59079848,129.43082,44234.0,울산광역시 북구 구남2길 23,울산광역시 북구 신현동 352,052-294-9798,http://www.ohnewwall.com,연중무휴,매일 15:00~11:00,Y,변동,Y,해당없음,소형,매너벨트 필수,Y,Y,"애견 동반 펜션, 사전문의 필수","10,000원",2022-11-30
오늘하루 스파펜션,반려동물업,반려동반여행,펜션,경기도,가평군,상면,행현리,642-6 번지,수목원로386번길,17 번,37.74772764,127.351857,12448.0,경기도 가평군 상면 수목원로386번길 17,경기도 가평군 상면 행현리 642-6,050-5356-9630,https://todayharu.kr/,연중무휴,매일 15:00~11:00,Y,변동,Y,해당없음,5KG 미만,객실당 최대 2마리,Y,Y,애견 동반 펜션,"20,000원",2022-11-30
오도1리간이해수욕장,반려동물업,반려동반여행,여행지,경상북도,포항시 북구,,오도리,,,,36.15981074,129.394423,,,경상북도 포항시 북구 흥해읍 오도리,054-270-8282,정보없음,연중무휴,매일 00:00~24:00,Y,없음,Y,해당없음,모두 가능,목줄,N,Y,관광지,없음,2022-11-30
오도선착장,반려동물업,반려동반여행,여행지,전라남도,신안군,암태면,신석리,1-10 번지,박달로,9 번,34.86188204,126.156795,58833.0,전라남도 신안군 암태면 박달로 9,전라남도 신안군 암태면 신석리 1-10,061-271-1004,https://korean.visitkorea.or.kr/detail/ms_detail.do?cotid=fbcb454d-4225-4947-91fb-cf8aa46ada25,연중무휴,매일 00:00~24:00,Y,없음,Y,해당없음,모두 가능,"목줄, 배변봉투",N,Y,관광지,없음,2022-11-30
오륙도가원,반려동물업,반려동반여행,여행지,부산광역시,남구,용호동,,894-55 번지,백운포로,14 번,35.10684237,129.111358,48563.0,부산광역시 남구 백운포로 14,부산광역시 남구 용호동 894-55,051-635-0707,http://oryukdo.fordining.kr/,연중무휴,매일 11:30~21:30,Y,없음,Y,해당없음,모두 가능,목줄,N,Y,관광지,없음,2022-11-30
오리골근린공원,반려동물업,반려동반여행,여행지,대전광역시,유성구,장동,,450 번지,,,36.4008503,127.362717,34114.0,,대전광역시 유성구 장동 450,,정보없음,연중무휴,매일 00:00~24:00,N,없음,Y,해당없음,모두 가능,목줄,N,Y,공원,없음,2022-11-30
오블리펜션,반려동물업,반려동반여행,펜션,경기도,가평군,상면,임초리,615-1 번지,임초밤안골로,251 번,37.75005997,127.364253,12447.0,경기도 가평군 상면 임초밤안골로 251,경기도 가평군 상면 임초리 615-1,,http://오블리.com/,연중무휴,매일 15:00~11:00,Y,변동,Y,해당없음,12kg 이하,제한사항 없음,Y,Y,"애견 동반 펜션, 사전문의 필수","10,000원",2022-11-30
오산반려동물테마파크,반려동물업,반려동반여행,여행지,경기도,오산시,오산동,,750 번지,오산천로,72 번,37.14126173,127.063934,18130.0,경기도 오산시 오산천로 72,경기도 오산시 오산동 750,031-378-1517,https://www.osan.go.kr/petpark/,매주 월요일,화~일 10:00~18:00,Y,변동,Y,해당없음,모두 가능,목줄,N,Y,관광지,없음,2022-11-30
오설록티뮤지엄,반려동물업,반려동반여행,여행지,제주특별자치도,서귀포시,안덕면,서광리,1235-1 번지,신화역사로,15 번,33.30592403,126.289492,63521.0,제주특별자치도 서귀포시 안덕면 신화역사로 15,제주특별자치도 서귀포시 안덕면 서광리 1235-1,064-794-5312,www.osulloc.com,연중무휴,매일 09:00~18:00,Y,없음,Y,해당없음,모두 가능,배변봉투,N,Y,관광지,없음,2022-11-30
오송제,반려동물업,반려동반여행,여행지,전라북도,전주시 덕진구,송천1동,,9-1 번지,,,35.861883,127.136677,54839.0,,전라북도 전주시 덕진구 송천동1가 9-1,,https://tour.jeonju.go.kr/board/view.jeonju?menuCd=DOM_000000101006002000&boardId=BBS_0000003&dataSid=9758,연중무휴,매일 00:00~24:00,Y,없음,Y,해당없음,모두 가능,"목줄, 배변봉투",N,Y,관광지,없음,2022-11-30
오송호수공원,반려동물업,반려동반여행,여행지,충청북도,청주시 흥덕구,오송읍,연제리,883 번지,오송생명로,150 번,36.63211732,127.32513,28162.0,충청북도 청주시 흥덕구 오송읍 오송생명로 150,충청북도 청주시 흥덕구 오송읍 연제리 883,043-201-0001,정보없음,연중무휴,매일 00:00~24:00,Y,없음,Y,해당없음,모두 가능,"목줄, 배변봉투",N,Y,공원,없음,2022-11-30
오수의견공원,반려동물업,반려동반여행,여행지,전라북도,임실군,오수면,오수리,33 번지,충효로,2096-16 번,35.54520338,127.332678,55953.0,전라북도 임실군 오수면 충효로 2096-16,전라북도 임실군 오수면 오수리 33,063-640-2941,정보없음,연중무휴,매일 00:00~24:00,Y,없음,Y,해당없음,소형,제한사항 없음,N,Y,공원,없음,2022-11-30
오수휴게소 반려견놀이터,반려동물업,반려동반여행,여행지,전라북도,임실군,오수면,대명리,783-16 번지,순천완주고속도로,74 번,35.54024563,127.311615,55950.0,전라북도 임실군 오수면 순천완주고속도로 74,전라북도 임실군 오수면 대명리 783-16,063-644-5115,정보없음,연중무휴,매일 08:00~20:00,Y,없음,Y,해당없음,모두 가능,"목줄, 배변봉투",N,Y,관광지,없음,2022-11-30
오이도,반려동물업,반려동반여행,여행지,경기도,시흥시,정왕동,,1072-1 번지,,,37.34394261,126.694581,15119.0,,경기도 시흥시 정왕동 1072-1,031-498-5671,정보없음,연중무휴,매일 00:00~24:00,Y,없음,Y,해당없음,모두 가능,"목줄, 배변봉투",N,Y,관광지,없음,2022-11-30
오조리마을,반려동물업,반려동반여행,여행지,제주특별자치도,서귀포시,,오조리,,,,33.46134289,126.906686,,,제주특별자치도 서귀포시 성산읍 오조리,064-782-3182,정보없음,연중무휴,매일 00:00~24:00,N,없음,Y,해당없음,모두 가능,제한사항 없음,N,Y,관광지,없음,2022-11-30
오창미래지농통테마공원,반려동물업,반려동반여행,여행지,충청북도,청주시 청원구,오창읍,용두리,170 번지,,,36.73106048,127.398604,28106.0,,충청북도 청주시 청원구 오창읍 용두리 170,,정보없음,연중무휴,매일 00:00~24:00,Y,없음,Y,해당없음,모두 가능,"목줄, 배변봉투",N,Y,공원,없음,2022-11-30
오창저수지,반려동물업,반려동반여행,여행지,충청북도,청주시 청원구,,성산리,,,,36.73684344,127.414471,28107.0,,충청북도 청주시 청원구 오창읍 성산리,,정보없음,연중무휴,매일 00:00~24:00,Y,없음,Y,해당없음,모두 가능,"목줄, 배변봉투",N,Y,관광지,없음,2022-11-30
오해피펜션,반려동물업,반려동반여행,펜션,강원도,평창군,방림면,계촌리,2217 번지,감동지길,116-17 번,37.48021716,128.274891,25364.0,강원도 평창군 방림면 감동지길 116-17,강원도 평창군 방림면 계촌리 2217,033-332-0016,http://www.5hp.co.kr/,연중무휴,매일 15:00~11:00,Y,변동,Y,해당없음,소형,제한사항 없음,Y,Y,"애견 동반 펜션, 사전문의 필수",변동,2022-11-30
옥구공원,반려동물업,반려동반여행,여행지,경기도,시흥시,정왕동,,2138 번지,서해안로,277 번,37.35451663,126.709916,15013.0,경기도 시흥시 서해안로 277,경기도 시흥시 정왕동 2138,031-310-3864,정보없음,연중무휴,매일 00:00~24:00,Y,없음,Y,해당없음,모두 가능,"목줄, 배변봉투",N,Y,공원,없음,2022-11-30
옥녀봉공원,반려동물업,반려동반여행,여행지,충청남도,논산시,강경읍,북옥리,137 번지,옥녀봉로73번길,28-12 번,36.1639367,127.012052,32931.0,충청남도 논산시 강경읍 옥녀봉로73번길 28-12,충청남도 논산시 강경읍 북옥리 137,,정보없음,연중무휴,매일 00:00~24:00,Y,없음,Y,해당없음,모두 가능,목줄,N,Y,공원,없음,2022-11-30
옥녀봉체육공원,반려동물업,반려동반여행,여행지,대전광역시,서구,도안동,,971 번지,도안북로,158 번,36.3317391,127.34483,35352.0,대전광역시 서구 도안북로 158,대전광역시 서구 도안동 971,,정보없음,연중무휴,매일 00:00~24:00,Y,없음,Y,해당없음,모두 가능,목줄,N,Y,공원,없음,2022-11-30
옥돌해수욕장,반려동물업,반려동반여행,여행지,전라북도,군산시,옥도면,선유도리,426 번지,선유남2길,1 번,35.80806693,126.409834,54000.0,전라북도 군산시 옥도면 선유남2길 1,전라북도 군산시 옥도면 선유도리 426,,정보없음,연중무휴,매일 00:00~24:00,N,없음,Y,해당없음,모두 가능,목줄,N,Y,관광지,없음,2022-11-30
옥암수변공원,반려동물업,반려동반여행,여행지,전라남도,목포시,옥암동,,1396 번지,남악로58번길,18 번,34.80230385,126.445983,58682.0,전라남도 목포시 남악로58번길 18,전라남도 목포시 옥암동 1396,,정보없음,연중무휴,매일 00:00~24:00,Y,없음,Y,해당없음,모두 가능,"목줄, 배변봉투",N,Y,공원,없음,2022-11-30
옥정중앙공원,반려동물업,반려동반여행,여행지,경기도,양주시,옥정동,,1035-1 번지,옥정동로7길,110 번,37.82299986,127.094931,11473.0,경기도 양주시 옥정동로7길 110,경기도 양주시 옥정동 1035-1,031-8082-7310,정보없음,연중무휴,매일 00:00~24:00,Y,없음,Y,해당없음,소형/중형,"목줄, 배변봉투",N,Y,공원,없음,2022-11-30
옥천 화인산림욕장,반려동물업,반려동반여행,여행지,충청북도,옥천군,안남면,화학리,700-1 번지,안남로,151-66 번,36.38237924,127.668312,29009.0,충청북도 옥천군 안남면 안남로 151-66,충청북도 옥천군 안남면 화학리 700-1,0507-1318-0308,http://www.fineforest.co.kr/,연중무휴,일출~일몰,Y,4000원,Y,해당없음,모두 가능,목줄,N,Y,관광지,없음,2022-11-30
옥천금강수변 친수공원,반려동물업,반려동반여행,여행지,충청북도,옥천군,동이면,금암리,1139 번지,,,36.28453047,127.645492,29021.0,,충청북도 옥천군 동이면 금암리 1139,,https://m.place.naver.com/place/1216963907/home?entry=plt,연중무휴,매일 00:00~24:00,Y,없음,Y,해당없음,모두 가능,"목줄, 배변봉투",N,Y,공원,없음,2022-11-30
옥천선사공원,반려동물업,반려동반여행,여행지,충청북도,옥천군,옥천읍,수북리,39 번지,지용로,340 번,36.31569266,127.610295,29028.0,충청북도 옥천군 옥천읍 지용로 340,충청북도 옥천군 옥천읍 수북리 39,043-730-4972,정보없음,연중무휴,매일 00:00~24:00,Y,없음,Y,해당없음,모두 가능,"목줄, 배변봉투",N,Y,공원,없음,2022-11-30
옥타곤펜션,반려동물업,반려동반여행,펜션,인천광역시,강화군,선원면,신정리,347-1 번지,더리미길,33-27 번,37.72052337,126.511862,23042.0,인천광역시 강화군 선원면 더리미길 33-27,인천광역시 강화군 선원면 신정리 347-1,,http://www.octagonps.co.kr/,연중무휴,매일 15:00~11:00,Y,변동,Y,해당없음,10kg 미만,제한사항 없음,Y,Y,"애견 동반 펜션, 사전문의 필수","10,000원",2022-11-30
올레낭,반려동물업,반려동반여행,펜션,제주특별자치도,제주시,애월읍,소길리,766 번지,장소로,205 번,33.43484435,126.379982,63037.0,제주특별자치도 제주시 애월읍 장소로 205,제주특별자치도 제주시 애월읍 소길리 766,064-799-2384,정보없음,정보없음,정보없음,Y,변동,Y,해당없음,모두 가능,제한사항 없음,Y,Y,애견 동반 펜션,없음,2022-11-30
올레펜션,반려동물업,반려동반여행,펜션,경상북도,포항시 북구,청하면,월포리,90 번지,해안로2414번길,15-15 번,36.20745902,129.371304,37517.0,경상북도 포항시 북구 청하면 해안로2414번길 15-15,경상북도 포항시 북구 청하면 월포리 90,054-284-0225,https://blog.naver.com/olle4321,연중무휴,매일 15:00~11:00,Y,변동,Y,해당없음,12kg 이하,제한사항 없음,Y,Y,애견 동반 펜션,"10,000원",2022-11-30
올레하우스,반려동물업,반려동반여행,펜션,제주특별자치도,제주시,구좌읍,행원리,3433-24 번지,덕행로,450-23 번,33.51327037,126.778444,63349.0,제주특별자치도 제주시 구좌읍 덕행로 450-23,제주특별자치도 제주시 구좌읍 행원리 3433-24,064-783-1152,http://www.sanbangolleh.com/,연중무휴,매일 15:00~11:00,Y,변동,Y,해당없음,모두 가능,제한사항 없음,Y,Y,애견 동반 펜션,"20,000원",2022-11-30
올림픽공원,반려동물업,반려동반여행,여행지,서울특별시,송파구,방이동,,88 번지,올림픽로,424 번,37.5203397,127.115518,5540.0,서울특별시 송파구 올림픽로 424,서울특별시 송파구 방이동 88,02-410-1114,www.ksponco.or.kr/olympicpark,연중무휴,매일 05:00~22:00,Y,없음,Y,해당없음,소형/대형,"목줄, 배변봉투",N,Y,공원,없음,2022-11-30
올림픽공원,반려동물업,반려동반여행,여행지,경기도,수원시 권선구,권선동,,1012 번지,효원로256번길,16 번,37.26147429,127.028578,16571.0,경기도 수원시 권선구 효원로256번길 16,경기도 수원시 권선구 권선동 1012,031-228-4628,https://ksun.suwon.go.kr/submain_view.asp?TopID=sub05&MenuID=sub050301,연중무휴,매일 00:00~24:00,Y,없음,Y,해당없음,모두 가능,"목줄, 배변봉투",N,Y,공원,없음,2022-11-30
옹진 펜션바다풍경,반려동물업,반려동반여행,펜션,인천광역시,옹진군,북도면,장봉리,144-5 번지,장봉로238번길,37 번,37.53272389,126.369644,23112.0,인천광역시 옹진군 북도면 장봉로238번길 37,인천광역시 옹진군 북도면 장봉리 144-5,,정보없음,연중무휴,매일 14:00~11:00,Y,변동,Y,해당없음,소형,객실당 최대 2마리,Y,Y,애견 동반 펜션,"20,000원",2022-11-30
와룡산,반려동물업,반려동반여행,여행지,경상남도,사천시,죽림동,,131 번지,새섬바위길,390-4 번,34.97394207,128.083253,52547.0,경상남도 사천시 새섬바위길 390-4,경상남도 사천시 죽림동 131,055-832-9610,정보없음,연중무휴,매일 00:00~24:00,Y,없음,Y,해당없음,소형,제한사항 없음,N,Y,관광지,없음,2022-11-30
와온해변,반려동물업,반려동반여행,여행지,전라남도,순천시,해룡면,상내리,619 번지,와온길,133 번,34.84587005,127.526065,58025.0,전라남도 순천시 해룡면 와온길 133,전라남도 순천시 해룡면 상내리 619,061-749-3107,https://www.suncheon.go.kr/tour/tourist/0008/0006/,연중무휴,매일 00:00~24:00,Y,없음,Y,해당없음,모두 가능,"목줄, 배변봉투",N,Y,관광지,없음,2022-11-30
완도 리베라펜션,반려동물업,반려동반여행,펜션,전라남도,완도군,신지면,신리,530-18 번지,신지로,415 번,34.33542702,126.81238,59146.0,전라남도 완도군 신지면 신지로 415,전라남도 완도군 신지면 신리 530-18,0507-1310-4445,http://xn--oi2bm5b2zddyg8t1a.com/v2/default.html,연중무휴,매일 15:00~11:00,Y,변동,Y,해당없음,소형,제한사항 없음,Y,Y,애견 동반 펜션,"20,000원",2022-11-30
완도 용현이네 펜션,반려동물업,반려동반여행,펜션,전라남도,완도군,신지면,대곡리,1497 번지,대곡길,79-152 번,34.34271973,126.818853,59146.0,전라남도 완도군 신지면 대곡길 79-152,전라남도 완도군 신지면 대곡리 1497,,https://happyrho.modoo.at/,연중무휴,매일 14:00~11:00,Y,변동,Y,해당없음,소형,객실당 최대 2마리,Y,Y,애견 동반 펜션,"20,000원",2022-11-30
완산칠봉꽃동산,반려동물업,반려동반여행,여행지,전라북도,전주시 완산구,동완산동,,124-1 번지,,,35.80856634,127.14674,55098.0,,전라북도 전주시 완산구 동완산동 산 124-1,,정보없음,연중무휴,매일 00:00~24:00,Y,없음,Y,해당없음,모두 가능,목줄,N,Y,관광지,없음,2022-11-30
완주 델루나펜션,반려동물업,반려동반여행,펜션,전라북도,완주군,소양면,황운리,1-10 번지,송광수만로,169 번,35.87641538,127.244166,55348.0,전라북도 완주군 소양면 송광수만로 169,전라북도 완주군 소양면 황운리 1-10,063-246-7134,http://www.delluna.kr/,연중무휴,매일 15:30~11:00,Y,변동,Y,해당없음,10kg 이하,제한사항 없음,Y,Y,애견 동반 펜션,"20,000원",2022-11-30
완주 들꽃펜션,반려동물업,반려동반여행,펜션,전라북도,완주군,운주면,산북리,405 번지,대둔산로,2100-8 번,36.10465037,127.336136,55300.0,전라북도 완주군 운주면 대둔산로 2100-8,전라북도 완주군 운주면 산북리 405,,http://www.dlkotps.net/,연중무휴,매일 14:00~12:00,Y,변동,Y,해당없음,10kg 미만,제한사항 없음,Y,Y,애견 동반 펜션,없음,2022-11-30
왕산해수욕장,반려동물업,반려동반여행,여행지,인천광역시,중구,을왕동,,810-98 번지,용유서로423번길,9-1 번,37.45584504,126.370654,22383.0,인천광역시 중구 용유서로423번길 9-1,인천광역시 중구 을왕동 810-98,032-777-1330,https://www.icjg.go.kr/tour/cttu0107a09#section1,연중무휴,매일 00:00~24:00,Y,없음,Y,해당없음,모두 가능,"목줄, 배변봉투",N,Y,관광지,없음,2022-11-30
왕인박사유적지,반려동물업,반려동반여행,여행지,전라남도,영암군,군서면,동구림리,17 번지,왕인로,440 번,34.75653038,126.629121,58434.0,전라남도 영암군 군서면 왕인로 440,전라남도 영암군 군서면 동구림리 산 17,061-470-6643,https://www.yeongam.go.kr/home/historicalsite/wangin/yeongam.go,연중무휴,매일 09:00~18:00,Y,1000원,Y,해당없음,모두 가능,"목줄, 배변봉투",N,Y,관광지,없음,2022-11-30
왕지벚꽃길,반려동물업,반려동반여행,여행지,경상남도,남해군,설천면,문의리,1009 번지,,,34.93593364,127.907032,52401.0,,경상남도 남해군 설천면 문의리 1009,055-860-8601,https://www.namhae.go.kr/tour/00008/00027/00315.web,연중무휴,매일 00:00~24:00,N,없음,Y,해당없음,모두 가능,"목줄, 배변봉투",N,Y,관광지,없음,2022-11-30
왜목마을,반려동물업,반려동반여행,여행지,충청남도,당진시,석문면,교로리,844-31 번지,왜목길,8 번,37.04428019,126.52441,31700.0,충청남도 당진시 석문면 왜목길 8,충청남도 당진시 석문면 교로리 844-31,041-354-1713,http://www.waemok.kr/,연중무휴,매일 00:00~24:00,Y,없음,Y,해당없음,모두 가능,"목줄, 배변봉투",N,Y,관광지,없음,2022-11-30
외도 펠리스 펜션,반려동물업,반려동반여행,펜션,경상남도,거제시,일운면,와현리,398 번지,와현로,58 번,34.81512844,128.708029,53329.0,경상남도 거제시 일운면 와현로 58,경상남도 거제시 일운면 와현리 398,,http://oedopalace.co.kr/,연중무휴,매일 15:00~11:00,Y,변동,Y,해당없음,5kg 이하,제한사항 없음,Y,Y,"애견 동반 펜션, 사전문의 필수","10,000원",2022-11-30
외돌개,반려동물업,반려동반여행,여행지,제주특별자치도,서귀포시,서홍동,,784-3 번지,남성로,56 번,33.24101157,126.546498,63594.0,제주특별자치도 서귀포시 남성로 56,제주특별자치도 서귀포시 서홍동 784-3,064-760-3192,정보없음,연중무휴,매일 00:00~24:00,Y,없음,Y,해당없음,모두 가능,"목줄, 배변봉투",N,Y,관광지,없음,2022-11-30
외돌개,반려동물업,반려동반여행,여행지,제주특별자치도,서귀포시,서홍동,,791 번지,,,33.24007687,126.545664,63594.0,,제주특별자치도 서귀포시 서홍동 791,064-760-3192,정보없음,연중무휴,매일 00:00~24:00,Y,없음,Y,해당없음,모두 가능,목줄,N,Y,관광지,없음,2022-11-30
외암마을민박,반려동물업,반려동반여행,여행지,충청남도,아산시,송악면,외암리,203 번지,외암민속길9번길,13-2 번,36.73099203,127.01443,31557.0,충청남도 아산시 송악면 외암민속길9번길 13-2,충청남도 아산시 송악면 외암리 203,041-541-0848,http://www.oeam.co.kr/,연중무휴,매일 19:00~17:30,Y,2000원,Y,해당없음,모두 가능,목줄,N,Y,관광지,없음,2022-11-30
요산공원,반려동물업,반려동반여행,여행지,전라북도,임실군,운암면,입석리,490-15 번지,,,35.63037732,127.154886,55904.0,,전라북도 임실군 운암면 입석리 490-15,063-640-2344,정보없음,연중무휴,매일 00:00~24:00,Y,없음,Y,해당없음,모두 가능,"목줄, 배변봉투",N,Y,공원,없음,2022-11-30
요선암 돌개구멍,반려동물업,반려동반여행,여행지,강원도,영월군,무릉도원면,무릉리,1056-1 번지,무릉법흥로,275-25 번,37.29688703,128.263026,26201.0,강원도 영월군 무릉도원면 무릉법흥로 275-25,강원도 영월군 무릉도원면 무릉리 1056-1,033-560-2379,http://www.paleozoicgp.com/bbs/content.php?co_id=sub02_3_1,연중무휴,매일 00:00~24:00,Y,없음,Y,해당없음,모두 가능,"목줄, 배변봉투",N,Y,관광지,없음,2022-11-30
요천생태습지공원 애견놀이터,반려동물업,반려동반여행,여행지,전라북도,남원시,주생면,중동리,1009-48 번지,,,35.38408239,127.343847,55781.0,,전라북도 남원시 주생면 중동리 1009-48,063-620-5802,https://www.namwon.go.kr/index.do?menuCd=DOM_000000203004003004,매주 월요일,화~일 10:00~18:00,Y,없음,Y,해당없음,모두 가능,"전염질환, 미등록 동물, 인식표를 하지 않은 동물, 발정기인 경우 입장 불가, 목줄, 배변봉투",N,Y,"공원, 강아지놀이터, 13세 미만 보호자 동반 필수, 우천 시 휴장",없음,2022-11-30
요촌1어린이공원,반려동물업,반려동반여행,여행지,전라북도,김제시,요촌동,,576 번지,요촌서길,25 번,35.80535816,126.887582,54383.0,전라북도 김제시 요촌서길 25,전라북도 김제시 요촌동 576,,정보없음,연중무휴,매일 00:00~24:00,N,없음,Y,해당없음,모두 가능,목줄,N,Y,공원,없음,2022-11-30
요촌어린이공원,반려동물업,반려동반여행,여행지,전라북도,김제시,검산동,,1031 번지,요촌길,45 번,35.80595715,126.896113,54378.0,전라북도 김제시 요촌길 45,전라북도 김제시 검산동 1031,,정보없음,연중무휴,매일 00:00~24:00,Y,없음,Y,해당없음,모두 가능,목줄,N,Y,공원,없음,2022-11-30
용곡공원,반려동물업,반려동반여행,여행지,충청남도,천안시 서북구,불당동,,1282-1 번지,공원로,109 번,36.7930584,127.098591,31168.0,충청남도 천안시 서북구 공원로 109,충청남도 천안시 서북구 불당동 1282-1,,정보없음,연중무휴,매일 00:00~24:00,Y,없음,Y,해당없음,모두 가능,"목줄, 배변봉투",N,Y,공원,없음,2022-11-30
용궁사,반려동물업,반려동반여행,여행지,부산광역시,기장군,기장읍,시랑리,416-3 번지,용궁길,86 번,35.18823927,129.223246,46083.0,부산광역시 기장군 기장읍 용궁길 86,부산광역시 기장군 기장읍 시랑리 416-3,051-722-7744,http://www.yongkungsa.or.kr/,연중무휴,매일 00:00~24:00,Y,없음,Y,해당없음,소형/중형,목줄,N,Y,관광지,없음,2022-11-30
용담댐조각공원,반려동물업,반려동반여행,여행지,전라북도,진안군,안천면,삼락리,1101-7 번지,,,35.94385792,127.529913,55406.0,,전라북도 진안군 안천면 삼락리 1101-7,063-430-4203,https://jinan.go.kr/tour/sub_1/?p=2&n=7,연중무휴,매일 00:00~24:00,Y,없음,Y,해당없음,모두 가능,"목줄, 배변봉투",N,Y,공원,없음,2022-11-30
용두암,반려동물업,반려동반여행,여행지,제주특별자치도,제주시,용담이동,,483 번지,용두암길,15 번,33.51480359,126.511798,63152.0,제주특별자치도 제주시 용두암길 15,제주특별자치도 제주시 용담이동 483,064-728-3917,http://www.visitjeju.net,연중무휴,매일 00:00~24:00,Y,없음,Y,해당없음,모두 가능,목줄,N,Y,관광지,없음,2022-11-30
용마랜드,반려동물업,반려동반여행,여행지,서울특별시,중랑구,망우동,,69-1 번지,망우로70길,118 번,37.59451469,127.10453,2180.0,서울특별시 중랑구 망우로70길 118,서울특별시 중랑구 망우동 산 69-1,02-436-5800,https://cafe.naver.com/yongmaland/,연중무휴,매일 10:00~18:00,Y,10000원,Y,해당없음,모두 가능,목줄,N,Y,관광지,없음,2022-11-30
용마폭포공원,반려동물업,반려동반여행,여행지,서울특별시,중랑구,면목동,,1382 번지,용마산로,250 번,37.57492985,127.088973,2257.0,서울특별시 중랑구 용마산로 250,서울특별시 중랑구 면목동 1382,02-2094-2965,https://www.jungnang.go.kr/portal/main/contents.do?menuNo=200599,연중무휴,매일 00:00~24:00,Y,없음,Y,해당없음,모두 가능,"목줄, 배변봉투",N,Y,공원,없음,2022-11-30
용문사,반려동물업,반려동반여행,여행지,경기도,양평군,용문면,신점리,618 번지,용문산로,782 번,37.55021797,127.570448,12510.0,경기도 양평군 용문면 용문산로 782,경기도 양평군 용문면 신점리 618,031-773-3797,http://www.yongmunsa.biz/,연중무휴,매일 00:00~24:00,Y,2500원,Y,해당없음,모두 가능,목줄,N,Y,관광지,없음,2022-11-30
용반들근린공원,반려동물업,반려동반여행,여행지,대전광역시,유성구,봉명동,,1025-1 번지,,,36.35204245,127.34229,34188.0,,대전광역시 유성구 봉명동 1025-1,,정보없음,연중무휴,매일 00:00~24:00,N,없음,Y,해당없음,모두 가능,목줄,N,Y,공원,없음,2022-11-30
용산가족공원,반려동물업,반려동반여행,여행지,서울특별시,용산구,서빙고동,,168-6 번지,서빙고로,137 번,37.52470224,126.97774,4383.0,서울특별시 용산구 서빙고로 137,서울특별시 용산구 용산동6가 168-6,02-792-5661,정보없음,연중무휴,매일 00:00~24:00,Y,없음,Y,해당없음,모두 가능,"목줄, 배변봉투",N,Y,공원,없음,2022-11-30
용소웰빙공원,반려동물업,반려동반여행,여행지,부산광역시,기장군,기장읍,서부리,7-2 번지,,,35.24666131,129.204424,46059.0,,부산광역시 기장군 기장읍 서부리 산 7-2,051-709-4534,정보없음,연중무휴,매일 00:00~24:00,N,없음,Y,해당없음,모두 가능,목줄,N,Y,공원,없음,2022-11-30
용지호수공원,반려동물업,반려동반여행,여행지,경상남도,창원시 성산구,용지동,,551-1 번지,용지로169번길,26 번,35.23207993,128.681023,51434.0,경상남도 창원시 성산구 용지로169번길 26,경상남도 창원시 성산구 용지동 551-1,055-212-4501,https://culture.changwon.go.kr/index.changwon?contentId=130&bbsId=BBSMSTR_000000000031&nttId=241&menuNo=11030000,연중무휴,매일 00:00~24:00,Y,없음,Y,해당없음,모두 가능,목줄,N,Y,공원,없음,2022-11-30
용호근린공원,반려동물업,반려동반여행,여행지,전라북도,전주시 완산구,효자4동,,1333-2 번지,홍산로,148 번,35.80689806,127.104216,55058.0,전라북도 전주시 완산구 홍산로 148,전라북도 전주시 완산구 효자동2가 1333-2,063-281-2107,정보없음,연중무휴,매일 00:00~24:00,N,없음,Y,해당없음,모두 가능,"목줄, 배변봉투",N,Y,공원,없음,2022-11-30
용화사,반려동물업,반려동반여행,여행지,경상남도,통영시,봉평동,,404 번지,봉수로,107-82 번,34.81833724,128.415386,53078.0,경상남도 통영시 봉수로 107-82,경상남도 통영시 봉평동 404,055-645-3060,http://www.yonghwasa.net/sub01/sub03.php,연중무휴,매일 00:00~24:00,Y,없음,Y,해당없음,소형,목줄,N,Y,관광지,없음,2022-11-30
우도봉 펜션,반려동물업,반려동반여행,펜션,제주특별자치도,제주시,우도면,연평리,235 번지,영일길,156-32 번,33.50000002,126.96742,63365.0,제주특별자치도 제주시 우도면 영일길 156-32,제주특별자치도 제주시 우도면 연평리 235,0507-1476-8021,정보없음,연중무휴,매일 15:00~10:00,Y,변동,Y,해당없음,소형/중형,제한사항 없음,Y,Y,애견 동반 펜션,없음,2022-11-30
우두리 포펫 펜션,반려동물업,반려동반여행,펜션,전라남도,여수시,돌산읍,우두리,702-20 번지,돌산로,3508 번,34.72526521,127.747329,59769.0,전라남도 여수시 돌산읍 돌산로 3508,전라남도 여수시 돌산읍 우두리 702-20,0507-1462-7174,http://uduripet.imweb.me,연중무휴,매일 15:00~11:00,Y,변동,Y,해당없음,모두 가능,"중, 대형견은 독채 이용",Y,Y,"애견 동반 펜션, 인원 추가 20,000원","10,000원",2022-11-30
우리바다펜션,반려동물업,반려동반여행,펜션,제주특별자치도,서귀포시,표선면,표선리,2383 번지,민속해안로149번길,2 번,33.3082858,126.815451,63629.0,제주특별자치도 서귀포시 표선면 민속해안로149번길 2,제주특별자치도 서귀포시 표선면 표선리 2383,064-787-9595,http://www.weocean.co.kr,정보없음,정보없음,Y,변동,N,해당없음,해당없음,해당없음,Y,Y,펜션,없음,2022-11-30
우성펜션,반려동물업,반려동반여행,펜션,인천광역시,강화군,삼산면,하리,50-31 번지,삼산북로806번길,92-40 번,37.73082196,126.293718,23004.0,인천광역시 강화군 삼산면 삼산북로806번길 92-40,인천광역시 강화군 삼산면 하리 50-31,032-932-6907,정보없음,연중무휴,매일 15:00~11:00,Y,변동,Y,해당없음,모두 가능,제한사항 없음,Y,Y,애견 동반 펜션,없음,2022-11-30
우이천 벚꽃길 산책로,반려동물업,반려동반여행,여행지,서울특별시,도봉구,창동,,635-42 번지,우이천로20길,7 번,37.64173321,127.034772,1462.0,서울특별시 도봉구 우이천로20길 7,서울특별시 도봉구 창동 635-42,02-901-6944,https://www.gangbuk.go.kr/www/contents.do?key=705,연중무휴,매일 00:00~24:00,N,없음,Y,해당없음,모두 가능,목줄,N,Y,관광지,없음,2022-11-30
우전해수욕장,반려동물업,반려동반여행,여행지,전라남도,신안군,,우전리,,,,34.95861592,126.135826,,,전라남도 신안군 증도면 우전리,061-240-8758,정보없음,연중무휴,매일 00:00~24:00,Y,없음,Y,해당없음,모두 가능,"목줄, 배변봉투",N,Y,관광지,없음,2022-11-30
우치공원,반려동물업,반려동반여행,여행지,광주광역시,북구,생용동,,127-2 번지,우치로,677 번,35.22431388,126.894242,61028.0,광주광역시 북구 우치로 677,광주광역시 북구 생용동 산 127-2,062-613-5855,http://familyland.dainkorea.co.kr/index.html,연중무휴,매일 9:00~18:00,Y,6000원,Y,해당없음,소형,목줄,N,Y,공원,없음,2022-11-30
우키하우스,반려동물업,반려동반여행,펜션,제주특별자치도,제주시,조천읍,신촌리,2019-1 번지,신촌5길,56 번,33.53780665,126.621987,63337.0,제주특별자치도 제주시 조천읍 신촌5길 56,제주특별자치도 제주시 조천읍 신촌리 2019-1,,정보없음,정보없음,정보없음,Y,변동,Y,해당없음,소형,제한사항 없음,Y,Y,애견 동반 펜션,없음,2022-11-30
운남동근린공원,반려동물업,반려동반여행,여행지,광주광역시,광산구,운남동,,799-1 번지,목련로,156 번,35.17144137,126.81594,62327.0,광주광역시 광산구 목련로 156,광주광역시 광산구 운남동 799-1,,정보없음,연중무휴,매일 00:00~24:00,Y,없음,Y,해당없음,모두 가능,"목줄, 배변봉투",N,Y,공원,없음,2022-11-30
운림산방,반려동물업,반려동반여행,여행지,전라남도,진도군,의신면,사천리,61 번지,운림산방로,315 번,34.46699348,126.308382,58934.0,전라남도 진도군 의신면 운림산방로 315,전라남도 진도군 의신면 사천리 61,061-540-6286,정보없음,연중무휴,"매일 하절기 09:00~18:00, 동절기 09:00~17:00",Y,2000원,Y,해당없음,소형/중형,"목줄, 배변봉투",N,Y,관광지,없음,2022-11-30
운암지수변공원,반려동물업,반려동반여행,여행지,대구광역시,북구,구암동,,349 번지,,,35.93243404,128.56751,41463.0,,대구광역시 북구 구암동 349,053-665-4304,http://www.buk.daegu.kr/,연중무휴,매일 00:00~24:00,Y,없음,Y,해당없음,모두 가능,"목줄, 배변봉투",N,Y,공원,없음,2022-11-30
운정호수공원,반려동물업,반려동반여행,여행지,경기도,파주시,와동동,,1412 번지,경의로,1151 번,37.720108,126.760122,10897.0,경기도 파주시 경의로 1151,경기도 파주시 와동동 1412,031-946-2125,정보없음,연중무휴,매일 00:00~24:00,Y,없음,Y,해당없음,모두 가능,"목줄, 배변봉투, 맹견 입마개 착용",N,Y,공원,없음,2022-11-30
운천공원,반려동물업,반려동반여행,여행지,충청북도,청주시 흥덕구,신봉동,,343-1 번지,,,36.64284527,127.470121,28476.0,,충청북도 청주시 흥덕구 신봉동 343-1,043-201-2022,정보없음,연중무휴,매일 00:00~24:00,N,없음,Y,해당없음,모두 가능,"목줄, 배변봉투",N,Y,공원,없음,2022-11-30
울산 간절곶 등대펜션,반려동물업,반려동반여행,펜션,울산광역시,울주군,서생면,나사리,458-6 번지,솔알길,22-12 번,35.353607,129.346331,45015.0,울산광역시 울주군 서생면 솔알길 22-12,울산광역시 울주군 서생면 나사리 458-6,052-238-1930,https://deungdaepensyeon.modoo.at/,연중무휴,매일 15:00~11:00,Y,변동,Y,해당없음,소형,객실당 최대 2마리,Y,Y,애견 동반 펜션,없음,2022-11-30
울산대공원,반려동물업,반려동반여행,여행지,울산광역시,남구,옥동,,146-1 번지,대공원로,94 번,35.53098415,129.293919,44660.0,울산광역시 남구 대공원로 94,울산광역시 남구 옥동 146-1,052-271-8818,http://www.uic.or.kr/ulsanpark/main/mainPage.do,연중무휴,매일 05:00~23:00,Y,2000원,Y,해당없음,모두 가능,"목줄, 배변봉투",N,Y,공원,없음,2022-11-30
울산애견공원,반려동물업,반려동반여행,여행지,울산광역시,남구,옥동,,848 번지,남부순환도로,209 번,35.53117648,129.271902,44660.0,울산광역시 남구 남부순환도로 209,울산광역시 남구 옥동 848,052-256-6389,https://band.us/band/79070235,"1월1일, 설, 연휴 당일, 매주 월요일","화~일 3~10월 09:00~18:00, 11~2월 09:00~17:00",Y,없음,Y,해당없음,모두 가능,"목줄, 입마개, 배변봉투, 접종 필수",N,Y,"공원, 강아지놀이터","3,000원",2022-11-30
원더랜드 애견동반 캠핑 카라반,반려동물업,반려동반여행,펜션,경상북도,청도군,매전면,지전리,101-2 번지,청매로,825 번,35.61194551,128.821907,38358.0,경상북도 청도군 매전면 청매로 825,경상북도 청도군 매전면 지전리 101-2,0507-1482-8825,https://www.instagram.com/wonder_land_dog/,연중무휴,매일 15:00~11:00,Y,변동,Y,반려동물 전용,모두 가능,"객실당 최대 4마리, 맹견 입실 불가, 입질, 공격성 심한 경우 입실 불가",Y,Y,애견 동반 펜션,"10,000원",2022-11-30
원마루공원,반려동물업,반려동반여행,여행지,충청북도,청주시 서원구,분평동,,1363 번지,1순환로1137번길,20 번,36.60708088,127.493405,28801.0,충청북도 청주시 서원구 1순환로1137번길 20,충청북도 청주시 서원구 분평동 1363,,정보없음,연중무휴,매일 00:00~24:00,N,없음,Y,해당없음,모두 가능,"목줄, 배변봉투",N,Y,공원,없음,2022-11-30
원미산산림욕장,반려동물업,반려동반여행,여행지,경기도,부천시,원미동,,20-10 번지,,,37.49304343,126.79785,14570.0,,경기도 부천시 원미동 산 20-10,,정보없음,연중무휴,매일 00:00~24:00,Y,없음,Y,해당없음,모두 가능,"목줄, 배변봉투",N,Y,관광지,없음,2022-11-30
원봉공원,반려동물업,반려동반여행,여행지,충청북도,청주시 상당구,용암동,,2075 번지,,,36.61215589,127.512574,28777.0,,충청북도 청주시 상당구 용암동 2075,043-200-2815,정보없음,연중무휴,매일 00:00~24:00,N,없음,Y,해당없음,모두 가능,"목줄, 배변봉투",N,Y,공원,없음,2022-11-30
원적산공원,반려동물업,반려동반여행,여행지,인천광역시,부평구,청천동,,71-45 번지,,,37.51355525,126.692522,21307.0,,인천광역시 부평구 청천1동 71-45,032-465-1525,https://www.incheon.go.kr/park/park010601,연중무휴,매일 00:00~24:00,Y,없음,Y,해당없음,모두 가능,"목줄, 배변봉투",N,Y,공원,없음,2022-11-30
월광수변공원,반려동물업,반려동반여행,여행지,대구광역시,달서구,도원동,,952-1 번지,월곡로,5 번,35.79880604,128.548286,42835.0,대구광역시 달서구 월곡로 5,대구광역시 달서구 도원동 952-1,053-667-3636,https://store.naver.com/attractions/detail?entry=plt&id=13491368,연중무휴,매일 00:00~24:00,Y,없음,Y,해당없음,소형,목줄,N,Y,공원,없음,2022-11-30
월드컵공원,반려동물업,반려동반여행,여행지,서울특별시,마포구,상암동,,481-6 번지,하늘공원로,86 번,37.57159797,126.881674,3900.0,서울특별시 마포구 하늘공원로 86,서울특별시 마포구 상암동 481-6,02-300-5500,http://parks.seoul.go.kr/template/sub/worldcuppark.do,연중무휴,매일 00:00~24:00,Y,없음,Y,해당없음,모두 가능,목줄,N,Y,공원,없음,2022-11-30
월드컵공원반려견놀이터,반려동물업,반려동반여행,여행지,서울특별시,마포구,상암동,,1535 번지,증산로,32 번,37.56410596,126.892347,3901.0,서울특별시 마포구 증산로 32,서울특별시 마포구 상암동 1535,02-2124-2835,https://animal.seoul.go.kr/animalplay/2,연중무휴,매일 00:00~24:00,Y,없음,Y,해당없음,모두 가능,목줄,N,Y,공원,없음,2022-11-30
월령리선인장군락,반려동물업,반려동반여행,여행지,제주특별자치도,제주시,한림읍,월령리,359-4 번지,,,33.37787817,126.215431,,,제주특별자치도 제주시 한림읍 월령리 359-4,064-796-2589,https://www.visitjeju.net/kr/detail/view?contentsid=CONT_000000000500494,연중무휴,매일 00:00~24:00,Y,없음,Y,해당없음,모두 가능,"목줄, 배변봉투",N,Y,관광지,없음,2022-11-30
월명공원,반려동물업,반려동반여행,여행지,충청북도,청주시 흥덕구,봉명동,,20-24 번지,,,36.65040033,127.45134,28475.0,,충청북도 청주시 흥덕구 봉명동 산 20-24,,정보없음,연중무휴,매일 00:00~24:00,Y,없음,Y,해당없음,모두 가능,"목줄, 배변봉투",N,Y,공원,없음,2022-11-30
월명공원,반려동물업,반려동반여행,여행지,전라북도,군산시,해망동,,998-2 번지,월명공원1길,26 번,35.98982049,126.7032,54019.0,전라북도 군산시 월명공원1길 26,전라북도 군산시 해망동 998-2,063-454-3337,정보없음,연중무휴,매일 00:00~24:00,Y,없음,Y,해당없음,모두 가능,"목줄, 배변봉투",N,Y,공원,없음,2022-11-30
월미공원,반려동물업,반려동반여행,여행지,인천광역시,중구,개항동,,97-2 번지,월미로,131-22 번,37.47643377,126.603898,22301.0,인천광역시 중구 월미로 131-22,인천광역시 중구 북성동1가 97-2,032-765-4133,https://www.incheon.go.kr/park/park010701,연중무휴,"매일 하절기 05:00~22:00, 동절기 05:00~23:00",Y,없음,Y,해당없음,모두 가능,"목줄, 배변봉투",N,Y,공원,없음,2022-11-30
월미도,반려동물업,반려동반여행,여행지,인천광역시,중구,개항동,,98-352 번지,,,37.47356174,126.5992,,,인천광역시 중구 북성동1가 98-352,,http://wolmi-do.co.kr/,연중무휴,매일 00:00~24:00,Y,없음,Y,해당없음,모두 가능,"목줄, 배변봉투",N,Y,관광지,없음,2022-11-30
월송솔머리펜션,반려동물업,반려동반여행,펜션,경상북도,울진군,평해읍,월송리,788-1 번지,월송길,68-14 번,36.73525817,129.461258,36364.0,경상북도 울진군 평해읍 월송길 68-14,경상북도 울진군 평해읍 월송리 788-1,,https://www.instagram.com/wolsong.pinehead/?igshid=1bv4mrjgpbjs8,연중무휴,매일 15:00~11:00,Y,변동,Y,해당없음,소형,제한사항 없음,Y,Y,"애견 동반 펜션, 사전문의 필수",변동,2022-11-30
월송정,반려동물업,반려동반여행,여행지,경상북도,울진군,평해읍,월송리,362-2 번지,월송정로,517 번,36.7438306,129.468713,36364.0,경상북도 울진군 평해읍 월송정로 517,경상북도 울진군 평해읍 월송리 362-2,054-782-1501,정보없음,연중무휴,매일 00:00~24:00,Y,없음,Y,해당없음,모두 가능,목줄,N,Y,관광지,없음,2022-11-30
월화거리,반려동물업,반려동반여행,여행지,강원도,강릉시,임당동,,106-1 번지,경강로,2111 번,37.75589225,128.897469,25532.0,강원도 강릉시 경강로 2111,강원도 강릉시 임당동 106-1,,정보없음,연중무휴,매일 00:00~24:00,Y,없음,Y,해당없음,모두 가능,"목줄, 배변봉투",N,Y,관광지,없음,2022-11-30
위드멍,반려동물업,반려동반여행,펜션,경기도,가평군,상면,행현리,622-10 번지,수목원로,417-17 번,37.74462358,127.353953,12448.0,경기도 가평군 상면 수목원로 417-17,경기도 가평군 상면 행현리 622-10,050-5765-0696,http://아침에눈뜨면.kr/,연중무휴,매일 15:00~11:00,Y,변동,Y,해당없음,7kg 이하,고양이 불가,Y,Y,"애견 동반 펜션, 애견수영장, 사전문의 필수","15,000원",2022-11-30
위클라드 애견 풀빌라,반려동물업,반려동반여행,펜션,경상북도,경주시,외동읍,죽동리,396-1 번지,죽동길,160-102 번,35.74124402,129.307021,38203.0,경상북도 경주시 외동읍 죽동길 160-102,경상북도 경주시 외동읍 죽동리 396-1,0507-1478-0721,http://www.weclard.com,연중무휴,매일 15:00~11:00,Y,변동,Y,해당없음,모두 가능,"입질, 공격성 있는 경우 입장 제한",Y,Y,"애견 동반 펜션, 사전문의 필수","30,000원",2022-11-30
위플독 펜션,반려동물업,반려동반여행,펜션,인천광역시,강화군,길상면,장흥리,287-8 번지,해안남로,368-18 번,37.60669859,126.514193,23052.0,인천광역시 강화군 길상면 해안남로 368-18,인천광역시 강화군 길상면 장흥리 287-8,0507-1372-2808,정보없음,연중무휴,매일 15:00~11:00,Y,변동,Y,해당없음,12kg 이하,애견 수영장,Y,Y,애견 동반 펜션,없음,2022-11-30
윗골공원,반려동물업,반려동반여행,여행지,부산광역시,기장군,정관읍,매학리,709 번지,정관8로,11 번,35.32389937,129.177611,46015.0,부산광역시 기장군 정관읍 정관8로 11,부산광역시 기장군 정관읍 매학리 709,051-605-4065,정보없음,연중무휴,매일 00:00~24:00,N,없음,Y,해당없음,모두 가능,목줄,N,Y,공원,없음,2022-11-30
유니애견풀빌라,반려동물업,반려동반여행,펜션,경상북도,포항시 북구,송라면,방석리,110 번지,해안로,2841 번,36.23449599,129.381013,37512.0,경상북도 포항시 북구 송라면 해안로 2841,경상북도 포항시 북구 송라면 방석리 110,,http://www.unipoolvilla.kr/,연중무휴,매일 15:00~11:00,Y,변동,Y,해당없음,소형,단모종만 스파 가능,Y,Y,"애견 동반 펜션, 사전문의 필수","30,000원",2022-11-30
유달산,반려동물업,반려동반여행,여행지,전라남도,목포시,죽교동,,27-3 번지,,,34.7942397,126.371353,,,전라남도 목포시 죽교동 산 27-3,061-270-8411,정보없음,연중무휴,매일 00:00~24:00,Y,없음,Y,해당없음,모두 가능,"목줄, 배변봉투",N,Y,관광지,없음,2022-11-30
유달유원지,반려동물업,반려동반여행,여행지,전라남도,목포시,죽교동,,465-142 번지,해양대학로,59 번,34.78772982,126.36735,58629.0,전라남도 목포시 해양대학로 59,전라남도 목포시 죽교동 465-142,,정보없음,연중무휴,매일 00:00~24:00,Y,없음,Y,해당없음,모두 가능,"목줄, 배변봉투",N,Y,관광지,없음,2022-11-30
유림공원,반려동물업,반려동반여행,여행지,대전광역시,유성구,봉명동,,496-39 번지,어은로,27 번,36.3606845,127.357688,34139.0,대전광역시 유성구 어은로 27,대전광역시 유성구 봉명동 496-39,042-824-4581,정보없음,연중무휴,매일 00:00~24:00,Y,없음,Y,해당없음,모두 가능,목줄,N,Y,공원,없음,2022-11-30
유에프오 펜션,반려동물업,반려동반여행,펜션,제주특별자치도,제주시,애월읍,구엄리,505 번지,애월해안로,765 번,33.4855024,126.38184,63050.0,제주특별자치도 제주시 애월읍 애월해안로 765,제주특별자치도 제주시 애월읍 구엄리 505,064-744-0600,https://jejuufo.co.kr/,연중무휴,매일 16:00~11:00,Y,변동,N,해당없음,해당없음,해당없음,Y,Y,펜션,없음,2022-11-30
유엔기념공원,반려동물업,반려동반여행,여행지,부산광역시,남구,대연동,,677-1 번지,,,35.12716062,129.101524,48458.0,,부산광역시 남구 대연3동 677-1,051-607-6362,http://www.unmck.or.kr/,연중무휴,"매일 5~9월 09:00~18:00, 10~4월 09:00~17:00",Y,없음,Y,해당없음,모두 가능,목줄,N,Y,공원,없음,2022-11-30
유천생태습지,반려동물업,반려동반여행,여행지,전라북도,익산시,금강동,,992-5 번지,,,35.92814836,126.975952,54590.0,,전라북도 익산시 금강동 992-5,,정보없음,연중무휴,매일 00:00~24:00,Y,없음,Y,해당없음,모두 가능,목줄,N,Y,관광지,없음,2022-11-30
유토피아펜션,반려동물업,반려동반여행,펜션,경상북도,경주시,동천동,,2 번지,윗동천안길,75-6 번,35.84761586,129.244434,38101.0,경상북도 경주시 윗동천안길 75-6,경상북도 경주시 동천동 2,054-749-6720,http://www.kjutopia.com/,연중무휴,매일 15:00~11:00,Y,변동,N,해당없음,해당없음,해당없음,Y,Y,펜션,없음,2022-11-30
육갑,반려동물업,반려동반여행,여행지,경기도,남양주시,조안면,삼봉리,697 번지,재재기로,537 번,37.59141526,127.319782,12278.0,경기도 남양주시 조안면 재재기로 537,경기도 남양주시 조안면 삼봉리 697,031-576-1888,정보없음,연중무휴,"월~금 11:00~19:00, 토~일 10:00~19:00",Y,없음,Y,해당없음,모두 가능,제한사항 없음,N,Y,관광지,없음,2022-11-30
윤슬공원,반려동물업,반려동반여행,여행지,전라북도,완주군,이서면,금평리,791 번지,,,35.83273848,127.045616,55368.0,,전라북도 완주군 이서면 금평리 791,063-290-3812,정보없음,연중무휴,매일 00:00~24:00,N,없음,Y,해당없음,모두 가능,"목줄, 배변봉투",N,Y,공원,없음,2022-11-30
율곡습지공원,반려동물업,반려동반여행,여행지,경기도,파주시,파평면,율곡리,191-3 번지,,,37.88945531,126.813512,10809.0,,경기도 파주시 파평면 율곡리 191-3,031-953-4744,정보없음,연중무휴,매일 00:00~24:00,Y,없음,Y,해당없음,소형/중형,"목줄, 배변봉투",N,Y,공원,없음,2022-11-30
율동공원,반려동물업,반려동반여행,여행지,경기도,성남시 분당구,율동,,91-12 번지,문정로,72 번,37.37655571,127.152412,13576.0,경기도 성남시 분당구 문정로 72,경기도 성남시 분당구 율동 산 91-12,031-702-8713,http://ydpark.co.kr/,연중무휴,매일 00:00~24:00,Y,없음,Y,해당없음,모두 가능,"목줄, 배변봉투",N,Y,공원,없음,2022-11-30
율봉근린공원,반려동물업,반려동반여행,여행지,충청북도,청주시 청원구,율량동,,2237 번지,1순환로,78 번,36.66420919,127.50407,28322.0,충청북도 청주시 청원구 1순환로 78,충청북도 청주시 청원구 율량동 2237,,정보없음,연중무휴,매일 00:00~24:00,N,없음,Y,해당없음,모두 가능,"목줄, 배변봉투",N,Y,공원,없음,2022-11-30
율포해수욕장,반려동물업,반려동반여행,여행지,전라남도,보성군,회천면,동율리,678 번지,우암길,24 번,34.67002926,127.089024,59471.0,전라남도 보성군 회천면 우암길 24,전라남도 보성군 회천면 동율리 678,061-853-2425,https://www.boseong.go.kr/tour/tourist/beach?mode=view&idx=54,연중무휴,매일 00:00~24:00,Y,없음,Y,해당없음,모두 가능,목줄,N,Y,관광지,없음,2022-11-30
율현공원,반려동물업,반려동반여행,여행지,서울특별시,강남구,율현동,,77-2 번지,,,37.47252883,127.115295,6377.0,,서울특별시 강남구 율현동 77-2,02-459-9452,https://parks.seoul.go.kr/parks/detailView.do?pIdx=1381,연중무휴,매일 00:00~24:00,Y,없음,Y,해당없음,모두 가능,"목줄, 배변봉투",N,Y,공원,없음,2022-11-30
은구비공원,반려동물업,반려동반여행,여행지,대전광역시,유성구,지족동,,920 번지,노은동로,166 번,36.37503773,127.323363,34084.0,대전광역시 유성구 노은동로 166,대전광역시 유성구 지족동 920,042-611-2718,정보없음,연중무휴,매일 00:00~24:00,Y,없음,Y,해당없음,모두 가능,목줄,N,Y,공원,없음,2022-11-30
은파호수공원,반려동물업,반려동반여행,여행지,전라북도,군산시,나운동,,1223-5 번지,은파순환길,9 번,35.95536191,126.689075,54146.0,전라북도 군산시 은파순환길 9,전라북도 군산시 나운동 1223-5,063-454-4896,http://tour.gunsan.go.kr/index.gunsan,연중무휴,매일 00:00~24:00,Y,없음,Y,해당없음,모두 가능,목줄,N,Y,공원,없음,2022-11-30
은평공원,반려동물업,반려동반여행,여행지,대전광역시,서구,월평동,,313 번지,월평중로,55 번,36.35946928,127.363506,35217.0,대전광역시 서구 월평중로 55,대전광역시 서구 월평동 313,042-288-3630,정보없음,연중무휴,매일 00:00~24:00,Y,없음,Y,해당없음,모두 가능,목줄,N,Y,공원,없음,2022-11-30
을왕리 스와니펜션,반려동물업,반려동반여행,펜션,인천광역시,중구,을왕동,,755-35 번지,을왕로,14-13 번,37.44678751,126.374106,22383.0,인천광역시 중구 을왕로 14-13,인천광역시 중구 을왕동 755-35,0507-1314-2434,http://swanypension.com/,연중무휴,매일 15:00~11:00,Y,변동,Y,해당없음,10kg 미만,객실당 최대 2마리,Y,Y,애견 동반 펜션,"20,000원",2022-11-30
을왕리 어울림펜션,반려동물업,반려동반여행,펜션,인천광역시,중구,을왕동,,783-3 번지,용유서로348번길,11-8 번,37.44974068,126.374047,22383.0,인천광역시 중구 용유서로348번길 11-8,인천광역시 중구 을왕동 783-3,032-747-0170,http://www.oullimpension.com/,연중무휴,매일 15:00~11:00,Y,변동,Y,해당없음,4kg 미만,객실당 최대 1마리,Y,Y,애견 동반 펜션,"10,000원",2022-11-30
을왕리 에버뷰 펜션,반려동물업,반려동반여행,펜션,인천광역시,중구,을왕동,,762-100 번지,용유서로348번길,16 번,37.4499107,126.375138,22383.0,인천광역시 중구 용유서로348번길 16,인천광역시 중구 을왕동 762-100,,http://www.evervieww.com/,연중무휴,매일 15:00~11:00,Y,변동,Y,해당없음,10kg 미만,"객실당 최대 2마리, 애견용품 개별준비",Y,Y,애견 동반 펜션,"20,000원",2022-11-30
의암주논개생가지논개생가,반려동물업,반려동반여행,여행지,전라북도,장수군,장계면,대곡리,708 번지,의암로,558 번,35.68062023,127.62012,55621.0,전라북도 장수군 장계면 의암로 558,전라북도 장수군 장계면 대곡리 708,063-352-2550,https://www.jangsu.go.kr/tour/index.jangsu?menuCd=DOM_000000805006000000,연중무휴,"매일 하절기 09:00~18:00, 동절기 09:00~17:00",Y,없음,Y,해당없음,모두 가능,"목줄, 배변봉투",N,Y,관광지,없음,2022-11-30
의암호스카이워크,반려동물업,반려동반여행,여행지,강원도,춘천시,칠전동,,486 번지,,,37.84684571,127.680702,24459.0,,강원도 춘천시 칠전동 486,033-253-3700,https://korean.visitkorea.or.kr/detail/ms_detail.do?cotid=80d126e6-2946-49ff-84cf-65ef69dce426&big_category=A02&mid_category=A0205&big_area=32,12~2월,매일 09:00~18:00,Y,없음,Y,해당없음,모두 가능,"목줄, 케이지, 배변봉투",N,Y,"관광지, 악천후 시 입장불가",없음,2022-11-30
이기대해안산책로,반려동물업,반려동반여행,여행지,부산광역시,남구,용호동,,25 번지,,,35.12249104,129.119828,,,부산광역시 남구 용호동 산 25,051-607-4122,https://www.busan.go.kr/news/specnews/view?dataNo=14652,연중무휴,매일 00:00~24:00,Y,없음,Y,해당없음,모두 가능,"목줄, 배변봉투",N,Y,관광지,없음,2022-11-30
이몽기가 펜션,반려동물업,반려동반여행,펜션,인천광역시,옹진군,영흥면,내리,1688-2 번지,영흥로757번길,120 번,37.26899494,126.447791,23117.0,인천광역시 옹진군 영흥면 영흥로757번길 120,인천광역시 옹진군 영흥면 내리 1688-2,0507-1406-1227,http://imongkiga.kr/board/board.php?board=index&command=skin_insert&exe=insert_iboard1_home,연중무휴,매일 15:00~11:00,Y,변동,N,해당없음,해당없음,해당없음,Y,Y,펜션,없음,2022-11-30
이바디공원,반려동물업,반려동반여행,여행지,전라북도,전주시 완산구,효자4동,,1314-8 번지,우전로,177 번,35.81069529,127.101116,55063.0,전라북도 전주시 완산구 우전로 177,전라북도 전주시 완산구 효자동2가 1314-8,063-281-2107,정보없음,연중무휴,매일 00:00~24:00,N,없음,Y,해당없음,모두 가능,"목줄, 배변봉투",N,Y,공원,없음,2022-11-30
이순신공원,반려동물업,반려동반여행,여행지,전라남도,여수시,웅천동,,1865-1 번지,신월로,168-1 번,34.74308074,127.678936,59692.0,전라남도 여수시 신월로 168-1,전라남도 여수시 웅천동 1865-1,061-659-4629,정보없음,연중무휴,매일 00:00~24:00,Y,없음,Y,해당없음,모두 가능,"목줄, 배변봉투",N,Y,공원,없음,2022-11-30
이순신광장전라좌수영거북선,반려동물업,반려동반여행,여행지,전라남도,여수시,중앙동,,385-6 번지,,,34.73882613,127.736623,59737.0,,전라남도 여수시 중앙동 385-6,061-659-1326,정보없음,연중무휴,매일 00:00~24:00,Y,없음,Y,해당없음,모두 가능,"목줄, 배변봉투",N,Y,관광지,없음,2022-11-30
이슬공원,반려동물업,반려동반여행,여행지,충청남도,금산군,금성면,양전리,381-30 번지,,,36.11546451,127.47899,32727.0,,충청남도 금산군 금성면 양전리 381-30,041-750-3414,정보없음,연중무휴,매일 00:00~24:00,Y,없음,Y,해당없음,모두 가능,"목줄, 배변봉투",N,Y,공원,없음,2022-11-30
이지 펜션,반려동물업,반려동반여행,펜션,경기도,가평군,가평읍,두밀리,2-22 번지,태봉두밀로,269-119 번,37.81524693,127.466588,12425.0,경기도 가평군 가평읍 태봉두밀로 269-119,경기도 가평군 가평읍 두밀리 2-22,050-5356-9666,https://gpeasyps.kr/,연중무휴,매일 15:00~11:00,Y,변동,N,해당없음,해당없음,해당없음,Y,Y,펜션,없음,2022-11-30
이천 예스파크,반려동물업,반려동반여행,여행지,경기도,이천시,신둔면,고척리,599-6 번지,도자예술로5번길,109 번,37.29309767,127.385685,17306.0,경기도 이천시 신둔면 도자예술로5번길 109,경기도 이천시 신둔면 고척리 599-6,0507-1461-1996,https://2000yespark.or.kr/,시설에 따라 변동,시설에 따라 변동,Y,없음,Y,해당없음,모두 가능,목줄,N,Y,관광지,없음,2022-11-30
이충반려견동반쉼터,반려동물업,반려동반여행,여행지,경기도,평택시,이충동,,700 번지,장안웃길,149 번,37.06605785,127.07071,17731.0,경기도 평택시 장안웃길 149,경기도 평택시 이충동 700,031-8024-3806,정보없음,"1월1일, 설, 연휴 당일, 매주 월요일",화~일 10:00~21:00,Y,없음,Y,해당없음,모두 가능,"목줄, 반려동물 등록, 배변봉투 필수, 맹견류, 전염성, 공격성 있는 경우 입장 불가",N,Y,관광지,없음,2022-11-30
이현세만화거리,반려동물업,반려동반여행,여행지,경상북도,울진군,매화면,매화리,1158-7 번지,매화4길,3 번,36.91313012,129.380044,36339.0,경상북도 울진군 매화면 매화4길 3,경상북도 울진군 매화면 매화리 1158-7,054-789-6903,http://www.uljin.go.kr/tour/board/view.uljin?menuCd=DOM_000000202001000000&boardId=BBS_ATTRACTION_TU&dataSid=162195,연중무휴,매일 00:00~24:00,N,없음,Y,해당없음,모두 가능,"목줄, 배변봉투",N,Y,관광지,없음,2022-11-30
이호테우말등대,반려동물업,반려동반여행,여행지,제주특별자치도,제주시,이호일동,,,,,33.49932725,126.457478,63111.0,,제주특별자치도 제주시 이호일동,064-728-3994,https://www.visitjeju.net/kr/detail/view?contentsid=CNTS_000000000019997,연중무휴,매일 00:00~24:00,Y,없음,Y,해당없음,모두 가능,"목줄, 배변봉투",N,Y,공원,없음,2022-11-30
이화마을,반려동물업,반려동반여행,여행지,서울특별시,종로구,동숭동,,199-10 번지,이화장길,70-11 번,37.57868429,127.005078,3088.0,서울특별시 종로구 이화장길 70-11,서울특별시 종로구 동숭동 199-10,02-120,정보없음,연중무휴,매일 00:00~24:00,Y,없음,Y,해당없음,모두 가능,"목줄, 배변봉투",N,Y,관광지,없음,2022-11-30
익산 함라마을,반려동물업,반려동반여행,여행지,전라북도,익산시,함라면,함열리,314 번지,,,36.05975959,126.909139,54502.0,,전라북도 익산시 함라면 함열리 314,063-859-5797,https://www.iksan.go.kr/tour/board/view.iksan?boardId=BBS_TOUR_TOUR&menuCd=DOM_000005901001000000&dataSid=263644,연중무휴,매일 00:00~24:00,Y,없음,Y,해당없음,모두 가능,"목줄, 배변봉투",N,Y,관광지,없음,2022-11-30
익산배산공원,반려동물업,반려동반여행,여행지,전라북도,익산시,모현동,,9-1 번지,,,35.95955583,126.944214,54653.0,,전라북도 익산시 모현동2가 산 9-1,063-859-3848,정보없음,연중무휴,매일 00:00~24:00,Y,없음,Y,해당없음,모두 가능,목줄,N,Y,공원,없음,2022-11-30
익산시민공원,반려동물업,반려동반여행,여행지,전라북도,익산시,영등동,,814-1 번지,궁동로,43 번,35.96286107,126.976527,54541.0,전라북도 익산시 궁동로 43,전라북도 익산시 영등동 814-1,063-831-0085,정보없음,연중무휴,매일 00:00~24:00,Y,없음,Y,해당없음,모두 가능,목줄,N,Y,공원,없음,2022-11-30
인계예술공원,반려동물업,반려동반여행,여행지,경기도,수원시 팔달구,인계동,,1128 번지,동수원로,335 번,37.25939225,127.036451,16491.0,경기도 수원시 팔달구 동수원로 335,경기도 수원시 팔달구 인계동 1128,031-228-2114,정보없음,연중무휴,매일 00:00~24:00,Y,없음,Y,해당없음,모두 가능,"목줄, 배변봉투",N,Y,공원,없음,2022-11-30
인골저류공원,반려동물업,반려동반여행,여행지,충청북도,청주시 청원구,오창읍,주성리,553 번지,,,36.73503303,127.454455,28117.0,,충청북도 청주시 청원구 오창읍 주성리 553,,정보없음,연중무휴,매일 00:00~24:00,N,없음,Y,해당없음,모두 가능,"목줄, 배변봉투",N,Y,공원,없음,2022-11-30
인천 라온제나힐 펜션,반려동물업,반려동반여행,펜션,인천광역시,옹진군,영흥면,내리,725-51 번지,영흥북로,374-16 번,37.28112418,126.488758,23118.0,인천광역시 옹진군 영흥면 영흥북로 374-16,인천광역시 옹진군 영흥면 내리 725-51,0507-1304-8974,http://www.raonjenahill.com/,연중무휴,매일 15:00~11:00,Y,변동,Y,해당없음,13kg 이하,제한사항 없음,Y,Y,애견 동반 펜션,"10,000원",2022-11-30
인천대공원,반려동물업,반려동반여행,여행지,인천광역시,남동구,장수동,,164 번지,무네미로,236 번,37.45769366,126.749291,21533.0,인천광역시 남동구 무네미로 236,인천광역시 남동구 장수동 산 164,032-466-7282,https://www.incheon.go.kr/park/park010201,연중무휴,"매일 하절기 05:00~22:00, 동절기 05:00~23:00",Y,없음,Y,해당없음,모두 가능,"목줄, 배변봉투",N,Y,공원,없음,2022-11-30
인후공원 유아숲체험원,반려동물업,반려동반여행,여행지,전라북도,전주시 덕진구,인후1동,,550-1 번지,,,35.84104399,127.158143,55020.0,,전라북도 전주시 덕진구 인후동1가 550-1,063-222-1000,https://deokjingu.jeonju.go.kr/,매주 월요일,화~일 00:00~24:00,Y,없음,Y,해당없음,모두 가능,"목줄, 배변봉투",N,Y,공원,없음,2022-11-30
일산호수공원,반려동물업,반려동반여행,여행지,경기도,고양시 일산동구,장항동,,906 번지,호수로,731 번,37.66444706,126.760442,10400.0,경기도 고양시 일산동구 호수로 731,경기도 고양시 일산동구 장항동 906,031-909-9000,http://www.goyang.go.kr/park/index.do,연중무휴,매일 00:00~24:00,Y,없음,Y,해당없음,모두 가능,"목줄, 배변봉투",N,Y,공원,없음,2022-11-30
일자산자연공원,반려동물업,반려동반여행,여행지,서울특별시,강동구,둔촌동,,산 140 번지,동남로,660 번,37.53301963,127.151356,5357.0,서울특별시 강동구 동남로 660,서울특별시 강동구 둔촌동 산 140,02-3425-6443,https://parks.seoul.go.kr/parks/detailView.do?pIdx=112,연중무휴,매일 00:00~24:00,Y,없음,Y,해당없음,모두 가능,"목줄, 배변봉투",N,Y,공원,없음,2022-11-30
일출랜드,반려동물업,반려동반여행,여행지,제주특별자치도,서귀포시,성산읍,삼달리,1010 번지,중산간동로,4150-30 번,33.38499937,126.83986,63635.0,제주특별자치도 서귀포시 성산읍 중산간동로 4150-30,제주특별자치도 서귀포시 성산읍 삼달리 1010,064-784-2080,www.ilchulland.com,연중무휴,매일 09:00~일몰 1시간 전,Y,9000원,Y,해당없음,모두 가능,"목줄, 케이지",N,Y,관광지,없음,2022-11-30
임실 달빛이 머무는 펜션,반려동물업,반려동반여행,펜션,전라북도,임실군,운암면,운정리,220-71 번지,운정길,110 번,35.58779064,127.102382,55906.0,전라북도 임실군 운암면 운정길 110,전라북도 임실군 운암면 운정리 220-71,063-222-6276,http://moonlightstay.com/xe/,연중무휴,매일 15:00~11:00,Y,변동,Y,해당없음,소형,제한사항 없음,Y,Y,애견 동반 펜션,없음,2022-11-30
임실치즈테마파크,반려동물업,반려동반여행,여행지,전라북도,임실군,성수면,도인리,689 번지,도인2길,50 번,35.63310203,127.301258,55918.0,전라북도 임실군 성수면 도인2길 50,전라북도 임실군 성수면 도인리 689,063-643-9540,cheesepark.kr,매주 월요일,화~일 09:00~18:00,Y,없음,Y,해당없음,모두 가능,"목줄, 배변봉투",N,Y,관광지,없음,2022-11-30
입암저수지,반려동물업,반려동반여행,여행지,충청남도,계룡시,두마면,입암리,422 번지,입암길,218 번,36.24331515,127.255582,32842.0,충청남도 계룡시 두마면 입암길 218,충청남도 계룡시 두마면 입암리 422,042-840-2403,정보없음,연중무휴,매일 00:00~24:00,Y,없음,Y,해당없음,모두 가능,목줄,N,Y,관광지,없음,2022-11-30
자구리공원,반려동물업,반려동반여행,여행지,제주특별자치도,서귀포시,서귀동,,70-1 번지,,,33.24346337,126.569095,63596.0,,제주특별자치도 서귀포시 서귀동 70-1,064-760-3192,https://www.visitjeju.net/kr/detail/view?contentsid=CNTS_000000000019228,연중무휴,매일 00:00~24:00,Y,없음,Y,해당없음,모두 가능,목줄,N,Y,공원,없음,2022-11-30
자라섬,반려동물업,반려동반여행,여행지,경기도,가평군,가평읍,달전리,1-1 번지,,,37.81044078,127.53544,12422.0,,경기도 가평군 가평읍 달전리 1-1,031-8078-8028,http://www.jarasum.net/,연중무휴,매일 00:00~24:00,Y,없음,Y,해당없음,모두 가능,목줄,N,Y,관광지,없음,2022-11-30
자연블루베리가족펜션,반려동물업,반려동반여행,펜션,경상남도,거제시,장목면,외포리,1170-3 번지,소계길,2 번,34.9377945,128.712799,53202.0,경상남도 거제시 장목면 소계길 2,경상남도 거제시 장목면 외포리 1170-3,0507-1382-3687,정보없음,연중무휴,매일 14:30~11:30,Y,변동,N,해당없음,해당없음,해당없음,Y,Y,펜션,없음,2022-11-30
자운근린공원,반려동물업,반려동반여행,여행지,대전광역시,유성구,자운동,,555 번지,,,36.39655746,127.351271,34107.0,,대전광역시 유성구 자운동 555,,정보없음,연중무휴,매일 00:00~24:00,N,없음,Y,해당없음,모두 가능,목줄,N,Y,공원,없음,2022-11-30
자월도 섬이야기펜션,반려동물업,반려동반여행,펜션,인천광역시,옹진군,자월면,자월리,1531 번지,자월서로,496 번,37.26670473,126.285178,23124.0,인천광역시 옹진군 자월면 자월서로 496,인천광역시 옹진군 자월면 자월리 1531,,https://blog.naver.com/wkdnjfehdia,연중무휴,매일 13:00~11:00,Y,변동,Y,해당없음,소형,제한사항 없음,Y,Y,애견 동반 펜션,없음,2022-11-30
작은 통나무집,반려동물업,반려동반여행,펜션,강원도,평창군,방림면,계촌리,1988 번지,월암길,41-7 번,37.45974629,128.27069,25364.0,강원도 평창군 방림면 월암길 41-7,강원도 평창군 방림면 계촌리 1988,0507-1406-7670,https://search.naver.com/p/crd/rd?m=1&px=166&py=621&sx=166&sy=621&p=h3TJXdp0Jy0ssvf7xGVssssssKw-047909&q=%EC%9E%91%EC%9D%80+%ED%86%B5%EB%82%98%EB%AC%B4%EC%A7%91&ie=utf8&rev=1&ssc=tab.nx.all&f=nexearch&w=nexearch&s=5VZX1IVeeTtxdrhaS4M9Hg%3D%3D&time=1668660159526&abt=%5B%7B%22eid%22%3A%22SBR1%22%2C%22vid%22%3A%22526%22%7D%5D&a=nmb_lpb*1.site&r=&i=&u=http%3A%2F%2Fsmallloghouse.com%2F&cr=1,연중무휴,매일 15:00~11:00,Y,변동,Y,해당없음,소형,제한사항 없음,Y,Y,"애견 동반 펜션, 사전문의 필수, 추가인원 20,000원","15,000원",2022-11-30
작은내수변공원,반려동물업,반려동반여행,여행지,대전광역시,유성구,원신흥동,,492 번지,원신흥북로,26 번,36.34176555,127.341998,34193.0,대전광역시 유성구 원신흥북로 26,대전광역시 유성구 원신흥동 492,,정보없음,연중무휴,매일 00:00~24:00,Y,없음,Y,해당없음,모두 가능,목줄,N,Y,공원,없음,2022-11-30
작은행복 펜션,반려동물업,반려동반여행,펜션,경상북도,포항시 북구,흥해읍,오도리,255 번지,해안로,1727 번,36.1572254,129.396017,37530.0,경상북도 포항시 북구 흥해읍 해안로 1727,경상북도 포항시 북구 흥해읍 오도리 255,054-262-7002,http://www.smallhappy.kr,연중무휴,매일 15:00~11:00,Y,변동,Y,해당없음,모두 가능,제한사항 없음,Y,Y,"애견 동반 펜션, 독채펜션","10,000원",2022-11-30
잠두봉공원,반려동물업,반려동반여행,여행지,충청북도,청주시 서원구,수곡동,,17-23 번지,,,36.6142031,127.479019,28688.0,,충청북도 청주시 서원구 수곡동 산 17-23,,정보없음,연중무휴,매일 00:00~24:00,N,없음,Y,해당없음,모두 가능,"목줄, 배변봉투",N,Y,공원,없음,2022-11-30
장갓골근린공원,반려동물업,반려동반여행,여행지,대전광역시,서구,관저동,,1129 번지,,,36.30099511,127.33051,35377.0,,대전광역시 서구 관저동 1129,,정보없음,연중무휴,매일 00:00~24:00,Y,없음,Y,해당없음,모두 가능,목줄,N,Y,공원,없음,2022-11-30
장구봉공원,반려동물업,반려동반여행,여행지,충청북도,청주시 서원구,개신동,,505 번지,신율로,47 번,36.62239396,127.445927,28608.0,충청북도 청주시 서원구 신율로 47,충청북도 청주시 서원구 개신동 505,,정보없음,연중무휴,매일 00:00~24:00,N,없음,Y,해당없음,모두 가능,"목줄, 배변봉투",N,Y,공원,없음,2022-11-30
장미공원,반려동물업,반려동반여행,여행지,경상남도,창원시 성산구,가음동,,31 번지,창원대로,927 번,35.20742439,128.690275,51510.0,경상남도 창원시 성산구 창원대로 927,경상남도 창원시 성산구 가음동 31,055-272-4501,http://culture.changwon.go.kr/index.changwon?contentId=9,연중무휴,매일 00:00~24:00,Y,없음,Y,해당없음,모두 가능,목줄,N,Y,공원,없음,2022-11-30
장미공원,반려동물업,반려동반여행,여행지,전라남도,장성군,삼계면,수옥리,222-1 번지,,,35.28556748,126.684871,57236.0,,전라남도 장성군 삼계면 수옥리 산 222-1,,정보없음,연중무휴,매일 09:00~18:00,Y,없음,Y,해당없음,모두 가능,"목줄, 배변봉투",N,Y,공원,없음,2022-11-30
장미의거리,반려동물업,반려동반여행,여행지,전라남도,목포시,상동,,994-9 번지,장미로,40 번,34.80222876,126.42576,58691.0,전라남도 목포시 장미로 40,전라남도 목포시 상동 994-9,061-270-3520,정보없음,연중무휴,매일 00:00~24:00,Y,없음,Y,해당없음,모두 가능,"목줄, 배변봉투",N,Y,관광지,없음,2022-11-30
장발장 펜션,반려동물업,반려동반여행,펜션,경기도,포천시,일동면,화대리,195 번지,사기막길,224 번,37.96015699,127.352629,11118.0,경기도 포천시 일동면 사기막길 224,경기도 포천시 일동면 화대리 195,031-533-3345,http://www.jangbaljang.com/,연중무휴,매일 15:00~12:00,Y,변동,Y,해당없음,소형,제한사항 없음,Y,Y,"애견 동반 펜션, 사전문의 필수","10,000원",2022-11-30
장사도펜션,반려동물업,반려동반여행,펜션,경상남도,통영시,산양읍,신전리,620-44 번지,산양중앙로,320 번,34.79560943,128.416383,53086.0,경상남도 통영시 산양읍 산양중앙로 320,경상남도 통영시 산양읍 신전리 620-44,055-649-7272,https://blog.naver.com/jangsadopen,연중무휴,매일 15:00~11:00,Y,변동,Y,해당없음,소형/중형,제한사항 없음,Y,Y,"애견 동반 펜션, 사전문의 필수","10,000원",2022-11-30
장사항,반려동물업,반려동반여행,여행지,강원도,속초시,장사동,,548-7 번지,장사항해안길,58 번,38.22664409,128.588019,24804.0,강원도 속초시 장사항해안길 58,강원도 속초시 장사동 548-7,033-633-3171,정보없음,연중무휴,매일 00:00~24:00,Y,없음,Y,해당없음,모두 가능,목줄,N,Y,관광지,없음,2022-11-30
장성호관광지,반려동물업,반려동반여행,여행지,전라남도,장성군,북하면,쌍웅리,273 번지,,,35.41593753,126.851107,,,전라남도 장성군 북하면 쌍웅리 273,061-392-7248,정보없음,연중무휴,매일 00:00~24:00,Y,없음,Y,해당없음,모두 가능,"목줄, 배변봉투",N,Y,관광지,없음,2022-11-30
장성호수변공원,반려동물업,반려동반여행,여행지,전라남도,장성군,장성읍,용강리,164-1 번지,신흥로,138 번,35.35496755,126.817666,57209.0,전라남도 장성군 장성읍 신흥로 138,전라남도 장성군 장성읍 용강리 164-1,061-390-7496,정보없음,연중무휴,"월~금 00:00~24:00, 토~일 09:00~18:00",Y,3000원,Y,해당없음,모두 가능,"목줄, 배변봉투",N,Y,공원,없음,2022-11-30
장승공원,반려동물업,반려동반여행,여행지,전라남도,담양군,담양읍,학동리,573-5 번지,,,35.32382071,127.001045,57351.0,,전라남도 담양군 담양읍 학동리 573-5,061-380-3149,http://tour.damyang.go.kr,연중무휴,매일 00:00~24:00,N,없음,Y,해당없음,소형,목줄,N,Y,공원,없음,2022-11-30
장자호수공원,반려동물업,반려동반여행,여행지,경기도,구리시,교문동,,537 번지,,,37.58253843,127.138798,11953.0,,경기도 구리시 교문동 537,031-550-2472,https://www.ggtour.or.kr/tourdb/goosuk.php?no=374&mode=detail,연중무휴,매일 00:00~24:00,Y,없음,Y,해당없음,모두 가능,"목줄, 배변봉투",N,Y,공원,없음,2022-11-30
장재천호수공원,반려동물업,반려동반여행,여행지,충청남도,아산시,배방읍,장재리,2061 번지,,,36.79160743,127.10052,31470.0,,충청남도 아산시 배방읍 장재리 2061,041-536-8759,정보없음,연중무휴,매일 00:00~24:00,N,없음,Y,해당없음,모두 가능,"목줄, 배변봉투",N,Y,공원,없음,2022-11-30
장전공원,반려동물업,반려동반여행,여행지,충청북도,청주시 서원구,성화동,,625 번지,,,36.6168493,127.454205,28620.0,,충청북도 청주시 서원구 성화동 625,,정보없음,연중무휴,매일 00:00~24:00,N,없음,Y,해당없음,모두 가능,"목줄, 배변봉투",N,Y,공원,없음,2022-11-30
장현근린공원,반려동물업,반려동반여행,여행지,대전광역시,유성구,궁동,,477 번지,대학로81번길,17 번,36.36132686,127.343057,34167.0,대전광역시 유성구 대학로81번길 17,대전광역시 유성구 궁동 477,,정보없음,연중무휴,매일 00:00~24:00,N,없음,Y,해당없음,모두 가능,목줄,N,Y,공원,없음,2022-11-30
장호항,반려동물업,반려동반여행,여행지,강원도,삼척시,근덕면,장호리,413-7 번지,,,37.28575336,129.314706,,,강원도 삼척시 근덕면 장호리 413-7,033-572-3011,https://www.samcheok.go.kr/tour/01456/01462/02975.web,"1, 3째주 화요일",매일 08:00~19:00,Y,10000원,Y,해당없음,모두 가능,"목줄, 배변봉투",N,Y,관광지,없음,2022-11-30
장흥자생수목원,반려동물업,반려동반여행,여행지,경기도,양주시,장흥면,석현리,330-9 번지,권율로309번길,167-35 번,37.74392607,126.949639,11519.0,경기도 양주시 장흥면 권율로309번길 167-35,경기도 양주시 장흥면 석현리 330-9,031-826-0933,www.sumokwon.net,연중무휴,매일 10:00~20:00,Y,없음,Y,해당없음,소형,"목줄, 배변봉투",N,Y,관광지,없음,2022-11-30
저동항,반려동물업,반려동반여행,여행지,경상북도,울릉군,,저동리,,,,37.51066854,130.904676,,,경상북도 울릉군 울릉읍 저동리,054-791-6629,정보없음,연중무휴,매일 00:00~24:00,N,없음,Y,해당없음,모두 가능,목줄,N,Y,관광지,없음,2022-11-30
저지문화예술인마을,반려동물업,반려동반여행,여행지,제주특별자치도,제주시,한경면,저지리,2120-112 번지,,,33.33878648,126.266406,,,제주특별자치도 제주시 한경면 저지리 2120-112,064-740-6000,정보없음,연중무휴,매일 00:00~24:00,Y,변동,Y,해당없음,소형,목줄,N,Y,"관광지, 현대미술관 입장료 2,000원",없음,2022-11-30
전등사,반려동물업,반려동반여행,여행지,인천광역시,강화군,길상면,온수리,635 번지,전등사로,37-41 번,37.63215992,126.484407,23050.0,인천광역시 강화군 길상면 전등사로 37-41,인천광역시 강화군 길상면 온수리 635,032-937-0125,http://www.jeondeungsa.org/index.php,연중무휴,"매일 하절기 08:00~18:30, 동절기 08:30~18:00",Y,4000원,Y,해당없음,모두 가능,"목줄, 배변봉투, 동반 서약서 작성",N,Y,관광지,없음,2022-11-30
전주 메이드 호텔,반려동물업,반려동반여행,펜션,전라북도,전주시 덕진구,산정동,,871-2 번지,산정2길,12-8 번,35.83732954,127.169776,55015.0,전라북도 전주시 덕진구 산정2길 12-8,전라북도 전주시 덕진구 산정동 871-2,063-247-1616,https://madehotel.modoo.at,정보없음,정보없음,Y,변동,Y,해당없음,소형/중형,제한사항 없음,Y,Y,"애견 동반 펜션, 사전문의 필수",없음,2022-11-30
전주 인터네셔널 게스트하우스,반려동물업,반려동반여행,펜션,전라북도,전주시 덕진구,우아1동,,745-84 번지,동부대로,694-8 번,35.85079129,127.160759,54817.0,전라북도 전주시 덕진구 동부대로 694-8,전라북도 전주시 덕진구 우아동3가 745-84,0507-1447-8807,https://jeonjuintlhostel.modoo.at,정보없음,정보없음,Y,변동,N,해당없음,해당없음,해당없음,Y,Y,펜션,없음,2022-11-30
전주덕진공원,반려동물업,반려동반여행,여행지,전라북도,전주시 덕진구,덕진동,,1316-2 번지,권삼득로,390 번,35.84749476,127.121031,54895.0,전라북도 전주시 덕진구 권삼득로 390,전라북도 전주시 덕진구 덕진동1가 1316-2,063-239-2607,https://www.jbcia.or.kr/board/bbs/board.php?bo_table=tour&wr_id=144&lnb=6010&page=5,연중무휴,매일 00:00~24:00,Y,없음,Y,해당없음,모두 가능,목줄,N,Y,공원,없음,2022-11-30
전주마전고분군,반려동물업,반려동반여행,여행지,전라북도,전주시 완산구,효자5동,,1587 번지,황강서원로,73 번,35.82918842,127.105116,54958.0,전라북도 전주시 완산구 황강서원로 73,전라북도 전주시 완산구 효자동3가 1587,,https://www.jeonju.go.kr/,연중무휴,매일 00:00~24:00,Y,없음,Y,해당없음,모두 가능,"목줄, 배변봉투",N,Y,관광지,없음,2022-11-30
전주반려동물놀이터 같이가개,반려동물업,반려동반여행,여행지,전라북도,전주시 덕진구,팔복동,,1165 번지,,,35.86752188,127.092441,54842.0,,전라북도 전주시 덕진구 팔복동4가 1165,063-281-5277,정보없음,매주 월요일,화~일 11:00~19:00,Y,없음,Y,해당없음,모두 가능,"목줄, 배변봉투",N,Y,관광지,없음,2022-11-30
전주사연생태박물관,반려동물업,반려동반여행,여행지,전라북도,전주시 완산구,교동,,951-1 번지,바람쐬는길,21 번,35.81159258,127.162587,55110.0,전라북도 전주시 완산구 바람쐬는길 21,전라북도 전주시 완산구 교동 951-1,063-288-9540,정보없음,연중무휴,매일 09:00~19:00,Y,없음,Y,해당없음,모두 가능,목줄,N,Y,관광지,없음,2022-11-30
전주월드컵경기장,반려동물업,반려동반여행,여행지,전라북도,전주시 덕진구,반월동,,763-1 번지,기린대로,1055 번,35.86808385,127.064503,54809.0,전라북도 전주시 덕진구 기린대로 1055,전라북도 전주시 덕진구 반월동 763-1,063-239-2546,http://www.hyundai-motorsfc.com/club/stadium.asp,연중무휴,매일 06:00~23:00,Y,변동,Y,해당없음,모두 가능,"목줄, 배변봉투, 경기장 내 출입불가",N,Y,관광지,없음,2022-11-30
전주천생태학습장,반려동물업,반려동반여행,여행지,전라북도,전주시 덕진구,덕진동,,646-1 번지,,,35.84916547,127.110002,54891.0,,전라북도 전주시 덕진구 덕진동2가 646-1,063-222-1000,https://deokjingu.jeonju.go.kr/,연중무휴,매일 00:00~24:00,Y,없음,Y,해당없음,모두 가능,"목줄, 배변봉투",N,Y,관광지,없음,2022-11-30
절영해안산책로,반려동물업,반려동반여행,여행지,부산광역시,영도구,영선2동,,186-46 번지,해안산책길,20 번,35.08307492,129.040193,49080.0,부산광역시 영도구 해안산책길 20,부산광역시 영도구 영선동4가 186-46,051-419-4552,정보없음,연중무휴,매일 00:00~24:00,Y,없음,Y,해당없음,모두 가능,"목줄, 배변봉투",N,Y,관광지,없음,2022-11-30
정림공원,반려동물업,반려동반여행,여행지,충청남도,부여군,규암면,진변리,85-1 번지,,,36.28045017,126.88995,33116.0,,충청남도 부여군 규암면 진변리 85-1,,정보없음,연중무휴,매일 00:00~24:00,N,없음,Y,해당없음,모두 가능,목줄,N,Y,공원,없음,2022-11-30
정모시쉼터,반려동물업,반려동반여행,여행지,제주특별자치도,서귀포시,서귀동,,57-4 번지,부두로5번길,9 번,33.24471484,126.566192,63596.0,제주특별자치도 서귀포시 부두로5번길 9,제주특별자치도 서귀포시 서귀동 57-4,064-740-6000,https://www.visitjeju.net/kr/detail/view?contentsid=CNTS_200000000007281,연중무휴,매일 00:00~24:00,Y,없음,Y,해당없음,소형,"목줄, 배변봉투",N,Y,"관광지, 물놀이장 7~8월 10:00~18:00",없음,2022-11-30
정물오름,반려동물업,반려동반여행,여행지,제주특별자치도,제주시,한림읍,금악리,52-1 번지,,,33.33793101,126.329915,63021.0,,제주특별자치도 제주시 한림읍 금악리 산 52-1,064-710-6043,정보없음,연중무휴,매일 00:00~24:00,Y,없음,Y,해당없음,모두 가능,"목줄, 배변봉투",N,Y,관광지,없음,2022-11-30
정방폭포,반려동물업,반려동반여행,여행지,제주특별자치도,서귀포시,동홍동,,278 번지,칠십리로214번길,37 번,33.24474795,126.57305,63599.0,제주특별자치도 서귀포시 칠십리로214번길 37,제주특별자치도 서귀포시 동홍동 278,064-733-1530,https://www.visitjeju.net/kr/detail/view?contentsid=CONT_000000000500531,연중무휴,"월~금 09:00~18:00, 토~일 09:00~18:00",Y,2000원,Y,해당없음,모두 가능,"목줄, 배변봉투",N,Y,"관광지, 일몰에 따라 입장마감시간 변동되므로 방문 전 확인 필수",없음,2022-11-30
정부대전청사숲의공원A,반려동물업,반려동반여행,여행지,대전광역시,서구,둔산동,,920 번지,청사로,189 번,36.36268299,127.384904,35208.0,대전광역시 서구 청사로 189,대전광역시 서구 둔산동 920,042-288-2114,정보없음,연중무휴,매일 00:00~24:00,Y,없음,Y,해당없음,모두 가능,목줄,N,Y,공원,없음,2022-11-30
정부대전청사숲의공원B,반려동물업,반려동반여행,여행지,대전광역시,서구,둔산동,,920 번지,청사로,189 번,36.36268299,127.384904,35208.0,대전광역시 서구 청사로 189,대전광역시 서구 둔산동 920,042-288-2114,정보없음,연중무휴,매일 00:00~24:00,Y,없음,Y,해당없음,모두 가능,목줄,N,Y,공원,없음,2022-11-30
정부대전청사자연마당,반려동물업,반려동반여행,여행지,대전광역시,서구,둔산동,,930 번지,,,36.35877314,127.384881,35230.0,,대전광역시 서구 둔산동 930,042-288-2114,정보없음,연중무휴,매일 00:00~24:00,Y,없음,Y,해당없음,모두 가능,목줄,N,Y,관광지,없음,2022-11-30
정읍 나의살던고향은,반려동물업,반려동반여행,펜션,전라북도,정읍시,입암면,단곡리,201-1 번지,정읍남로,625-3 번,35.51580748,126.797227,56215.0,전라북도 정읍시 입암면 정읍남로 625-3,전라북도 정읍시 입암면 단곡리 201-1,063-534-9616,정보없음,연중무휴,매일 15:00~11:00,Y,변동,Y,해당없음,소형,제한사항 없음,Y,Y,애견 동반 펜션,"5,000원",2022-11-30
정읍사문화공원,반려동물업,반려동반여행,여행지,전라북도,정읍시,시기동,,81-7 번지,정읍사로,541 번,35.55073195,126.861576,56204.0,전라북도 정읍시 정읍사로 541,전라북도 정읍시 시기동 81-7,063-530-7429,http://culture.jeongeup.go.kr,연중무휴,매일 00:00~24:00,Y,없음,Y,해당없음,모두 가능,"목줄, 배변봉투",N,Y,공원,없음,2022-11-30
정읍시충무공원,반려동물업,반려동반여행,여행지,전라북도,정읍시,장명동,,1 번지,충정로,214-3 번,35.56869968,126.85791,56180.0,전라북도 정읍시 충정로 214-3,전라북도 정읍시 장명동 산 1,063-539-5192,정보없음,연중무휴,매일 00:00~24:00,N,없음,Y,해당없음,모두 가능,목줄,N,Y,공원,없음,2022-11-30
제이각,반려동물업,반려동반여행,여행지,제주특별자치도,제주시,이도일동,,1437 번지,오현길,56 번,33.51001594,126.526659,63195.0,제주특별자치도 제주시 오현길 56,제주특별자치도 제주시 이도일동 1437,,정보없음,연중무휴,매일 00:00~24:00,N,없음,Y,해당없음,모두 가능,"목줄, 배변봉투",N,Y,관광지,없음,2022-11-30
제주 그림 그리는 펜션,반려동물업,반려동반여행,펜션,제주특별자치도,서귀포시,성산읍,수산리,3342-6 번지,금백조로131번길,181 번,33.43121189,126.843807,63631.0,제주특별자치도 서귀포시 성산읍 금백조로131번길 181,제주특별자치도 서귀포시 성산읍 수산리 3342-6,,http://artpension.fortour.kr/,연중무휴,매일 15:00~11:00,Y,변동,Y,해당없음,30kg 미만,제한사항 없음,Y,Y,애견 동반 펜션,"10,000원",2022-11-30
제주 꽃담펜션,반려동물업,반려동반여행,펜션,제주특별자치도,서귀포시,성산읍,시흥리,2-11 번지,해맞이해안로,2630 번,33.47657146,126.909532,63638.0,제주특별자치도 서귀포시 성산읍 해맞이해안로 2630,제주특별자치도 서귀포시 성산읍 시흥리 2-11,0507-1352-7407,https://www.instagram.com/jujehavana/,연중무휴,매일 15:00~11:00,Y,변동,Y,해당없음,10kg 이하,제한사항 없음,Y,Y,애견 동반 펜션,"10,000원",2022-11-30
제주 마루호텔앤카페,반려동물업,반려동반여행,펜션,제주특별자치도,서귀포시,안덕면,덕수리,1513-1 번지,평화로,486 번,33.27937507,126.317938,63527.0,제주특별자치도 서귀포시 안덕면 평화로 486,제주특별자치도 서귀포시 안덕면 덕수리 1513-1,0507-1480-9020,정보없음,연중무휴,매일 15:00~11:00,Y,변동,Y,해당없음,8kg 이하,객실당 최대 1마리,Y,Y,애견 동반 펜션,"20,000원",2022-11-30
제주 메모리 펜션,반려동물업,반려동반여행,펜션,제주특별자치도,서귀포시,강정동,,3380-5 번지,염돈로,95 번,33.25716787,126.49162,63558.0,제주특별자치도 서귀포시 염돈로 95,제주특별자치도 서귀포시 강정동 3380-5,064-738-8934,http://www.mpjeju.com/,연중무휴,매일 15:00~11:00,Y,변동,Y,해당없음,5kg 미만,객실당 최대 1마리,Y,Y,애견 동반 펜션,"20,000원",2022-11-30
제주 블루앤씨 펜션,반려동물업,반려동반여행,펜션,제주특별자치도,서귀포시,성산읍,삼달리,1991 번지,서성일로,188-18 번,33.4027809,126.814657,63635.0,제주특별자치도 서귀포시 성산읍 서성일로 188-18,제주특별자치도 서귀포시 성산읍 삼달리 1991,064-787-1910,http://jejubnc.com/,연중무휴,매일 16:00~11:00,Y,변동,Y,해당없음,5kg 미만,객실당 최대 2마리,Y,Y,애견 동반 펜션,"50,000원",2022-11-30
제주 앙크레펜션,반려동물업,반려동반여행,펜션,제주특별자치도,서귀포시,법환동,,1027 번지,법환로58번길,39 번,33.24208417,126.509739,63572.0,제주특별자치도 서귀포시 법환로58번길 39,제주특별자치도 서귀포시 법환동 1027,064-738-8890,http://angkre.com/index.php,연중무휴,매일 15:00~11:00,Y,변동,Y,해당없음,10kg 미만,객실당 최대 2마리,Y,Y,애견 동반 펜션,"20,000원",2022-11-30
제주 애월 장군의집,반려동물업,반려동반여행,펜션,제주특별자치도,제주시,애월읍,고내리,1181-1 번지,고내로7길,39-9 번,33.46627141,126.336184,63045.0,제주특별자치도 제주시 애월읍 고내로7길 39-9,제주특별자치도 제주시 애월읍 고내리 1181-1,,정보없음,연중무휴,매일 15:00~12:00,Y,변동,Y,해당없음,소형,제한사항 없음,Y,Y,애견 동반 펜션,변동,2022-11-30
제주 애월코스트34,반려동물업,반려동반여행,펜션,제주특별자치도,제주시,애월읍,신엄리,1135-5 번지,신엄안2길,34 번,33.47557128,126.369407,63047.0,제주특별자치도 제주시 애월읍 신엄안2길 34,제주특별자치도 제주시 애월읍 신엄리 1135-5,0507-1347-9552,https://www.instagram.com/aewol_coast.34/,연중무휴,매일 15:00~11:00,Y,변동,Y,해당없음,5kg 이하,객실당 최대 2마리,Y,Y,애견 동반 펜션,"10,000원",2022-11-30
제주 에이치빌풀펜션,반려동물업,반려동반여행,펜션,제주특별자치도,제주시,구좌읍,행원리,1950-5 번지,덕행로,175-32 번,33.53165963,126.796347,63349.0,제주특별자치도 제주시 구좌읍 덕행로 175-32,제주특별자치도 제주시 구좌읍 행원리 1950-5,0507-1402-7744,http://jejuhvill.co.kr/,연중무휴,매일 15:00~11:00,Y,변동,Y,해당없음,5kg 이하,객실당 최대 2마리,Y,Y,애견 동반 펜션,없음,2022-11-30
제주 와싱톤 펜션,반려동물업,반려동반여행,펜션,제주특별자치도,서귀포시,성산읍,신천리,434-1 번지,신천서로50번길,22-56 번,33.34195676,126.848748,63637.0,제주특별자치도 서귀포시 성산읍 신천서로50번길 22-56,제주특별자치도 서귀포시 성산읍 신천리 434-1,064-787-0760,http://www.jejuwashington.com/,연중무휴,매일 15:00~12:00,Y,변동,Y,해당없음,5kg 이하,애견용품 개별준비,Y,Y,애견 동반 펜션,없음,2022-11-30
제주 파더스가든,반려동물업,반려동반여행,여행지,제주특별자치도,서귀포시,안덕면,상창리,804 번지,병악로,44-33 번,33.28012511,126.364747,63526.0,제주특별자치도 서귀포시 안덕면 병악로 44-33,제주특별자치도 서귀포시 안덕면 상창리 804,0577-1380-0036,http://fathersgarden.co.kr/,연중무휴,매일 09:00~18:00,Y,10000원,Y,해당없음,소형/중형,목줄,N,Y,관광지,없음,2022-11-30
제주 펠리체펜션,반려동물업,반려동반여행,펜션,제주특별자치도,서귀포시,안덕면,사계리,1585 번지,사계북로,117 번,33.23724751,126.29981,63528.0,제주특별자치도 서귀포시 안덕면 사계북로 117,제주특별자치도 서귀포시 안덕면 사계리 1585,0507-1428-1585,정보없음,연중무휴,매일 15:00~11:00,Y,변동,Y,해당없음,10kg 미만,제한사항 없음,Y,Y,애견 동반 펜션,없음,2022-11-30
제주 하도조은 펜션,반려동물업,반려동반여행,펜션,제주특별자치도,제주시,구좌읍,하도리,53-48 번지,하도15길,107-6 번,33.51137602,126.893856,63363.0,제주특별자치도 제주시 구좌읍 하도15길 107-6,제주특별자치도 제주시 구좌읍 하도리 53-48,0507-1348-2854,https://blog.naver.com/sangjuan1,연중무휴,매일 14:00~10:00,Y,변동,Y,해당없음,소형/중형,제한사항 없음,Y,Y,애견 동반 펜션,없음,2022-11-30
제주디오빌펜션,반려동물업,반려동반여행,펜션,제주특별자치도,서귀포시,색달동,,2200 번지,색달로72번길,20 번,33.25924502,126.410305,63534.0,제주특별자치도 서귀포시 색달로72번길 20,제주특별자치도 서귀포시 색달동 2200,064-738-6555,정보없음,정보없음,정보없음,Y,변동,Y,해당없음,소형,제한사항 없음,Y,Y,애견 동반 펜션,변동,2022-11-30
제주레일바이크,반려동물업,반려동반여행,여행지,제주특별자치도,제주시,구좌읍,종달리,4639 번지,용눈이오름로,641 번,33.46431804,126.836601,63354.0,제주특별자치도 제주시 구좌읍 용눈이오름로 641,제주특별자치도 제주시 구좌읍 종달리 4639,064-783-0033,http://www.jejurailpark.com/,연중무휴,매일 09:00~17:00,Y,30000원,Y,해당없음,소형/중형,"목줄, 배변봉투",N,Y,관광지,없음,2022-11-30
제주마방목지,반려동물업,반려동반여행,여행지,제주특별자치도,제주시,용강동,,14-34 번지,516로,2480 번,33.42763873,126.603595,63312.0,제주특별자치도 제주시 516로 2480,제주특별자치도 제주시 용강동 산 14-34,064-710-2298,https://www.visitjeju.net/u/9iM,연중무휴,매일 00:00~24:00,Y,없음,Y,해당없음,모두 가능,목줄,N,Y,관광지,없음,2022-11-30
제주민속촌,반려동물업,반려동반여행,여행지,제주특별자치도,서귀포시,표선면,표선리,40-1 번지,민속해안로,631-34 번,33.32128714,126.843088,63629.0,제주특별자치도 서귀포시 표선면 민속해안로 631-34,제주특별자치도 서귀포시 표선면 표선리 40-1,064-787-4501,jejufolk.com,연중무휴,매일 08:00~18:00,Y,12000원,Y,해당없음,모두 가능,제한사항 없음,N,Y,관광지,없음,2022-11-30
제주선인장마을,반려동물업,반려동반여행,여행지,제주특별자치도,제주시,한림읍,월령리,417 번지,월령1길,1-1 번,33.3752291,126.215728,63010.0,제주특별자치도 제주시 한림읍 월령1길 1-1,제주특별자치도 제주시 한림읍 월령리 417,064-796-6128,http://www.jeju100.kr/,연중무휴,매일 00:00~24:00,Y,없음,Y,해당없음,모두 가능,제한사항 없음,N,Y,관광지,없음,2022-11-30
제주스런 서귀포점,반려동물업,반려동반여행,여행지,제주특별자치도,서귀포시,성산읍,신산리,878-2 번지,독자봉로24번길,75-30 번,33.39087005,126.873739,63634.0,제주특별자치도 서귀포시 성산읍 독자봉로24번길 75-30,제주특별자치도 서귀포시 성산읍 신산리 878-2,0507-1340-2799,https://www.instagram.com/jejutic_seogwipo/,연중무휴,매일 10:00~20:00,Y,25000원,Y,해당없음,모두 가능,목줄,N,Y,"관광지, 예약제",없음,2022-11-30
제주양떼목장펜션,반려동물업,반려동반여행,펜션,제주특별자치도,제주시,애월읍,납읍리,114 번지,도치돌길,289-13 번,33.4113577,126.365216,63035.0,제주특별자치도 제주시 애월읍 도치돌길 289-13,제주특별자치도 제주시 애월읍 납읍리 114,064-799-7346,정보없음,연중무휴,매일 15:00~10:00,Y,변동,Y,해당없음,소형,제한사항 없음,Y,Y,애견 동반 펜션,"10,000원",2022-11-30
제주에코스위츠,반려동물업,반려동반여행,펜션,제주특별자치도,서귀포시,중문동,,944-5 번지,중문상로,207-13 번,33.26540033,126.427737,63550.0,제주특별자치도 서귀포시 중문상로 207-13,제주특별자치도 서귀포시 중문동 944-5,064-738-9975,http://www.jejueco.com,연중무휴,매일 15:00~11:00,Y,변동,Y,해당없음,5kg 이하,객실당 최대 2마리,Y,Y,애견 동반 펜션,"20,000원",2022-11-30
제주오션블루호텔,반려동물업,반려동반여행,펜션,제주특별자치도,서귀포시,대포동,,2538 번지,이어도로,67 번,33.23887155,126.430412,63544.0,제주특별자치도 서귀포시 이어도로 67,제주특별자치도 서귀포시 대포동 2538,,https://jejuoceanbluehotel.modoo.at/,연중무휴,매일 15:00~11:00,Y,변동,Y,해당없음,7kg 미만,제한사항 없음,Y,Y,애견 동반 펜션,"20,000원",2022-11-30
제주유리의성,반려동물업,반려동반여행,여행지,제주특별자치도,제주시,한경면,저지리,3135-1 번지,녹차분재로,462 번,33.31463387,126.273662,63005.0,제주특별자치도 제주시 한경면 녹차분재로 462,제주특별자치도 제주시 한경면 저지리 3135-1,064-772-7777,http://www.jejuglasscastle.com/,연중무휴,매일 09:00~19:00,Y,11000원,Y,해당없음,소형,케이지 이용,N,Y,관광지,없음,2022-11-30
제주이서펜션,반려동물업,반려동반여행,펜션,제주특별자치도,서귀포시,성산읍,신천리,352-5 번지,신천서로,85-3 번,33.34018158,126.85497,63637.0,제주특별자치도 서귀포시 성산읍 신천서로 85-3,제주특별자치도 서귀포시 성산읍 신천리 352-5,0507-1414-9923,정보없음,연중무휴,매일 15:00~11:00,Y,변동,Y,해당없음,20kg 이하,제한사항 없음,Y,Y,애견 동반 펜션,"10,000원",2022-11-30
제주카약올레,반려동물업,반려동반여행,여행지,제주특별자치도,제주시,애월읍,애월리,2490-1 번지,애월로1길,22 번,33.46232872,126.310472,63043.0,제주특별자치도 제주시 애월읍 애월로1길 22,제주특별자치도 제주시 애월읍 애월리 2490-1,064-740-6000,https://smartstore.naver.com/kayakolle/products/4410100813,연중무휴,매일 10:00~18:00,Y,변동,Y,해당없음,소형,"목줄, 안기",N,Y,관광지,없음,2022-11-30
제쥬엔,반려동물업,반려동반여행,펜션,제주특별자치도,서귀포시,안덕면,창천리,719 번지,소기왓로,41-14 번,33.23948048,126.369176,63533.0,제주특별자치도 서귀포시 안덕면 소기왓로 41-14,제주특별자치도 서귀포시 안덕면 창천리 719,,http://www.jezoo-n.com/,연중무휴,매일 15:00~11:00,Y,변동,Y,해당없음,모두 가능,제한사항 없음,Y,Y,"애견 동반 펜션, 독채펜션",없음,2022-11-30
젠틀펫파라다이스,반려동물업,반려동반여행,펜션,경상북도,문경시,문경읍,진안리,350-6 번지,문경대로,2434 번,36.74205943,128.081734,36919.0,경상북도 문경시 문경읍 문경대로 2434,경상북도 문경시 문경읍 진안리 350-6,0502-1487-6450,정보없음,연중무휴,매일 15:00~11:00,Y,변동,Y,해당없음,모두 가능,"접종 완료 필수, 공격성, 전염질환, 임신, 생리 및 피부병, 맹견류 포함 일부 견종 입장 불가",Y,N,"애견 동반 펜션, 사전문의 필수",없음,2022-11-30
조금나루해수욕장,반려동물업,반려동반여행,여행지,전라남도,무안군,,송현리,,,,34.99966895,126.35205,,,전라남도 무안군 망운면 송현리,061-450-5114,정보없음,연중무휴,매일 00:00~24:00,Y,없음,Y,해당없음,모두 가능,"목줄, 배변봉투",N,Y,관광지,없음,2022-11-30
조례호수공원,반려동물업,반려동반여행,여행지,전라남도,순천시,조례동,,1867 번지,,,34.96604484,127.522033,57968.0,,전라남도 순천시 조례동 1867,061-749-3578,정보없음,연중무휴,매일 00:00~24:00,Y,없음,Y,해당없음,모두 가능,"목줄, 배변봉투",N,Y,공원,없음,2022-11-30
조이런어질리티클럽,반려동물업,반려동반여행,여행지,경기도,가평군,설악면,가일리,272-5 번지,유명로,553-10 번,37.59759444,127.4881,12473.0,경기도 가평군 설악면 유명로 553-10,경기도 가평군 설악면 가일리 272-5,,https://www.instagram.com/joyrun_ami.w/,"매주 월~수, 금","목, 토~일 10:00~17:00",Y,변동,Y,해당없음,모두 가능,제한사항 없음,N,Y,관광지,없음,2022-11-30
종포해양공원,반려동물업,반려동반여행,여행지,전라남도,여수시,중앙동,,246-1 번지,이순신광장로,146 번,34.73728904,127.739707,59737.0,전라남도 여수시 이순신광장로 146,전라남도 여수시 중앙동 246-1,061-690-2342,정보없음,연중무휴,매일 00:00~24:00,Y,없음,Y,해당없음,모두 가능,"목줄, 배변봉투",N,Y,공원,없음,2022-11-30
좋은아침팬션,반려동물업,반려동반여행,펜션,충청남도,태안군,안면읍,승언리,1930 번지,밧개길,165-30 번,36.5291822,126.332706,32164.0,충청남도 태안군 안면읍 밧개길 165-30,충청남도 태안군 안면읍 승언리 1930,041-675-1944,http://www.happygoodmorning.com/,연중무휴,매일 15:00~11:00,Y,변동,N,해당없음,해당없음,해당없음,Y,Y,펜션,없음,2022-11-30
주문진방파제,반려동물업,반려동반여행,여행지,강원도,강릉시,,주문리,,,,37.89765865,128.816839,,,강원도 강릉시 주문진읍 주문리,033-672-0695,정보없음,연중무휴,매일 00:00~24:00,N,없음,Y,해당없음,소형/중형,목줄,N,Y,관광지,없음,2022-11-30
주성근린공원,반려동물업,반려동반여행,여행지,충청북도,청주시 청원구,오창읍,주성리,576 번지,,,36.73394512,127.447412,28117.0,,충청북도 청주시 청원구 오창읍 주성리 576,,정보없음,연중무휴,매일 00:00~24:00,Y,없음,Y,해당없음,모두 가능,"목줄, 배변봉투",N,Y,공원,없음,2022-11-30
죽녹원,반려동물업,반려동반여행,여행지,전라남도,담양군,담양읍,향교리,282 번지,죽녹원로,119 번,35.32535666,126.986616,57336.0,전라남도 담양군 담양읍 죽녹원로 119,전라남도 담양군 담양읍 향교리 282,061-380-2680,http://www.juknokwon.go.kr/,연중무휴,"매일 3~10월 09:00~19:00, 11~2월 09:00~18:00",Y,3000원,Y,해당없음,소형,"케이지, 안기",N,Y,관광지,없음,2022-11-30
죽도정,반려동물업,반려동반여행,여행지,강원도,양양군,,인구리,,,,37.95909493,128.745476,25053.0,,강원도 양양군 현남면 인구리,033-670-2397,정보없음,연중무휴,매일 00:00~24:00,Y,없음,Y,해당없음,모두 가능,목줄,N,Y,관광지,없음,2022-11-30
죽동근린공원,반려동물업,반려동반여행,여행지,대전광역시,유성구,죽동,,712-1 번지,,,36.37413835,127.336737,34127.0,,대전광역시 유성구 죽동 712-1,,정보없음,연중무휴,매일 00:00~24:00,Y,없음,Y,해당없음,모두 가능,목줄,N,Y,공원,없음,2022-11-30
죽림폭포공원,반려동물업,반려동반여행,여행지,전라북도,정읍시,연지동,,31-2 번지,,,35.56438652,126.848516,56157.0,,전라북도 정읍시 연지동 산 31-2,063-536-6776,정보없음,연중무휴,매일 00:00~24:00,Y,없음,Y,해당없음,모두 가능,목줄,N,Y,공원,없음,2022-11-30
줄포만갯벌생태공원,반려동물업,반려동반여행,여행지,전라북도,부안군,줄포면,우포리,516-1 번지,생태공원로,170 번,35.57912301,126.66698,56325.0,전라북도 부안군 줄포면 생태공원로 170,전라북도 부안군 줄포면 우포리 516-1,063-580-3171,http://julpoman.buan.go.kr/,연중무휴,매일 00:00~24:00,Y,없음,Y,해당없음,모두 가능,목줄,N,Y,공원,없음,2022-11-30
중대물빛공원,반려동물업,반려동반여행,여행지,경기도,광주시,중대동,,91 번지,,,37.4000958,127.220672,12768.0,,경기도 광주시 중대동 91,031-762-1039,https://www.gjcity.go.kr/tour/contents.do?mId=0101070000,연중무휴,매일 00:00~24:00,Y,없음,Y,해당없음,모두 가능,"목줄, 배변봉투",N,Y,공원,없음,2022-11-30
중동근린공원,반려동물업,반려동반여행,여행지,전라북도,전주시 덕진구,중동,,787-11 번지,농생명로,357 번,35.83354843,127.062141,54872.0,전라북도 전주시 덕진구 농생명로 357,전라북도 전주시 덕진구 중동 787-11,063-281-2107,정보없음,연중무휴,매일 00:00~24:00,N,없음,Y,해당없음,모두 가능,"목줄, 배변봉투",N,Y,공원,없음,2022-11-30
중랑캠핑숲잔디광장,반려동물업,반려동반여행,여행지,서울특별시,중랑구,망우동,,56 번지,송림길,172 번,37.60686128,127.110697,2062.0,서울특별시 중랑구 송림길 172,서울특별시 중랑구 망우동 56,02-435-7168,https://parks.seoul.go.kr/template/sub/JungnangCampGround.do,연중무휴,매일 00:00~24:00,Y,없음,Y,해당없음,모두 가능,목줄,N,Y,관광지,없음,2022-11-30
중문색달해수욕장,반려동물업,반려동반여행,여행지,제주특별자치도,서귀포시,색달동,,2822-12 번지,중문관광로72번길,29-51 번,33.24589608,126.412976,63535.0,제주특별자치도 서귀포시 중문관광로72번길 29-51,제주특별자치도 서귀포시 색달동 2822-12,064-760-4993,https://www.visitjeju.net/kr/detail/view?contentsid=CONT_000000000500604,연중무휴,매일 00:00~24:00,Y,없음,Y,해당없음,모두 가능,목줄,N,Y,관광지,없음,2022-11-30
중앙공원,반려동물업,반려동반여행,여행지,충청남도,아산시,둔포면,석곡리,1481 번지,중앙공원로,43 번,36.91946563,127.058855,31409.0,충청남도 아산시 둔포면 중앙공원로 43,충청남도 아산시 둔포면 석곡리 1481,041-536-8757,정보없음,연중무휴,매일 00:00~24:00,Y,없음,Y,해당없음,모두 가능,"목줄, 배변봉투",N,Y,공원,없음,2022-11-30
중앙근린공원,반려동물업,반려동반여행,여행지,충청북도,청주시 청원구,오창읍,구룡리,375 번지,오창대로,197 번,36.7141373,127.4174,28115.0,충청북도 청주시 청원구 오창읍 오창대로 197,충청북도 청주시 청원구 오창읍 구룡리 375,043-201-8631,정보없음,연중무휴,매일 00:00~24:00,Y,없음,Y,해당없음,모두 가능,"목줄, 배변봉투",N,Y,공원,없음,2022-11-30
중앙체육공원,반려동물업,반려동반여행,여행지,전라북도,익산시,어양동,,52 번지,하나로,322 번,35.94973131,126.986127,54567.0,전라북도 익산시 하나로 322,전라북도 익산시 어양동 52,063-859-4613,정보없음,연중무휴,매일 00:00~24:00,Y,없음,Y,해당없음,모두 가능,목줄,N,Y,공원,없음,2022-11-30
중앙탑사적공원,반려동물업,반려동반여행,여행지,충청북도,충주시,중앙탑면,탑평리,11 번지,,,37.0158683,127.866612,27447.0,,충청북도 충주시 중앙탑면 탑평리 11,043-842-0532,정보없음,연중무휴,매일 00:00~24:00,Y,없음,Y,해당없음,모두 가능,"목줄, 배변봉투",N,Y,공원,없음,2022-11-30
중왕펜션,반려동물업,반려동반여행,펜션,충청남도,서산시,지곡면,중왕리,497-7 번지,왕산길,18 번,36.87197072,126.373573,31917.0,충청남도 서산시 지곡면 왕산길 18,충청남도 서산시 지곡면 중왕리 497-7,,http://jungwang.co.kr/,연중무휴,매일 15:00~11:00,Y,변동,N,해당없음,해당없음,해당없음,Y,Y,펜션,없음,2022-11-30
중외공원,반려동물업,반려동반여행,여행지,광주광역시,북구,운암동,,164 번지,하서로,52 번,35.18323305,126.885736,61104.0,광주광역시 북구 하서로 52,광주광역시 북구 운암동 164,062-613-7100,정보없음,연중무휴,매일 00:00~24:00,Y,없음,Y,해당없음,모두 가능,"목줄, 배변봉투",N,Y,공원,없음,2022-11-30
중원계곡,반려동물업,반려동반여행,여행지,경기도,양평군,,중원리,,,,37.55253295,127.616397,12512.0,,경기도 양평군 용문면 중원리,031-770-1001,정보없음,연중무휴,매일 00:00~24:00,Y,없음,Y,해당없음,모두 가능,"목줄, 배변봉투",N,Y,관광지,없음,2022-11-30
중흥공원,반려동물업,반려동반여행,여행지,충청북도,청주시 상당구,용암동,,2102 번지,,,36.61322391,127.507012,28777.0,,충청북도 청주시 상당구 용암동 2102,,정보없음,연중무휴,매일 00:00~24:00,N,없음,Y,해당없음,모두 가능,"목줄, 배변봉투",N,Y,공원,없음,2022-11-30
지경리마을,반려동물업,반려동반여행,여행지,강원도,양양군,,지경리,,,,37.92043934,128.796394,,,강원도 양양군 현남면 지경리,033-671-4568,http://www.jkbeach.com/,연중무휴,매일 00:00~24:00,Y,없음,Y,해당없음,소형,제한사항 없음,N,Y,관광지,없음,2022-11-30
지사울공원,반려동물업,반려동반여행,여행지,전라북도,완주군,이서면,용서리,777-1 번지,반교로,107-16 번,35.82892791,127.022627,55365.0,전라북도 완주군 이서면 반교로 107-16,전라북도 완주군 이서면 용서리 777-1,063-290-3812,정보없음,연중무휴,매일 00:00~24:00,Y,없음,Y,해당없음,모두 가능,"목줄, 배변봉투",N,Y,공원,없음,2022-11-30
지산샛강생태공원,반려동물업,반려동반여행,여행지,경상북도,구미시,지산동,,845-85 번지,,,36.1328383,128.354094,39193.0,,경상북도 구미시 지산동 845-85,054-480-7472,정보없음,연중무휴,매일 00:00~24:00,Y,없음,Y,해당없음,모두 가능,"목줄, 배변봉투",N,Y,공원,없음,2022-11-30
지산체육공원,반려동물업,반려동반여행,여행지,충청남도,아산시,배방읍,장재리,1343 번지,공원로,97-20 번,36.79191227,127.097392,31467.0,충청남도 아산시 배방읍 공원로 97-20,충청남도 아산시 배방읍 장재리 1343,041-536-8759,정보없음,연중무휴,매일 00:00~24:00,N,없음,Y,해당없음,모두 가능,"목줄, 배변봉투",N,Y,공원,없음,2022-11-30
직동근린공원,반려동물업,반려동반여행,여행지,경기도,의정부시,의정부동,,348 번지,호국로1162번길,73 번,37.74035799,127.032619,11622.0,경기도 의정부시 호국로1162번길 73,경기도 의정부시 의정부동 348,031-828-4644,https://www.ui4u.go.kr/depart/parkInfo/view.do?mId=0502020000&idx=1594,연중무휴,매일 00:00~24:00,Y,없음,Y,해당없음,모두 가능,목줄,N,Y,공원,없음,2022-11-30
진도 남도진성,반려동물업,반려동반여행,여행지,전라남도,진도군,임회면,남동리,163-5 번지,진도대로,4554 번,34.36380311,126.169024,58945.0,전라남도 진도군 임회면 진도대로 4554,전라남도 진도군 임회면 남동리 163-5,061-540-3428,정보없음,연중무휴,매일 00:00~24:00,Y,없음,Y,해당없음,소형/중형,"목줄, 배변봉투",N,Y,관광지,없음,2022-11-30
진도 브라운돔하우스,반려동물업,반려동반여행,펜션,전라남도,진도군,임회면,사령리,472 번지,폐동길,81 번,34.41886569,126.205888,58941.0,전라남도 진도군 임회면 폐동길 81,전라남도 진도군 임회면 사령리 472,,정보없음,연중무휴,매일 15:00~11:00,Y,변동,Y,해당없음,모두 가능,객실당 최대 3마리,Y,Y,애견 동반 펜션,"20,000원",2022-11-30
진안꽃잔디동산,반려동물업,반려동반여행,여행지,전라북도,진안군,진안읍,연장리,216-1 번지,전진로,3071-31 번,35.78033826,127.396592,55425.0,전라북도 진안군 진안읍 전진로 3071-31,전라북도 진안군 진안읍 연장리 216-1,070-8860-3861,http://www.mossphlox.co.kr/main#,연중무휴,매일 09:00~18:00,Y,5000원,Y,해당없음,모두 가능,"목줄, 배변봉투",N,Y,관광지,없음,2022-11-30
진잠근린공원,반려동물업,반려동반여행,여행지,대전광역시,유성구,원내동,,358 번지,계백로,835 번,36.29461195,127.320607,34232.0,대전광역시 유성구 계백로 835,대전광역시 유성구 원내동 358,,정보없음,연중무휴,매일 00:00~24:00,Y,없음,Y,해당없음,모두 가능,목줄,N,Y,공원,없음,2022-11-30
진재공원,반려동물업,반려동반여행,여행지,충청북도,청주시 흥덕구,복대동,,3025 번지,진재로48번길,17 번,36.63561848,127.4307,28420.0,충청북도 청주시 흥덕구 진재로48번길 17,충청북도 청주시 흥덕구 복대동 3025,043-200-2815,정보없음,연중무휴,매일 00:00~24:00,Y,없음,Y,해당없음,모두 가능,"목줄, 배변봉투",N,Y,공원,없음,2022-11-30
진주휴게소 반려견놀이터,반려동물업,반려동반여행,여행지,경상남도,진주시,호탄동,,382 번지,남해고속도로,194 번,35.15969568,128.121988,52825.0,경상남도 진주시 남해고속도로 194,경상남도 진주시 호탄동 382,055-759-3205,정보없음,연중무휴,매일 00:00~24:00,Y,없음,Y,해당없음,모두 가능,"목줄, 배변봉투",N,Y,관광지,없음,2022-11-30
진천농다리,반려동물업,반려동반여행,여행지,충청북도,진천군,,화산리,,,,36.82016879,127.512129,27859.0,,충청북도 진천군 초평면 화산리,043-539-3624,http://www.cha.go.kr,연중무휴,매일 00:00~24:00,Y,없음,Y,해당없음,모두 가능,"목줄, 배변봉투",N,Y,관광지,없음,2022-11-30
진포시비공원,반려동물업,반려동반여행,여행지,전라북도,군산시,내흥동,,894-8 번지,,,36.0057289,126.755383,54042.0,,전라북도 군산시 내흥동 894-8,063-450-4472,정보없음,연중무휴,매일 00:00~24:00,N,없음,Y,해당없음,모두 가능,목줄,N,Y,공원,없음,2022-11-30
진해드림파크,반려동물업,반려동반여행,여행지,경상남도,창원시 진해구,장천동,,1-2 번지,,,35.13303095,128.717486,51631.0,,경상남도 창원시 진해구 장천동 산 1-2,055-548-2694,https://www.changwon.go.kr/depart/contents.do?mId=0303010100,매주 월요일,화~일 09:00~17:00,Y,없음,Y,해당없음,모두 가능,목줄,N,Y,관광지,없음,2022-11-30
짚트랙,반려동물업,반려동반여행,여행지,충청남도,보령시,신흑동,,2209-3 번지,해수욕장10길,79 번,36.32083782,126.50609,33489.0,충청남도 보령시 해수욕장10길 79,충청남도 보령시 신흑동 2209-3,041-934-3003,http://www.ziptrek.co.kr/,연중무휴,"매일 비수기 09:00~18:00, 성수기 09:00~19:30",Y,18000원,Y,해당없음,소형,"목줄, 안기",N,Y,관광지,없음,2022-11-30
짱뚱어해수욕장,반려동물업,반려동반여행,여행지,전라남도,신안군,증도면,대초리,1609-4 번지,문준경길,478-30 번,34.99041679,126.134954,58808.0,전라남도 신안군 증도면 문준경길 478-30,전라남도 신안군 증도면 대초리 1609-4,061-240-3522,정보없음,연중무휴,매일 00:00~24:00,Y,없음,Y,해당없음,모두 가능,"목줄, 배변봉투",N,Y,관광지,없음,2022-11-30
차이나타운,반려동물업,반려동반여행,여행지,인천광역시,중구,선린동,,20 번지,차이나타운로59번길,12 번,37.47400896,126.61868,22314.0,인천광역시 중구 차이나타운로59번길 12,인천광역시 중구 선린동 20,033-777-1330,http://ic-chinatown.co.kr/,연중무휴,매일 00:00~24:00,Y,없음,Y,해당없음,소형/중형,"목줄, 배변봉투",N,Y,관광지,없음,2022-11-30
찬스귤체험농장,반려동물업,반려동반여행,여행지,제주특별자치도,서귀포시,남원읍,남원리,2280-2 번지,남위남성로93번길,74 번,33.28154699,126.700619,63619.0,제주특별자치도 서귀포시 남원읍 남위남성로93번길 74,제주특별자치도 서귀포시 남원읍 남원리 2280-2,064-764-0008,정보없음,2~10월,매일 09:30~16:00,Y,없음,Y,해당없음,모두 가능,"목줄, 배변봉투",N,Y,관광지,없음,2022-11-30
참맑은아침펜션,반려동물업,반려동반여행,펜션,경상북도,경주시,하동,,748-2 번지,하동1길,32-1 번,35.79534352,129.310352,38126.0,경상북도 경주시 하동1길 32-1,경상북도 경주시 하동 748-2,050-5356-9553,정보없음,연중무휴,매일 15:00~11:00,Y,변동,Y,해당없음,모두 가능,제한사항 없음,Y,Y,"애견 동반 펜션, 사전문의 필수","20,000원",2022-11-30
참샘허브나라,반려동물업,반려동반여행,여행지,경상남도,밀양시,초동면,봉황리,157-1 번지,방동길,133-10 번,35.45196986,128.70563,50447.0,경상남도 밀양시 초동면 방동길 133-10,경상남도 밀양시 초동면 봉황리 157-1,0507-1404-3825,https://chamsam.modoo.at/,연중무휴,매일 09:00~18:00,Y,3000원,Y,해당없음,모두 가능,목줄,N,Y,"관광지, 악천후 시 휴장",없음,2022-11-30
창원편백치유의숲,반려동물업,반려동반여행,여행지,경상남도,창원시 진해구,태백동,,52-103 번지,장복산길,47 번,35.17214813,128.658721,51578.0,경상남도 창원시 진해구 장복산길 47,경상남도 창원시 진해구 태백동 산 52-103,055-225-4241,정보없음,"1월1일, 설, 추석 연휴 당일, 매주 월요일",화~일 09:00~18:00,Y,없음,Y,해당없음,모두 가능,"목줄, 배변봉투",N,Y,관광지,없음,2022-11-30
창포말등대,반려동물업,반려동반여행,여행지,경상북도,영덕군,영덕읍,창포리,5-5 번지,,,36.42510998,129.434617,,,경상북도 영덕군 영덕읍 창포리 산 5-5,054-245-1552,https://tour.yd.go.kr/kor/sight/sightView.aspx?idx=255,연중무휴,매일 00:00~24:00,Y,없음,Y,해당없음,모두 가능,목줄,N,Y,관광지,없음,2022-11-30
천년근린공원,반려동물업,반려동반여행,여행지,대전광역시,유성구,상대동,,484-5 번지,,,36.34256958,127.337496,34199.0,,대전광역시 유성구 상대동 484-5,,정보없음,연중무휴,매일 00:00~24:00,N,없음,Y,해당없음,모두 가능,목줄,N,Y,공원,없음,2022-11-30
천변누리공원,반려동물업,반려동반여행,여행지,전라북도,정읍시,상동,,735 번지,,,35.55636954,126.868136,56190.0,,전라북도 정읍시 상동 735,,정보없음,연중무휴,매일 00:00~24:00,Y,없음,Y,해당없음,모두 가능,목줄,N,Y,공원,없음,2022-11-30
천섬 리버뷰 커플 스파,반려동물업,반려동반여행,펜션,경기도,가평군,설악면,사룡리,177-4 번지,자잠로282번길,18-16 번,37.69724287,127.491994,12460.0,경기도 가평군 설악면 자잠로282번길 18-16,경기도 가평군 설악면 사룡리 177-4,0507-1350-2408,http://www.thousandisland.co.kr/,연중무휴,매일 15:00~22:00,Y,변동,Y,해당없음,7kg 미만,"목줄, 입마개, 고양이 입실 불가",Y,Y,애견 동반 펜션,"30,000원",2022-11-30
천안시민체육공원,반려동물업,반려동반여행,여행지,충청남도,천안시 서북구,불당동,,242-3 번지,,,36.8126651,127.113975,31163.0,,충청남도 천안시 서북구 불당동 242-3,041-529-5055,https://www.cfmc.or.kr/_citypark/,연중무휴,매일 00:00~24:00,Y,없음,Y,해당없음,모두 가능,"목줄, 배변봉투",N,Y,공원,없음,2022-11-30
천주교마재성지,반려동물업,반려동반여행,여행지,경기도,남양주시,조안면,능내리,116 번지,다산로,698-44 번,37.52158925,127.296065,12283.0,경기도 남양주시 조안면 다산로 698-44,경기도 남양주시 조안면 능내리 116,031-576-5412,http://www.majaesungji.or.kr/,매주 월요일,화~일 09:00~17:00,Y,없음,Y,해당없음,소형/중형,목줄,N,Y,관광지,없음,2022-11-30
천진해수욕장,반려동물업,반려동반여행,여행지,강원도,고성군,토성면,천진리,111-18 번지,,,38.2599855,128.559812,,,강원도 고성군 토성면 천진리 111-18,033-680-3356,http://cheonjin.co.kr/,연중무휴,매일 06:00~24:00,Y,없음,Y,해당없음,모두 가능,"목줄, 배변봉투",N,Y,관광지,없음,2022-11-30
천호지,반려동물업,반려동반여행,여행지,충청남도,천안시 동남구,안서동,,492-7 번지,천호지길,9 번,36.83414974,127.172941,31116.0,충청남도 천안시 동남구 천호지길 9,충청남도 천안시 동남구 안서동 492-7,,정보없음,연중무휴,매일 00:00~24:00,N,없음,Y,해당없음,모두 가능,목줄,N,Y,관광지,없음,2022-11-30
청계계곡 빈센트하우스 애견 펜션,반려동물업,반려동반여행,펜션,경기도,포천시,일동면,기산리,2-18 번지,운악청계로1480번길,99 번,37.94171046,127.346724,11119.0,경기도 포천시 일동면 운악청계로1480번길 99,경기도 포천시 일동면 기산리 2-18,,http://vincenthouse.kr,연중무휴,매일 15:00~11:00,Y,변동,Y,해당없음,모두 가능,제한사항 없음,Y,Y,"애견 동반 펜션, 사전문의 필수","10,000원",2022-11-30
청남대,반려동물업,반려동반여행,여행지,충청북도,청주시 상당구,문의면,신대리,26-1 번지,청남대길,646 번,36.4622489,127.490095,28210.0,충청북도 청주시 상당구 문의면 청남대길 646,충청북도 청주시 상당구 문의면 신대리 산 26-1,043-257-5080,http://chnam.chungbuk.go.kr/,연중무휴,매일 00:00~24:00,Y,없음,Y,해당없음,모두 가능,"목줄, 배변봉투",N,Y,관광지,없음,2022-11-30
청도 지성휴펜션,반려동물업,반려동반여행,펜션,경상북도,청도군,풍각면,수월리,132 번지,봉수길,553-25 번,35.66564081,128.57191,38306.0,경상북도 청도군 풍각면 봉수길 553-25,경상북도 청도군 풍각면 수월리 132,054-372-3009,http://jiseonghue.com/,연중무휴,매일 15:00~12:00,Y,변동,Y,해당없음,소형,객실당 최대 2마리,Y,Y,애견 동반 펜션,없음,2022-11-30
청도읍성,반려동물업,반려동반여행,여행지,경상북도,청도군,화양읍,동상리,48-1 번지,,,35.65005613,128.706685,,,경상북도 청도군 화양읍 동상리 48-1,054-370-6062,http://www.cheongdo.go.kr/open.content/tour/,연중무휴,매일 00:00~24:00,Y,없음,Y,해당없음,모두 가능,"목줄, 배변봉투",N,Y,관광지,없음,2022-11-30
청라호수공원,반려동물업,반려동반여행,여행지,인천광역시,서구,청라동,,106-2 번지,청라대로,204 번,37.53996954,126.632809,22751.0,인천광역시 서구 청라대로 204,인천광역시 서구 청라동 106-2,032-456-2749,https://www.insiseol.or.kr/park/cheongna/,연중무휴,매일 00:00~24:00,Y,없음,Y,해당없음,모두 가능,"목줄, 배변봉투",N,Y,공원,없음,2022-11-30
청산공원,반려동물업,반려동반여행,여행지,충청북도,옥천군,청산면,교평리,251-3 번지,,,36.343107,127.79831,29013.0,,충청북도 옥천군 청산면 교평리 251-3,043-730-4972,정보없음,연중무휴,매일 00:00~24:00,N,없음,Y,해당없음,모두 가능,"목줄, 배변봉투",N,Y,공원,없음,2022-11-30
청산수목원,반려동물업,반려동반여행,여행지,충청남도,태안군,남면,신장리,23 번지,연꽃길,70 번,36.68658559,126.297394,32153.0,충청남도 태안군 남면 연꽃길 70,충청남도 태안군 남면 신장리 23,041-675-0656,http://www.greenpark.co.kr/,연중무휴,매일 09:00~일몰 1시간 전,Y,변동,Y,해당없음,모두 가능,"목줄, 배변봉투",N,Y,관광지,없음,2022-11-30
청암민속박물관,반려동물업,반려동반여행,여행지,경기도,양주시,장흥면,일영리,36-7 번지,권율로,83-5 번,37.72205241,126.94579,11520.0,경기도 양주시 장흥면 권율로 83-5,경기도 양주시 장흥면 일영리 36-7,031-855-5100,https://instagram.com/cheong_am?igshid=MDM4ZDc5MmU=,연중무휴,매일 10:00~18:00,Y,5000원,Y,해당없음,소형,케이지 이용,N,Y,관광지,없음,2022-11-30
청와대,반려동물업,반려동반여행,여행지,서울특별시,종로구,청운효자동,,1 번지,청와대로,1 번,37.58647569,126.974937,3048.0,서울특별시 종로구 청와대로 1,서울특별시 종로구 세종로 1,1522-7760,https://www.opencheongwadae.kr/intro-main/index#none,연중무휴,매일 07:00~19:00,Y,없음,Y,해당없음,소형,"목줄, 케이지",N,Y,관광지,없음,2022-11-30
청주중앙공원,반려동물업,반려동반여행,여행지,충청북도,청주시 상당구,성안동,,92-6 번지,남사로,117 번,36.63297523,127.487779,28529.0,충청북도 청주시 상당구 남사로 117,충청북도 청주시 상당구 남문로2가 92-6,043-200-2815,정보없음,연중무휴,매일 00:00~24:00,Y,없음,Y,해당없음,모두 가능,"목줄, 배변봉투",N,Y,공원,없음,2022-11-30
청초호 호수공원,반려동물업,반려동반여행,여행지,강원도,속초시,조양동,,1544-2 번지,철새길,76 번,38.19192935,128.586529,24872.0,강원도 속초시 철새길 76,강원도 속초시 조양동 1544-2,033-639-2690,http://chungchoho.co.kr/,연중무휴,매일 00:00~24:00,Y,없음,Y,해당없음,소형/중형,목줄,N,Y,공원,없음,2022-11-30
청초호호수공원,반려동물업,반려동반여행,여행지,강원도,속초시,교동,,1025-1 번지,엑스포로,140 번,38.19688592,128.582016,24854.0,강원도 속초시 엑스포로 140,강원도 속초시 교동 1025-1,033-639-2422,https://gangwon.to/gwtour/sightseeing_guide/accommodation?control=AC0021_T&tourCode=TOSIGK00,연중무휴,매일 00:00~24:00,Y,없음,Y,해당없음,모두 가능,목줄,N,Y,공원,없음,2022-11-30
청춘발산마을,반려동물업,반려동반여행,여행지,광주광역시,서구,양동,,440-5 번지,천변좌로,12-16 번,35.15991724,126.891471,61918.0,광주광역시 서구 천변좌로 12-16,광주광역시 서구 양동 440-5,062-464-0020,http://www.bal-san.com,매주 일요일,월~토 13:00~18:00,Y,없음,Y,해당없음,모두 가능,"목줄, 배변봉투",N,Y,관광지,없음,2022-11-30
청평사,반려동물업,반려동반여행,여행지,강원도,춘천시,북산면,청평리,673 번지,오봉산길,810 번,37.98607131,127.808452,24208.0,강원도 춘천시 북산면 오봉산길 810,강원도 춘천시 북산면 청평리 673,033-244-1095,http://cheongpyeongsa.co.kr/,연중무휴,매일 00:00~24:00,Y,없음,Y,해당없음,소형/중형,목줄,N,Y,관광지,없음,2022-11-30
청평호,반려동물업,반려동반여행,여행지,경기도,가평군,,회곡리,,,,37.69820338,127.444773,,,경기도 가평군 설악면 회곡리,031-580-2114,https://m.place.naver.com/place/13491627/home?entry=ple,연중무휴,매일 00:00~24:00,Y,없음,Y,해당없음,모두 가능,"목줄, 배변봉투",N,Y,관광지,없음,2022-11-30
청풍호반케이블카,반려동물업,반려동반여행,여행지,충청북도,제천시,청풍면,물태리,98-2 번지,문화재길,166 번,37.00126444,128.166781,27214.0,충청북도 제천시 청풍면 문화재길 166,충청북도 제천시 청풍면 물태리 98-2,043-643-7301,https://www.cheongpungcablecar.com/,연중무휴,시설에 따라 변동,Y,변동,Y,해당없음,소형/중형,케이지 이용,N,Y,관광지,없음,2022-11-30
초막골생태공원,반려동물업,반려동반여행,여행지,경기도,군포시,산본동,,917-3 번지,,,37.34907427,126.918299,15869.0,,경기도 군포시 산본동 917-3,031-399-6601,https://www.gunpo.go.kr/chomakgol/index.do,연중무휴,매일 00:00~24:00,Y,없음,Y,해당없음,모두 가능,"목줄, 배변봉투",N,Y,공원,없음,2022-11-30
초안산근린공원 반려견 놀이터,반려동물업,반려동반여행,여행지,서울특별시,도봉구,창동,,137-6 번지,,,37.64529446,127.043146,1453.0,,서울특별시 도봉구 창동 산 137-6,02-906-7979,정보없음,연중무휴,매일 10:00~19:00,Y,없음,Y,해당없음,소형,"맹견류, 전염성 있는 경우 입장 제한, 목줄, 배변봉투, 동물등록 필수",N,Y,공원,없음,2022-11-30
초안산생태공원,반려동물업,반려동반여행,여행지,서울특별시,도봉구,창동,,158 번지,,,37.64717178,127.045951,1453.0,,서울특별시 도봉구 창동 산 158,02-2091-3765,https://tour.dobong.go.kr/Contents.asp?code=10003485,연중무휴,매일 00:00~24:00,N,없음,Y,해당없음,모두 가능,"목줄, 배변봉투",N,Y,공원,없음,2022-11-30
추암촛대바위,반려동물업,반려동반여행,여행지,강원도,동해시,추암동,,69 번지,,,37.47927292,129.159759,,,강원도 동해시 추암동 산 69,033-530-2801,정보없음,연중무휴,"매일 3~10월 09:00~18:00, 11월~2월 09:00~17:00",Y,없음,Y,해당없음,모두 가능,"목줄, 배변봉투",N,Y,관광지,없음,2022-11-30
추전역 간이역,반려동물업,반려동반여행,여행지,강원도,태백시,화전동,,12-4 번지,싸리밭길,47-63 번,37.20005193,128.949445,26003.0,강원도 태백시 싸리밭길 47-63,강원도 태백시 화전동 산 12-4,1544-7788,정보없음,연중무휴,매일 00:00~24:00,Y,없음,Y,해당없음,모두 가능,"목줄, 배변봉투",N,Y,관광지,없음,2022-11-30
춘자네쇠소깍,반려동물업,반려동반여행,여행지,제주특별자치도,서귀포시,하효동,,995 번지,쇠소깍로,128 번,33.25214808,126.623007,63600.0,제주특별자치도 서귀포시 쇠소깍로 128,제주특별자치도 서귀포시 하효동 995,064-732-1402,https://jejusss.modoo.at,연중무휴,매일 07:00~18:00,Y,변동,Y,해당없음,모두 가능,제한사항 없음,N,Y,관광지,없음,2022-11-30
춘장대해수욕장,반려동물업,반려동반여행,여행지,충청남도,서천군,서면,도둔리,400 번지,,,36.15846165,126.527568,,,충청남도 서천군 서면 도둔리 400,041-952-2695,http://www.chunjangdaebeach.com/,연중무휴,매일 00:00~24:00,Y,없음,Y,해당없음,모두 가능,목줄,N,Y,관광지,없음,2022-11-30
춘천송암스포츠타운,반려동물업,반려동반여행,여행지,강원도,춘천시,송암동,,297 번지,,,37.85525199,127.689958,24239.0,,강원도 춘천시 송암동 297,033-264-0660,https://www.cuc.or.kr/,연중무휴,"월~금 11:00~17:00, 토~일 10:00~18:00",Y,변동,Y,해당없음,모두 가능,"목줄, 배변봉투",N,Y,관광지,없음,2022-11-30
춘향테마파크,반려동물업,반려동반여행,여행지,전라북도,남원시,어현동,,37-158 번지,양림길,14-9 번,35.40146435,127.386902,55795.0,전라북도 남원시 양림길 14-9,전라북도 남원시 어현동 37-158,063-620-5799,http://www.namwontheme.or.kr/,연중무휴,매일 09:00~22:00,Y,3000원,Y,해당없음,소형,"목줄, 배변봉투",N,Y,관광지,없음,2022-11-30
출렁다리,반려동물업,반려동반여행,여행지,경상남도,통영시,욕지면,동항리,395-5 번지,욕지일주로,1610 번,34.62513433,128.273331,53100.0,경상남도 통영시 욕지면 욕지일주로 1610,경상남도 통영시 욕지면 동항리 395-5,055-650-1423,정보없음,연중무휴,매일 00:00~24:00,Y,없음,Y,해당없음,모두 가능,목줄,N,Y,관광지,없음,2022-11-30
충주종합운동장,반려동물업,반려동반여행,여행지,충청북도,충주시,호암동,,967 번지,대림로,85 번,36.95801981,127.915902,27477.0,충청북도 충주시 대림로 85,충청북도 충주시 호암동 967,043-850-0410,정보없음,연중무휴,매일 00:00~24:00,Y,없음,Y,해당없음,모두 가능,"목줄, 배변봉투, 동물등록 필수",N,Y,"관광지, 12세 미만 보호자 동반 필수",없음,2022-11-30
충효예공원,반려동물업,반려동반여행,여행지,충청남도,금산군,금산읍,상리,5-5 번지,,,36.11040362,127.490301,32732.0,,충청남도 금산군 금산읍 상리 5-5,041-750-2400,정보없음,연중무휴,매일 00:00~24:00,Y,없음,Y,해당없음,모두 가능,"목줄, 배변봉투",N,Y,공원,없음,2022-11-30
측도펜션,반려동물업,반려동반여행,펜션,인천광역시,옹진군,영흥면,선재리,659 번지,선재로95번길,273 번,37.233272,126.517671,23123.0,인천광역시 옹진군 영흥면 선재로95번길 273,인천광역시 옹진군 영흥면 선재리 659,0507-1381-9969,http://www.seonjaedo.co.kr/cheukdo/index.html,연중무휴,일자에 따라 변동,Y,변동,Y,해당없음,10kg 이하,제한사항 없음,Y,Y,애견 동반 펜션,"20,000원",2022-11-30
친구펜션,반려동물업,반려동반여행,펜션,경상남도,통영시,산양읍,미남리,134-7 번지,척포길,139 번,34.76750442,128.42205,53087.0,경상남도 통영시 산양읍 척포길 139,경상남도 통영시 산양읍 미남리 134-7,0507-1309-6412,http://www.friendpension.com/,연중무휴,매일 15:00~11:00,Y,변동,N,해당없음,해당없음,해당없음,Y,Y,펜션,없음,2022-11-30
칠갑전망대,반려동물업,반려동반여행,여행지,충청남도,청양군,대치면,광대리,316-10 번지,칠갑산로,704-10 번,36.43896429,126.848327,33344.0,충청남도 청양군 대치면 칠갑산로 704-10,충청남도 청양군 대치면 광대리 316-10,041-943-5314,정보없음,연중무휴,매일 09:00~19:00,Y,없음,Y,해당없음,모두 가능,목줄,N,Y,관광지,없음,2022-11-30
칠천도 애견민박,반려동물업,반려동반여행,펜션,경상남도,거제시,하청면,연구리,307-17 번지,연구2길,3-8 번,34.98115871,128.628571,53203.0,경상남도 거제시 하청면 연구2길 3-8,경상남도 거제시 하청면 연구리 307-17,,http://instagram.com/gomsseon,연중무휴,매일 15:00~11:00,Y,변동,Y,해당없음,모두 가능,제한사항 없음,Y,Y,"애견 동반 펜션, 사전문의 필수","15,000원",2022-11-30
칠포그린로즈 캠핑펜션야영장,반려동물업,반려동반여행,펜션,경상북도,포항시 북구,흥해읍,금장리,30-1 번지,암각화길,31 번,36.13546095,129.38499,37530.0,경상북도 포항시 북구 흥해읍 암각화길 31,경상북도 포항시 북구 흥해읍 금장리 30-1,054-262-8285,http://greenroses.imweb.me/,연중무휴,매일 15:00~11:00,Y,변동,Y,해당없음,모두 가능,숲사이트 실외만 출입 가능,Y,Y,애견 동반 펜션,없음,2022-11-30
카르페디엠,반려동물업,반려동반여행,펜션,전라남도,여수시,돌산읍,금성리,758 번지,돌산로,673 번,34.59427191,127.759603,59777.0,전라남도 여수시 돌산읍 돌산로 673,전라남도 여수시 돌산읍 금성리 758,0507-1346-7466,http://www.carpediemyeosu.com,연중무휴,매일 15:00~11:00,Y,변동,Y,해당없음,10kg 미만,제한사항 없음,Y,Y,애견 동반 펜션,"10,000원",2022-11-30
캐나디언카누클럽캠핑장,반려동물업,반려동반여행,여행지,강원도,홍천군,서면,마곡리,23-1 번지,마곡길,113-28 번,37.72221021,127.586779,25100.0,강원도 홍천군 서면 마곡길 113-28,강원도 홍천군 서면 마곡리 23-1,070-4336-1824,http://ohcanoe.com/,12~2월,매일 12:00~12:00,Y,변동,Y,해당없음,모두 가능,목줄,N,Y,관광지,없음,2022-11-30
캐스팅 애견동반펜션,반려동물업,반려동반여행,펜션,경상북도,경주시,감포읍,나정리,71-5 번지,동해안로,1957-2 번,35.78207966,129.490049,38123.0,경상북도 경주시 감포읍 동해안로 1957-2,경상북도 경주시 감포읍 나정리 71-5,050-5765-0449,http://www.g-casting.net/,연중무휴,매일 14:00~11:00,Y,변동,Y,해당없음,소형,제한사항 없음,Y,Y,"애견 동반 펜션, 사전문의 필수","10,000원",2022-11-30
코나,반려동물업,반려동반여행,펜션,충청남도,보령시,신흑동,,2253-4 번지,해수욕장9길,2-43 번,36.31752567,126.51284,33489.0,충청남도 보령시 해수욕장9길 2-43,충청남도 보령시 신흑동 2253-4,041-933-3999,http://www.konapension.com/,연중무휴,매일 15:00~11:00,Y,변동,Y,반려동물 전용,7kg 미만,대형견 입장 불가,Y,Y,애견 동반 펜션,없음,2022-11-30
코리아플라워파크,반려동물업,반려동반여행,여행지,충청남도,태안군,안면읍,승언리,244-12 번지,꽃지해안로,400 번,36.50112332,126.336785,32166.0,충청남도 태안군 안면읍 꽃지해안로 400,충청남도 태안군 안면읍 승언리 244-12,041-675-5533,http://www.koreaflowerpark.com,연중무휴,매일 09:00~17:00,Y,12000원,Y,해당없음,소형/중형,"목줄, 배변봉투",N,Y,관광지,없음,2022-11-30
코지펜션,반려동물업,반려동반여행,펜션,충청남도,서산시,팔봉면,호리,667-6 번지,팔봉1로,698 번,36.82968528,126.331912,31921.0,충청남도 서산시 팔봉면 팔봉1로 698,충청남도 서산시 팔봉면 호리 667-6,041-667-2700,정보없음,연중무휴,매일 15:00~11:00,Y,변동,Y,해당없음,모두 가능,제한사항 없음,Y,Y,애견 동반 펜션,"15,000원",2022-11-30
콩알펜션,반려동물업,반려동반여행,펜션,경기도,포천시,소흘읍,고모리,275-10 번지,죽엽산로,391-3 번,37.79881719,127.167783,11185.0,경기도 포천시 소흘읍 죽엽산로 391-3,경기도 포천시 소흘읍 고모리 275-10,,http://www.kongr.net/,연중무휴,매일 15:00~11:00,Y,변동,Y,해당없음,9kg 이하,"입질, 공격성 있는 경우 입장 제한",Y,Y,"애견 동반 펜션, 애견수영장, 사전문의 필수",없음,2022-11-30
쿠키마당펜션,반려동물업,반려동반여행,펜션,강원도,평창군,방림면,계촌리,2232 번지,감동지길,100 번,37.47814652,128.273261,25364.0,강원도 평창군 방림면 감동지길 100,강원도 평창군 방림면 계촌리 2232,,http://www.dogpension.co.kr/,연중무휴,매일 14:00~11:00,Y,변동,Y,해당없음,모두 가능,제한사항 없음,Y,Y,애견 동반 펜션,없음,2022-11-30
퀸스타운 애견펜션,반려동물업,반려동반여행,펜션,경기도,양평군,단월면,석산리,150-4 번지,석산로,1539-10 번,37.64653114,127.615046,12525.0,경기도 양평군 단월면 석산로 1539-10,경기도 양평군 단월면 석산리 150-4,0507-1322-5618,http://queenstown.co.kr/,연중무휴,매일 15:00~11:00,Y,변동,Y,해당없음,9kg 미만,제한사항 없음,Y,Y,"애견 동반 펜션, 사전문의 필수","10,000원",2022-11-30
크리스마스펜션,반려동물업,반려동반여행,펜션,강원도,고성군,토성면,천진리,124 번지,천진해변길,62 번,38.2609612,128.558678,24764.0,강원도 고성군 토성면 천진해변길 62,강원도 고성군 토성면 천진리 124,050-5765-0430,http://www.christmaspension.com/,연중무휴,매일 15:00~11:00,Y,변동,Y,해당없음,모두 가능,"입질, 공격성 있는 경우 입장 제한",Y,Y,애견 동반 펜션,"30,000원",2022-11-30
큰엉해안경승지,반려동물업,반려동반여행,여행지,제주특별자치도,서귀포시,남원읍,남원리,2379-3 번지,태위로,522-17 번,33.27334982,126.703712,63620.0,제주특별자치도 서귀포시 남원읍 태위로 522-17,제주특별자치도 서귀포시 남원읍 남원리 2379-3,064-760-4181,정보없음,연중무휴,매일 00:00~24:00,Y,없음,Y,해당없음,모두 가능,"목줄, 배변봉투",N,Y,관광지,없음,2022-11-30
클래식펜션,반려동물업,반려동반여행,펜션,강원도,평창군,봉평면,유포리,5-1 번지,금당계곡로,1837-37 번,37.56081733,128.396588,25311.0,강원도 평창군 봉평면 금당계곡로 1837-37,강원도 평창군 봉평면 유포리 5-1,033-333-1999,http://www.classicps.com/,연중무휴,매일 14:00~22:00,Y,변동,Y,해당없음,모두 가능,제한사항 없음,Y,Y,애견 동반 펜션,"10,000원",2022-11-30
클럽더독스,반려동물업,반려동반여행,펜션,경기도,양평군,옥천면,아신리,545-1 번지,당곡길,42-18 번,37.51572122,127.436634,12508.0,경기도 양평군 옥천면 당곡길 42-18,경기도 양평군 옥천면 아신리 545-1,070-8249-7289,http://cafe.naver.com/clubthedogs,연중무휴,매일 14:00~11:00,Y,변동,Y,해당없음,모두 가능,제한사항 없음,Y,Y,"애견 동반 펜션, 애견카페","10,000원",2022-11-30
타임펜션,반려동물업,반려동반여행,펜션,강원도,평창군,봉평면,유포리,75-1 번지,금당계곡로,1745 번,37.55030477,128.392743,25311.0,강원도 평창군 봉평면 금당계곡로 1745,강원도 평창군 봉평면 유포리 75-1,033-333-7002,http://www.thymepension.com/,정보없음,정보없음,Y,변동,N,해당없음,해당없음,해당없음,Y,Y,펜션,없음,2022-11-30
탄금대,반려동물업,반려동반여행,여행지,충청북도,충주시,칠금동,,1-1 번지,탄금대안길,105 번,36.98825149,127.898292,27440.0,충청북도 충주시 탄금대안길 105,충청북도 충주시 칠금동 산 1-1,043-848-2246,https://www.heritage.go.kr/heri/cul/culSelectDetail.do?culPageNo=1&region=1&searchCondition=%ED%83%84%EA%B8%88%EB%8C%80&searchCondition2=&ccbaKdcd=15&ccbaAsno=00420000&ccbaCtcd=33&ccbaCpno=1353300420000&ccbaCndt=&ccbaLcto=&stCcbaAsdt=&endCcbaAsdt=&header=view&returnUrl=%2Fheri%2Fcul%2FculSelectViewList.do&pageNo=1_1_1_0&p=multiSch&sortType=&sortOrd=&sngl=Y&s_kdcdArr=00&s_ctcdArr=00&ccbaPcd1Arr=99&ccbaGcodeArr=00,연중무휴,매일 00:00~24:00,Y,없음,Y,해당없음,모두 가능,목줄,N,Y,관광지,없음,2022-11-30
탄도항,반려동물업,반려동반여행,여행지,경기도,안산시 단원구,선감동,,717-5 번지,,,37.19309112,126.64563,,,경기도 안산시 단원구 선감동 717-5,,정보없음,연중무휴,매일 00:00~24:00,Y,없음,Y,해당없음,모두 가능,목줄,N,Y,관광지,없음,2022-11-30
탑정호 수변생태공원,반려동물업,반려동반여행,여행지,충청남도,논산시,부적면,충곡리,287-8 번지,부적로,721-10 번,36.19124895,127.172784,32916.0,충청남도 논산시 부적면 부적로 721-10,충청남도 논산시 부적면 충곡리 287-8,,http://www.nonsan.go.kr/tour/html/sub02/020401.html,연중무휴,매일 00:00~24:00,Y,없음,Y,해당없음,모두 가능,목줄,N,Y,공원,없음,2022-11-30
태안빛축제,반려동물업,반려동반여행,여행지,충청남도,태안군,남면,신온리,168-3 번지,마검포길,200 번,36.61514987,126.299884,32158.0,충청남도 태안군 남면 마검포길 200,충청남도 태안군 남면 신온리 168-3,041-675-9200,http://www.ffestival.co.kr,연중무휴,매일 18:30~22:30,Y,9000원,Y,해당없음,모두 가능,"목줄, 배변봉투",N,Y,관광지,없음,2022-11-30
태양은가득히 펜션,반려동물업,반려동반여행,펜션,충청남도,태안군,안면읍,창기리,1362-5 번지,삼봉길,112 번,36.57050812,126.324063,32162.0,충청남도 태안군 안면읍 삼봉길 112,충청남도 태안군 안면읍 창기리 1362-5,,http://xn--o39a31o4xkqheuncx4x6qeqnj.com/,연중무휴,매일 15:00~11:00,Y,변동,Y,해당없음,소형/중형,맹견류 입장 불가,Y,Y,"애견 동반 펜션, 애견카페",없음,2022-11-30
태종대유원지,반려동물업,반려동반여행,여행지,부산광역시,영도구,동삼동,,산 19-2 번지,전망로,24 번,35.05969496,129.079806,49127.0,부산광역시 영도구 전망로 24,부산광역시 영도구 동삼동 산 19-2,051-405-8745,http://taejongdae.bisco.or.kr/,연중무휴,매일 04:00~24:00,Y,없음,Y,해당없음,모두 가능,목줄,N,Y,관광지,없음,2022-11-30
태화강 국가정원십리대숲,반려동물업,반려동반여행,여행지,울산광역시,중구,태화동,,,,,35.55654214,129.304482,44432.0,,울산광역시 중구 태화동,052-229-7583,https://www.ulsan.go.kr/s/garden/bbs/view.ulsan?bbsId=BBS_0000000000000165&mId=001002001000000000&dataId=27102,연중무휴,매일 00:00~24:00,Y,없음,Y,해당없음,모두 가능,목줄,N,Y,관광지,없음,2022-11-30
태화강둔치,반려동물업,반려동반여행,여행지,울산광역시,중구,태화동,,800 번지,,,35.55152921,129.286037,44432.0,,울산광역시 중구 태화동 800,052-290-4420,정보없음,연중무휴,매일 00:00~24:00,Y,없음,Y,해당없음,모두 가능,"목줄, 배변봉투",N,Y,관광지,없음,2022-11-30
토마토 애견동반펜션,반려동물업,반려동반여행,펜션,인천광역시,강화군,화도면,장화리,283-5 번지,해안남로,2506 번,37.62660724,126.37904,23061.0,인천광역시 강화군 화도면 해안남로 2506,인천광역시 강화군 화도면 장화리 283-5,050-5765-0679,http://tomatops.kr,연중무휴,매일 15:00~11:00,Y,변동,Y,해당없음,5kg 미만,"반려견 수영장 입수 불가 , 애견용품 개별준비",Y,Y,"애견 동반 펜션, 사전문의 필수","20,000원",2022-11-30
토성공원,반려동물업,반려동반여행,여행지,충청남도,부여군,규암면,외리,66-4 번지,,,36.26242075,126.888796,33126.0,,충청남도 부여군 규암면 외리 66-4,,정보없음,연중무휴,매일 00:00~24:00,N,없음,Y,해당없음,모두 가능,목줄,N,Y,공원,없음,2022-11-30
토실이네,반려동물업,반려동반여행,펜션,경기도,남양주시,진접읍,부평리,262 번지,광릉수목원로186번길,49 번,37.75057553,127.189115,12001.0,경기도 남양주시 진접읍 광릉수목원로186번길 49,경기도 남양주시 진접읍 부평리 262,,https://blog.naver.com/tosil-house,연중무휴,매일 15:00~11:00,Y,변동,Y,해당없음,15kg 이하,"강아지만 입실 가능, 객실당 최대 6마리",Y,Y,"애견 동반 펜션, 사전문의 필수","15,000원",2022-11-30
토종흑염소목장 남원본점,반려동물업,반려동반여행,여행지,제주특별자치도,서귀포시,남원읍,한남리,18 번지,서성로,544-97 번,33.31748682,126.659681,63614.0,제주특별자치도 서귀포시 남원읍 서성로 544-97,제주특별자치도 서귀포시 남원읍 한남리 산 18,0507-1329-5099,https://jejublackgoat.modoo.at/?link=3kexgbnd,연중무휴,매일 09:00~17:00,Y,8000원,Y,해당없음,모두 가능,목줄,N,Y,관광지,없음,2022-11-30
톱머리해수욕장,반려동물업,반려동반여행,여행지,전라남도,무안군,,피서리,,,,34.98658377,126.38728,,,전라남도 무안군 망운면 피서리,061-454-4900,https://www.muan.go.kr/?main=true,연중무휴,매일 00:00~24:00,Y,없음,Y,해당없음,모두 가능,"목줄, 배변봉투",N,Y,관광지,없음,2022-11-30
통나무꾸메푸메펜션,반려동물업,반려동반여행,펜션,경상남도,통영시,산양읍,신전리,25 번지,논아랫개길,134-44 번,34.78220761,128.430979,53086.0,경상남도 통영시 산양읍 논아랫개길 134-44,경상남도 통영시 산양읍 신전리 25,0507-1322-7614,http://www.kumepume.co.kr/,연중무휴,매일 14:00~11:00,Y,변동,N,해당없음,해당없음,해당없음,Y,Y,펜션,없음,2022-11-30
통영여행게스트펜션,반려동물업,반려동반여행,펜션,경상남도,통영시,산양읍,영운리,8-11 번지,수륙길,6 번,34.82197082,128.439716,53085.0,경상남도 통영시 산양읍 수륙길 6,경상남도 통영시 산양읍 영운리 8-11,055-645-0660,http://guestpension.net/,연중무휴,매일 15:00~11:00,Y,변동,Y,해당없음,모두 가능,제한사항 없음,Y,Y,"애견 동반 펜션, 사전문의 필수","10,000원",2022-11-30
통영케이블카,반려동물업,반려동반여행,여행지,경상남도,통영시,도남동,,349-1 번지,발개로,205 번,34.82664863,128.425127,53075.0,경상남도 통영시 발개로 205,경상남도 통영시 도남동 349-1,1544-3303,http://cablecar.ttdc.kr/,"2, 4째주 월요일","일~금 10:00~16:00, 토 10:00~16:30, 법정공휴일 10:00~16:30",Y,10500원,Y,해당없음,소형/중형,케이지 이용,N,Y,관광지,없음,2022-11-30
통영RCE세자트라숲,반려동물업,반려동반여행,여행지,경상남도,통영시,용남면,화삼리,202 번지,용남해안로,116 번,34.84913224,128.447858,53029.0,경상남도 통영시 용남면 용남해안로 116,경상남도 통영시 용남면 화삼리 202,055-650-7400,https://rce.or.kr/main/main.php,연중무휴,매일 00:00~24:00,Y,없음,Y,해당없음,모두 가능,"목줄, 배변봉투",N,Y,관광지,없음,2022-11-30
통인1939,반려동물업,반려동반여행,펜션,서울특별시,종로구,통인동,,147-5 번지,자하문로,33-7 번,37.57897275,126.970957,3040.0,서울특별시 종로구 자하문로 33-7,서울특별시 종로구 통인동 147-5,0507-1348-3282,https://blog.naver.com/tongin1939,연중무휴,매일 15:00~12:00,Y,변동,Y,해당없음,소형,"털빠짐 심한 경우 입장 불가, 애견용품 개별준비",Y,Y,애견 동반 펜션,없음,2022-11-30
통통게스트하우스,반려동물업,반려동반여행,펜션,경상남도,거제시,문동동,,343-6 번지,문동4길,51 번,34.86148256,128.652969,53297.0,경상남도 거제시 문동4길 51,경상남도 거제시 문동동 343-6,055-635-9998,https://blog.naver.com/seungsmu,연중무휴,매일 15:00~11:00,Y,변동,Y,해당없음,소형,제한사항 없음,Y,Y,"애견 동반 펜션, 사전문의 필수",없음,2022-11-30
투게독 펜션,반려동물업,반려동반여행,펜션,경상남도,남해군,설천면,진목리,65 번지,설천로332번길,87-36 번,34.89110312,127.917815,52402.0,경상남도 남해군 설천면 설천로332번길 87-36,경상남도 남해군 설천면 진목리 65,,https://korean.visitkorea.or.kr/detail/ms_detail.do?cotid=66c9ddfe-7b35-4803-b14c-c7b58ab6a06d,연중무휴,매일 14:00~11:00,Y,변동,Y,해당없음,소형/중형,제한사항 없음,Y,Y,"애견 동반 펜션, 사전문의 필수","20,000원",2022-11-30
트리하우스 펜션,반려동물업,반려동반여행,펜션,경기도,가평군,상면,행현리,375-3 번지,수목원로,181-16 번,37.76211285,127.363964,12448.0,경기도 가평군 상면 수목원로 181-16,경기도 가평군 상면 행현리 375-3,0507-1340-2573,https://treehousegp.imweb.me/,연중무휴,매일 15:00~11:00,Y,변동,Y,해당없음,소형/중형,제한사항 없음,Y,Y,"애견 동반 펜션, 사전문의 필수","10,000원",2022-11-30
파도소리길,반려동물업,반려동반여행,여행지,경상북도,경주시,,읍천리,,,,35.69013831,129.467215,,,경상북도 경주시 양남면 읍천리,054-779-6083,정보없음,연중무휴,매일 00:00~24:00,N,없음,Y,해당없음,모두 가능,목줄,N,Y,관광지,없음,2022-11-30
파레사 애견풀빌라,반려동물업,반려동반여행,펜션,경상남도,남해군,창선면,지족리,91-1 번지,동부대로,1974-37 번,34.83761379,128.008462,52452.0,경상남도 남해군 창선면 동부대로 1974-37,경상남도 남해군 창선면 지족리 91-1,,http://www.paresa.kr/,연중무휴,매일 15:00~11:00,Y,변동,Y,해당없음,15kg 이하,제한사항 없음,Y,Y,"애견 동반 펜션, 사전문의 필수","20,000원",2022-11-30
파로호꽃섬,반려동물업,반려동반여행,여행지,강원도,양구군,양구읍,하리,570-1 번지,,,38.11469506,127.984782,24522.0,,강원도 양구군 양구읍 하리 570-1,033-480-7204,정보없음,연중무휴,매일 00:00~24:00,Y,없음,Y,해당없음,모두 가능,"목줄, 배변봉투",N,Y,관광지,없음,2022-11-30
파인하우스,반려동물업,반려동반여행,펜션,충청남도,태안군,안면읍,승언리,1317-2 번지,방포항길,64 번,36.50444988,126.335457,32166.0,충청남도 태안군 안면읍 방포항길 64,충청남도 태안군 안면읍 승언리 1317-2,041-673-4343,정보없음,연중무휴,매일 15:00~11:00,Y,변동,Y,해당없음,소형/중형,"목줄, 배변봉투",N,Y,애견 동반 펜션,없음,2022-11-30
파인힐 애견펜션,반려동물업,반려동반여행,펜션,강원도,강릉시,연곡면,방내리,180-1 번지,동해대로,4371-27 번,37.86920213,128.831634,25428.0,강원도 강릉시 연곡면 동해대로 4371-27,강원도 강릉시 연곡면 방내리 180-1,0507-1310-7258,http://pineheal.coja.kr,연중무휴,매일 03:00~11:00,Y,변동,Y,해당없음,모두 가능,"입질, 공격성 있는 경우 입장 제한, 애견샤워 금지",Y,Y,애견 동반 펜션,없음,2022-11-30
파트라슈,반려동물업,반려동반여행,펜션,경기도,가평군,상면,행현리,166-3 번지,축령로70번길,53 번,37.77811236,127.36201,12448.0,경기도 가평군 상면 축령로70번길 53,경기도 가평군 상면 행현리 166-3,031-584-6640,http://partrasue.kr/main1.php,연중무휴,매일 15:00~11:00,Y,변동,Y,해당없음,모두 가능,객실당 최대 4마리,Y,Y,"애견 동반 펜션, 사전문의 필수","10,000원",2022-11-30
팔각정공원,반려동물업,반려동반여행,여행지,충청북도,청주시 상당구,금천동,,330 번지,,,36.62627076,127.513111,,,충청북도 청주시 상당구 금천동 330,043-201-4410,정보없음,연중무휴,매일 00:00~24:00,Y,없음,Y,해당없음,모두 가능,"목줄, 배변봉투",N,Y,공원,없음,2022-11-30
팔공산케이블카,반려동물업,반려동반여행,여행지,대구광역시,동구,용수동,,72 번지,팔공산로185길,51 번,35.99088706,128.694835,41007.0,대구광역시 동구 팔공산로185길 51,대구광역시 동구 용수동 산 72,053-982-8801,http://www.palgongcablecar.com/,매주 월요일,"화~금 09:30~18:20, 금~토 09:30~18:40",Y,12000원,Y,해당없음,소형,"목줄, 안기, 탑승 시 케이지 이용",N,Y,관광지,없음,2022-11-30
팔당물안개공원,반려동물업,반려동반여행,여행지,경기도,광주시,남종면,귀여리,596 번지,,,37.51029917,127.314443,,,경기도 광주시 남종면 귀여리 596,031-762-1039,정보없음,연중무휴,"매일 하절기 05:00~20:00, 동절기 07:00~18:00",Y,없음,Y,해당없음,모두 가능,"목줄, 배변봉투",N,Y,공원,없음,2022-11-30
팔룡산돌탑입구공원,반려동물업,반려동반여행,여행지,경상남도,창원시 마산회원구,양덕동,,58 번지,,,35.22751188,128.592363,,,경상남도 창원시 마산회원구 양덕동 산 58,055-225-6992,http://culture.changwon.go.kr/index.changwon?contentId=130&bbsId=BBSMSTR_000000000031&nttId=267&menuNo=11030000&upperMenuId=11000000,연중무휴,매일 00:00~24:00,Y,없음,Y,해당없음,소형,제한사항 없음,N,Y,공원,없음,2022-11-30
팔봉서원,반려동물업,반려동반여행,여행지,충청북도,충주시,대소원면,문주리,74-1 번지,팔봉안길,11-6 번,36.90108098,127.922759,27474.0,충청북도 충주시 대소원면 팔봉안길 11-6,충청북도 충주시 대소원면 문주리 74-1,043-842-0531,정보없음,연중무휴,매일 00:00~24:00,Y,없음,Y,해당없음,소형,목줄,N,Y,관광지,없음,2022-11-30
팜카밀레,반려동물업,반려동반여행,여행지,충청남도,태안군,남면,몽산리,967 번지,우운길,56-19 번,36.68789463,126.282421,32152.0,충청남도 태안군 남면 우운길 56-19,충청남도 태안군 남면 몽산리 967,041-675-3636,http://kamille.co.kr/,연중무휴,"매일 하절기 09:00~18:00, 동절기 09:00~17:00",Y,6000원,Y,해당없음,모두 가능,목줄,N,Y,관광지,없음,2022-11-30
팰리스1470 풀빌라펜션,반려동물업,반려동반여행,펜션,경상남도,남해군,남면,평산리,1004 번지,남면로,1470 번,34.7487669,127.857064,52434.0,경상남도 남해군 남면 남면로 1470,경상남도 남해군 남면 평산리 1004,050-5356-9690,http://palace1470.kr/index.php,연중무휴,매일 15:00~11:00,Y,변동,N,해당없음,해당없음,해당없음,Y,Y,펜션,없음,2022-11-30
퍼니하우스,반려동물업,반려동반여행,펜션,전라남도,담양군,금성면,대성리,30-1 번지,금성산성길,280 번,35.3717687,127.019619,57301.0,전라남도 담양군 금성면 금성산성길 280,전라남도 담양군 금성면 대성리 30-1,061-381-8888,http://www.funnyhouse.kr/default/,연중무휴,매일 15:00~11:00,Y,변동,Y,해당없음,모두 가능,제한사항 없음,Y,Y,"애견 동반 펜션, 사전문의 필수","20,000원",2022-11-30
퍼피21 애견펜션,반려동물업,반려동반여행,펜션,충청남도,태안군,안면읍,창기리,1260-31 번지,해안관광로,954-51 번,36.57715672,126.321505,32162.0,충청남도 태안군 안면읍 해안관광로 954-51,충청남도 태안군 안면읍 창기리 1260-31,,http://www.puppy21.com/,연중무휴,매일 15:00~11:00,Y,변동,Y,해당없음,9kg 미만,맹견류 입장 불가,Y,Y,애견 동반 펜션,"10,000원",2022-11-30
퍼피누,반려동물업,반려동반여행,펜션,경기도,양평군,청운면,가현리,149 번지,가현길,372 번,37.52487191,127.726787,12530.0,경기도 양평군 청운면 가현길 372,경기도 양평군 청운면 가현리 149,,http://puppynu.modoo.at/,연중무휴,매일 14:00~11:00,Y,변동,Y,해당없음,소형/중형,배변봉투,Y,Y,"애견 동반 펜션, 사전문의 필수","10,000원",2022-11-30
펜션아이리스,반려동물업,반려동반여행,펜션,강원도,홍천군,서면,굴업리,280 번지,굴업솔골길,60-9 번,37.62156995,127.675137,25103.0,강원도 홍천군 서면 굴업솔골길 60-9,강원도 홍천군 서면 굴업리 280,,http://pensioniris.co.kr/,연중무휴,매일 15:00~11:00,Y,변동,Y,해당없음,8kg 이하,"닥스훈트, 미니핀, 코카스파니엘, 비글, 웰시코기, 프렌치불독, 단모치와와 입장 불가",Y,Y,애견 동반 펜션,"10,000원",2022-11-30
펜션앤호텔뷰,반려동물업,반려동반여행,펜션,충청남도,보령시,천북면,사호리,778-11 번지,홍보로,1061-175 번,36.50344382,126.483204,33400.0,충청남도 보령시 천북면 홍보로 1061-175,충청남도 보령시 천북면 사호리 778-11,041-641-7890,http://www.hotel-view.co.kr,연중무휴,매일 15:00~12:00,Y,변동,Y,해당없음,소형/중형,애견용품 개별준비,Y,Y,애견 동반 펜션,"10,000원",2022-11-30
펜션정원,반려동물업,반려동반여행,펜션,제주특별자치도,서귀포시,남원읍,신흥리,20-3 번지,일주동로,6523 번,33.30641961,126.775167,63616.0,제주특별자치도 서귀포시 남원읍 일주동로 6523,제주특별자치도 서귀포시 남원읍 신흥리 20-3,0503-5051-9624,http://jejujungwon.com/,연중무휴,매일 15:00~11:00,Y,변동,Y,해당없음,5kg 미만,제한사항 없음,Y,Y,애견 동반 펜션,"20,000원",2022-11-30
펭귄마을,반려동물업,반려동반여행,여행지,광주광역시,남구,양림동,,201-64 번지,천변좌로446번길,7 번,35.1400765,126.917036,61662.0,광주광역시 남구 천변좌로446번길 7,광주광역시 남구 양림동 201-64,062-674-5708,정보없음,연중무휴,매일 00:00~24:00,N,없음,Y,해당없음,모두 가능,목줄,N,Y,관광지,없음,2022-11-30
평강랜드,반려동물업,반려동반여행,여행지,경기도,포천시,영북면,산정리,728 번지,우물목길,171-18 번,38.04997858,127.306188,11103.0,경기도 포천시 영북면 우물목길 171-18,경기도 포천시 영북면 산정리 728,031-532-1779,http://www.peacelandkorea.com,연중무휴,매일 09:00~18:00,Y,8000원,Y,해당없음,소형,목줄,N,Y,관광지,없음,2022-11-30
평생사랑해줄개 애견펜션,반려동물업,반려동반여행,펜션,충청남도,태안군,고남면,고남리,21-3 번지,구매길,72 번,36.42430037,126.429609,32172.0,충청남도 태안군 고남면 구매길 72,충청남도 태안군 고남면 고남리 21-3,,http://www.평생사랑해줄개.com,연중무휴,매일 15:00~11:00,Y,변동,Y,해당없음,10kg 이하,"입질, 공격성 심한 경우, 맹견 입실 불가",Y,Y,애견 동반 펜션,없음,2022-11-30
평창바위공원,반려동물업,반려동반여행,여행지,강원도,평창군,평창읍,중리,357 번지,,,37.37120187,128.410552,,,강원도 평창군 평창읍 중리 357,033-330-2680,정보없음,연중무휴,매일 00:00~24:00,Y,없음,Y,해당없음,모두 가능,"목줄, 배변봉투",N,Y,공원,없음,2022-11-30
평창힐링스테이,반려동물업,반려동반여행,펜션,강원도,평창군,평창읍,종부리,11 번지,종부1길,242-44 번,37.34705428,128.412079,25377.0,강원도 평창군 평창읍 종부1길 242-44,강원도 평창군 평창읍 종부리 11,0507-1385-7550,정보없음,연중무휴,매일 14:00~11:00,Y,변동,Y,해당없음,모두 가능,제한사항 없음,Y,Y,애견 동반 펜션,없음,2022-11-30
평촌중앙공원,반려동물업,반려동반여행,여행지,경기도,안양시 동안구,평촌동,,895 번지,관평로,149 번,37.39013664,126.961329,14067.0,경기도 안양시 동안구 관평로 149,경기도 안양시 동안구 평촌동 895,031-8045-2810,정보없음,연중무휴,매일 00:00~24:00,Y,없음,Y,해당없음,모두 가능,"목줄, 배변봉투",N,Y,공원,없음,2022-11-30
평택호관광지,반려동물업,반려동반여행,여행지,경기도,평택시,현덕면,권관리,551-3 번지,평택호길,48 번,36.91482586,126.912922,17972.0,경기도 평택시 현덕면 평택호길 48,경기도 평택시 현덕면 권관리 551-3,031-8024-8687,https://www.pyeongtaek.go.kr/tour/contents.do?mId=0103030000,연중무휴,매일 00:00~24:00,Y,없음,Y,해당없음,모두 가능,"목줄, 배변봉투",N,Y,관광지,없음,2022-11-30
평화생태공원,반려동물업,반려동반여행,여행지,전라북도,전주시 완산구,평화2동,,889-7 번지,평화로,95 번,35.78510176,127.133196,55126.0,전라북도 전주시 완산구 평화로 95,전라북도 전주시 완산구 평화동2가 889-7,063-281-2808,정보없음,연중무휴,매일 00:00~24:00,N,없음,Y,해당없음,모두 가능,"목줄, 배변봉투",N,Y,공원,없음,2022-11-30
평화의 공원,반려동물업,반려동반여행,여행지,서울특별시,마포구,상암동,,1535 번지,증산로,32 번,37.56410596,126.892347,3901.0,서울특별시 마포구 증산로 32,서울특별시 마포구 상암동 1535,02-300-5576,정보없음,연중무휴,매일 00:00~24:00,Y,없음,Y,해당없음,모두 가능,"목줄, 배변봉투",N,Y,공원,없음,2022-11-30
포시즌애견테마파크,반려동물업,반려동반여행,여행지,경기도,안성시,서운면,신능리,128-1 번지,바우덕이로,348-24 번,36.96692604,127.281397,17606.0,경기도 안성시 서운면 바우덕이로 348-24,경기도 안성시 서운면 신능리 128-1,0507-1336-2251,정보없음,연중무휴,매일 10:00~22:00,Y,없음,Y,해당없음,모두 가능,"맹견 출입 제한, 산책로 목줄 필수",N,Y,"관광지, 강아지놀이터",없음,2022-11-30
포시즌펜션,반려동물업,반려동반여행,펜션,제주특별자치도,서귀포시,토평동,,636 번지,칠십리로285번길,3 번,33.24856364,126.583467,63598.0,제주특별자치도 서귀포시 칠십리로285번길 3,제주특별자치도 서귀포시 토평동 636,064-732-5224,http://www.fourseason365.com/,연중무휴,매일 14:00~11:00,Y,변동,Y,해당없음,5kg 미만,제한사항 없음,Y,Y,애견 동반 펜션,"10,000원",2022-11-30
포천아트밸리,반려동물업,반려동반여행,여행지,경기도,포천시,신북면,기지리,282 번지,아트밸리로,234 번,37.92344665,127.236501,11139.0,경기도 포천시 신북면 아트밸리로 234,경기도 포천시 신북면 기지리 282,031-538-3483,http://artvalley.pocheon.go.kr/,1째주 화요일,"월~목 09:00~19:00, 금~일 09:00~21:00",Y,5000원,Y,해당없음,소형,"목줄, 배변봉투",N,Y,관광지,없음,2022-11-30
포포펜션,반려동물업,반려동반여행,펜션,경기도,포천시,화현면,명덕리,194-14 번지,봉화로,315-69 번,37.87486002,127.27535,11125.0,경기도 포천시 화현면 봉화로 315-69,경기도 포천시 화현면 명덕리 194-14,,http://popopension.com,연중무휴,매일 15:00~11:00,Y,변동,Y,해당없음,10kg 미만,"입질, 공격성 있는 경우 입장 제한",Y,Y,"애견 동반 펜션, 사전문의 필수",없음,2022-11-30
포항 그랑모던풀빌라,반려동물업,반려동반여행,펜션,경상북도,포항시 남구,오천읍,항사리,90-2 번지,오어로154번길,19-16 번,35.92830928,129.384405,37895.0,경상북도 포항시 남구 오천읍 오어로154번길 19-16,경상북도 포항시 남구 오천읍 항사리 90-2,070-4468-1609,http://grangmodern.kr/,연중무휴,매일 15:00~11:00,Y,변동,Y,해당없음,20kg 미만,객실당 최대 소형 4마리 또는 대형 2마리,Y,Y,애견 동반 펜션,"30,000원",2022-11-30
포항 데이토나 풀빌라,반려동물업,반려동반여행,펜션,경상북도,포항시 남구,장기면,대진리,143-2 번지,동해안로3936번길,25-6 번,35.92514868,129.517907,37943.0,경상북도 포항시 남구 장기면 동해안로3936번길 25-6,경상북도 포항시 남구 장기면 대진리 143-2,,http://daytona.pe.kr/,연중무휴,매일 15:00~11:00,Y,변동,Y,해당없음,8kg 이하,제한사항 없음,Y,Y,애견 동반 펜션,"40,000원",2022-11-30
포항 발리오레 패밀리,반려동물업,반려동반여행,펜션,경상북도,포항시 남구,호미곶면,구만리,588 번지,구만길,72-15 번,36.08021487,129.54653,37928.0,경상북도 포항시 남구 호미곶면 구만길 72-15,경상북도 포항시 남구 호미곶면 구만리 588,0507-1364-8268,http://xn--om2b13aba79u6dz55dppv.com/,연중무휴,매일 15:00~11:00,Y,변동,Y,해당없음,소형/중형,제한사항 없음,Y,Y,애견 동반 펜션,"20,000원",2022-11-30
포항 클라우드 나인,반려동물업,반려동반여행,펜션,경상북도,포항시 북구,청하면,청진리,232 번지,해안로1918번길,37-2 번,36.17599488,129.394244,37518.0,경상북도 포항시 북구 청하면 해안로1918번길 37-2,경상북도 포항시 북구 청하면 청진리 232,,https://www.airbnb.co.kr/rooms/50685147?_set_bev_on_new_domain=1668489284_NGNiMDBjMGI5ZTQ5&source_impression_id=p3_1668489286_bJt2utW5ql6MxRbO,연중무휴,매일 15:00~11:00,Y,변동,Y,해당없음,소형,객실당 최대 1마리,Y,Y,애견 동반 펜션,"20,000원",2022-11-30
포항댕댕동산,반려동물업,반려동반여행,여행지,경상북도,포항시 남구,오천읍,문덕리,1354 번지,송덕로212번길,90 번,35.94897166,129.384243,37876.0,경상북도 포항시 남구 오천읍 송덕로212번길 90,경상북도 포항시 남구 오천읍 문덕리 1354,054-270-3368,정보없음,매주 화요일,"수~월 하절기 09:00~19:00, 동절기 09:00~18:00",Y,없음,Y,해당없음,모두 가능,"목줄, 배변봉투",N,Y,관광지,없음,2022-11-30
퐁당 애견펜션,반려동물업,반려동반여행,펜션,경기도,양평군,용문면,중원리,96 번지,망능길,4 번,37.53271016,127.624802,12512.0,경기도 양평군 용문면 망능길 4,경기도 양평군 용문면 중원리 96,0507-1489-0271,http://pongdangpets.com/,연중무휴,매일 15:00~11:00,Y,변동,Y,해당없음,10kg 미만,최대 4마리,Y,Y,"애견 동반 펜션, 사전문의 필수","20,000원",2022-11-30
퐁당퐁당신산리,반려동물업,반려동반여행,펜션,제주특별자치도,서귀포시,성산읍,신산리,1154-7 번지,신산중앙로18번길,40 번,33.37733491,126.874611,63634.0,제주특별자치도 서귀포시 성산읍 신산중앙로18번길 40,제주특별자치도 서귀포시 성산읍 신산리 1154-7,,정보없음,정보없음,정보없음,Y,변동,Y,해당없음,소형,제한사항 없음,Y,Y,애견 동반 펜션,변동,2022-11-30
푸른달 하루,반려동물업,반려동반여행,펜션,전라북도,전주시 완산구,풍남동,,42-3 번지,동문길,57-8 번,35.81835106,127.150821,55039.0,전라북도 전주시 완산구 동문길 57-8,전라북도 전주시 완산구 풍남동1가 42-3,0507-1384-1301,정보없음,연중무휴,매일 15:00~11:00,Y,변동,N,해당없음,해당없음,해당없음,Y,Y,펜션,없음,2022-11-30
푸른바다,반려동물업,반려동반여행,펜션,전라남도,여수시,화양면,이천리,440 번지,이대길,24-1 번,34.73294204,127.583139,59651.0,전라남도 여수시 화양면 이대길 24-1,전라남도 여수시 화양면 이천리 440,061-691-4368,정보없음,정보없음,정보없음,Y,변동,N,해당없음,해당없음,해당없음,Y,Y,펜션,없음,2022-11-30
푸른솔공원,반려동물업,반려동반여행,여행지,전라북도,익산시,부송동,,1041 번지,부송로4길,15 번,35.95549153,126.992503,54568.0,전라북도 익산시 부송로4길 15,전라북도 익산시 부송동 1041,,정보없음,연중무휴,매일 00:00~24:00,N,없음,Y,해당없음,모두 가능,목줄,N,Y,공원,없음,2022-11-30
푸른수목원,반려동물업,반려동반여행,여행지,서울특별시,구로구,항동,,31 번지,연동로,240 번,37.48196844,126.823669,8361.0,서울특별시 구로구 연동로 240,서울특별시 구로구 항동 31,02-2686-3200,http://parks.seoul.go.kr/pureun,연중무휴,매일 05:00~22:00,Y,없음,Y,해당없음,모두 가능,"목줄, 배변봉투",N,Y,관광지,없음,2022-11-30
풀빌라히든빌리지펜션,반려동물업,반려동반여행,펜션,충청남도,보령시,웅천읍,관당리,735 번지,간드리3길,42-17 번,36.24662998,126.540718,33508.0,충청남도 보령시 웅천읍 간드리3길 42-17,충청남도 보령시 웅천읍 관당리 735,,http://www.hdvillage.kr/,연중무휴,매일 15:00~11:00,Y,변동,Y,해당없음,15kg 이하,"입질, 공격성 심한 경우, 맹견 입실 불가",Y,Y,애견 동반 펜션,"10,000원",2022-11-30
풀빛둥지 펜션,반려동물업,반려동반여행,펜션,강원도,양양군,현북면,장리,165-21 번지,남대천로,1225-1 번,37.99852876,128.642932,25049.0,강원도 양양군 현북면 남대천로 1225-1,강원도 양양군 현북면 장리 165-21,033-673-7747,http://www.poolbit.net/,연중무휴,매일 14:30~11:30,Y,변동,Y,해당없음,소형/중형,제한사항 없음,Y,Y,"애견 동반 펜션, 사전문의 필수, 추가인원 10,000원","20,000원",2022-11-30
풀하우스,반려동물업,반려동반여행,펜션,충청남도,태안군,고남면,장곡리,350-19 번지,장곡길,111 번,36.43944124,126.380832,32170.0,충청남도 태안군 고남면 장곡길 111,충청남도 태안군 고남면 장곡리 350-19,041-673-5366,http://fullhouse.anmyondo.co.kr/,연중무휴,매일 15:00~11:00,Y,변동,Y,해당없음,10kg 이하,"매너벨트, 객실당 최대 2마리",Y,Y,관광지,"10,000원",2022-11-30
풍남문,반려동물업,반려동반여행,여행지,전라북도,전주시 완산구,전동,,83-4 번지,풍남문3길,1 번,35.81350837,127.147579,55043.0,전라북도 전주시 완산구 풍남문3길 1,전라북도 전주시 완산구 전동 83-4,063-287-6008,정보없음,연중무휴,매일 00:00~24:00,N,3000원,Y,해당없음,모두 가능,"목줄, 배변봉투",N,Y,관광지,없음,2022-11-30
풍년골공원,반려동물업,반려동반여행,여행지,충청북도,청주시 흥덕구,가경동,,1075 번지,풍년로194번길,42 번,36.62974057,127.433288,28394.0,충청북도 청주시 흥덕구 풍년로194번길 42,충청북도 청주시 흥덕구 가경동 1075,,정보없음,연중무휴,매일 00:00~24:00,N,없음,Y,해당없음,모두 가능,"목줄, 배변봉투",N,Y,공원,없음,2022-11-30
풍류해변,반려동물업,반려동반여행,여행지,전라남도,고흥군,두원면,풍류리,683 번지,풍류로,99-14 번,34.66361934,127.229571,59514.0,전라남도 고흥군 두원면 풍류로 99-14,전라남도 고흥군 두원면 풍류리 683,064-830-6598,http://tour.goheung.go.kr/tour/sights/beach/10.do,연중무휴,매일 10:00~18:00,Y,없음,Y,해당없음,소형/대형,"목줄, 배변봉투",N,Y,관광지,없음,2022-11-30
풍암호수공원,반려동물업,반려동반여행,여행지,광주광역시,서구,풍암동,,460 번지,,,35.12809545,126.870423,,,광주광역시 서구 풍암동 460,062-360-7726,https://www.seogu.gwangju.kr/menu.es?mid=a70901020000,연중무휴,매일 00:00~24:00,Y,없음,Y,해당없음,모두 가능,"목줄, 배변봉투",N,Y,공원,없음,2022-11-30
프렌쥬랜드,반려동물업,반려동반여행,여행지,인천광역시,강화군,길상면,선두리,655-7 번지,보리고개로,166 번,37.62527741,126.486093,23052.0,인천광역시 강화군 길상면 보리고개로 166,인천광역시 강화군 길상면 선두리 655-7,032-937-8358,정보없음,매주 월요일,화~일 10:00~17:00,Y,8000원,Y,해당없음,소형/중형,"목줄, 배변봉투",N,Y,관광지,없음,2022-11-30
프렌즈펜션,반려동물업,반려동반여행,펜션,강원도,강릉시,안현동,,506-1 번지,하남길,117-4 번,37.81174613,128.880543,25441.0,강원도 강릉시 하남길 117-4,강원도 강릉시 안현동 506-1,,http://www.ilovefriends.net,연중무휴,매일 15:00~11:00,Y,변동,Y,해당없음,소형/중형,제한사항 없음,Y,Y,"애견 동반 펜션, 애견수영장, 사전문의 필수","10,000원",2022-11-30
프로방스,반려동물업,반려동반여행,여행지,경기도,파주시,탄현면,성동리,84 번지,새오리로,69 번,37.79042089,126.684998,10858.0,경기도 파주시 탄현면 새오리로 69,경기도 파주시 탄현면 성동리 84,031-946-6353,정보없음,연중무휴,매일 10:00~22:00,Y,없음,Y,해당없음,모두 가능,목줄,N,Y,관광지,없음,2022-11-30
플레이독 애견풀빌라,반려동물업,반려동반여행,펜션,경기도,가평군,상면,행현리,660-18 번지,수목원로,391-25 번,37.74663494,127.353969,12448.0,경기도 가평군 상면 수목원로 391-25,경기도 가평군 상면 행현리 660-18,0507-1361-8373,http://www.플레이독.com,연중무휴,매일 15:00~11:00,Y,변동,Y,해당없음,10kg 미만,제한사항 없음,Y,Y,"애견 동반 펜션, 애견수영장, 사전문의 필수",없음,2022-11-30
피아노폭포,반려동물업,반려동반여행,여행지,경기도,남양주시,화도읍,금남리,47-48 번지,,,37.63056116,127.348309,12193.0,,경기도 남양주시 화도읍 금남리 산 47-48,031-560-1577,https://www.nyj.go.kr/culture/3433?action=read&action-value=ab53421a8aa625e6c3a174743c6a42eb,매주 월요일,"화~일 3~10월 09:00~18:00, 11~2월 09:00~17:00",Y,없음,Y,해당없음,모두 가능,목줄,N,Y,관광지,없음,2022-11-30
하나개해수욕장 유원지,반려동물업,반려동반여행,여행지,인천광역시,중구,무의동,,189 번지,하나개로,129 번,37.38446979,126.412552,22387.0,인천광역시 중구 하나개로 129,인천광역시 중구 무의동 산 189,032-751-8833,http://hanagae.com/,연중무휴,매일 10:00~19:00,Y,없음,Y,해당없음,소형/중형,"목줄, 배변봉투",N,Y,관광지,없음,2022-11-30
하늘공원,반려동물업,반려동반여행,여행지,서울특별시,마포구,상암동,,481-72 번지,하늘공원로,95 번,37.56907948,126.886318,3900.0,서울특별시 마포구 하늘공원로 95,서울특별시 마포구 상암동 481-72,02-300-5501,정보없음,연중무휴,매일 05:00~22:00,Y,없음,Y,해당없음,모두 가능,"목줄, 배변봉투",N,Y,공원,없음,2022-11-30
하늘공원,반려동물업,반려동반여행,여행지,전라북도,전주시 덕진구,덕진동,,682 번지,,,35.84551093,127.107448,,,전라북도 전주시 덕진구 덕진동2가 682,063-222-1000,https://deokjingu.jeonju.go.kr/,연중무휴,매일 00:00~24:00,N,없음,Y,해당없음,모두 가능,"목줄, 배변봉투",N,Y,공원,없음,2022-11-30
하늘맞이공원,반려동물업,반려동반여행,여행지,충청남도,천안시 서북구,불당동,,1851 번지,불당25로,37 번,36.80493313,127.104035,31156.0,충청남도 천안시 서북구 불당25로 37,충청남도 천안시 서북구 불당동 1851,041-521-2776,정보없음,연중무휴,매일 00:00~24:00,Y,없음,Y,해당없음,모두 가능,"목줄, 배변봉투",N,Y,공원,없음,2022-11-30
하늘소리공원,반려동물업,반려동반여행,여행지,충청남도,천안시 서북구,불당동,,1752 번지,,,36.8105446,127.102602,,,충청남도 천안시 서북구 불당동 1752,041-521-2774,정보없음,연중무휴,매일 00:00~24:00,N,없음,Y,해당없음,모두 가능,"목줄, 배변봉투",N,Y,공원,없음,2022-11-30
하늘숲 글램핑 파크,반려동물업,반려동반여행,펜션,경기도,가평군,북면,소법리,152-4 번지,화악산로,254-38 번,37.90455082,127.562176,12404.0,경기도 가평군 북면 화악산로 254-38,경기도 가평군 북면 소법리 152-4,0507-1419-0118,http://sky-glamping.com/,연중무휴,매일 14:30~10:30,Y,변동,Y,해당없음,8kg 이하,제한사항 없음,Y,Y,"애견 동반 펜션, 사전문의 필수",없음,2022-11-30
하늘아래공원,반려동물업,반려동반여행,여행지,대전광역시,서구,관저동,,1583 번지,관저중로,10 번,36.29298998,127.335204,35383.0,대전광역시 서구 관저중로 10,대전광역시 서구 관저동 1583,,정보없음,연중무휴,매일 00:00~24:00,Y,없음,Y,해당없음,모두 가능,목줄,N,Y,공원,없음,2022-11-30
하늘자락물소리펜션,반려동물업,반려동반여행,펜션,강원도,평창군,봉평면,덕거리,659-1 번지,보래령로,587-46 번,37.66315364,128.383118,25301.0,강원도 평창군 봉평면 보래령로 587-46,강원도 평창군 봉평면 덕거리 659-1,033-336-4116,http://www.skyend.co.kr/,연중무휴,매일 14:00~12:00,Y,변동,Y,해당없음,10kg 미만,제한사항 없음,Y,Y,애견 동반 펜션,"10,000원",2022-11-30
하늘정원,반려동물업,반려동반여행,여행지,인천광역시,중구,운서동,,2848-6 번지,,,37.44661833,126.472978,22379.0,,인천광역시 중구 운서동 2848-6,032-741-2686,정보없음,연중무휴,매일 00:00~24:00,Y,없음,Y,해당없음,모두 가능,"목줄, 배변봉투",N,Y,관광지,없음,2022-11-30
하늘채펜션,반려동물업,반려동반여행,펜션,충청남도,태안군,남면,달산리,1032-59 번지,달산포로,167-32 번,36.66000241,126.297975,32154.0,충청남도 태안군 남면 달산포로 167-32,충청남도 태안군 남면 달산리 1032-59,,http://하늘채.kr/,정보없음,정보없음,Y,변동,N,해당없음,해당없음,해당없음,Y,Y,펜션,없음,2022-11-30
하늬바람 펜션,반려동물업,반려동반여행,펜션,강원도,강릉시,성산면,오봉리,117-2 번지,경강로,1158-31 번,37.72020118,128.816872,25444.0,강원도 강릉시 성산면 경강로 1158-31,강원도 강릉시 성산면 오봉리 117-2,070-8831-3028,http://hanuibaram.com/,연중무휴,매일 15:00~11:00,Y,변동,N,해당없음,해당없음,해당없음,Y,Y,"펜션, 추가인원 15,000원",없음,2022-11-30
하니하우스,반려동물업,반려동반여행,펜션,제주특별자치도,제주시,조천읍,신촌리,2203 번지,신촌3길,48 번,33.53725176,126.619206,63337.0,제주특별자치도 제주시 조천읍 신촌3길 48,제주특별자치도 제주시 조천읍 신촌리 2203,,https://hanihaus.modoo.at/,연중무휴,매일 15:00~10:00,Y,변동,N,해당없음,해당없음,해당없음,Y,Y,펜션,없음,2022-11-30
하동십리벚꽃길,반려동물업,반려동반여행,여행지,경상남도,하동군,화개면,삼신리,672 번지,화개로,142 번,35.19976932,127.630015,52303.0,경상남도 하동군 화개면 화개로 142,경상남도 하동군 화개면 삼신리 672,055-880-2380,https://www.hadong.go.kr/02640/02649/02758.web?amode=view&idx=1877,매주 월요일,화~일 10:00~18:00,N,없음,Y,해당없음,모두 가능,"목줄, 배변봉투",N,Y,관광지,없음,2022-11-30
하루강아지애견펜션,반려동물업,반려동반여행,펜션,경기도,가평군,상면,행현리,648-5 번지,수목원로386번길,12-17 번,37.74914076,127.352324,12448.0,경기도 가평군 상면 수목원로386번길 12-17,경기도 가평군 상면 행현리 648-5,,http://harudog.com/,연중무휴,매일 15:00~11:00,Y,변동,Y,해당없음,모두 가능,"최대 5마리까지 입실 가능, 대형견은 입마개 필수",Y,Y,애견 동반 펜션,"10,000원",2022-11-30
하성근린공원 반려견놀이터,반려동물업,반려동반여행,여행지,경기도,김포시,하성면,석탄리,491-1 번지,하성로,585 번,37.72436612,126.630123,10008.0,경기도 김포시 하성면 하성로 585,경기도 김포시 하성면 석탄리 491-1,031-997-6868,정보없음,매주 월요일,화~일 09:00~18:00,Y,없음,Y,해당없음,모두 가능,"맹견 입장 불가, 목줄,배변봉투",N,Y,공원,없음,2022-11-30
하슬라아트월드,반려동물업,반려동반여행,여행지,강원도,강릉시,강동면,정동진리,524-25 번지,율곡로,1441 번,37.70545629,129.007845,25631.0,강원도 강릉시 강동면 율곡로 1441,강원도 강릉시 강동면 정동진리 524-25,033-644-9411,http://museumhaslla.com,연중무휴,매일 09:00~19:00,Y,15000원,Y,해당없음,소형,"목줄, 실내에서 안기",N,Y,관광지,없음,2022-11-30
하얀등대펜션,반려동물업,반려동반여행,펜션,경상남도,거제시,장승포동,,550-1 번지,마전9길,24 번,34.86166328,128.726007,53323.0,경상남도 거제시 마전9길 24,경상남도 거제시 장승포동 550-1,,http://www.whitelighthouse.modoo.at/,연중무휴,매일 15:00~11:00,Y,변동,Y,해당없음,소형,제한사항 없음,Y,Y,"애견 동반 펜션, 사전문의 필수",없음,2022-11-30
하얀멍이펜션,반려동물업,반려동반여행,펜션,강원도,양양군,서면,장승리,174 번지,들돌길,207 번,38.08286387,128.572268,25034.0,강원도 양양군 서면 들돌길 207,강원도 양양군 서면 장승리 174,0507-1331-3945,about:blank#blocked,정보없음,정보없음,Y,변동,Y,해당없음,모두 가능,실내견만 가능,Y,Y,"애견 동반 펜션, 애견수영장, 추가인원 20,000원",없음,2022-11-30
하이앤제이,반려동물업,반려동반여행,펜션,전라남도,여수시,봉산동,,275-15 번지,봉산남8길,7-12 번,34.7320696,127.722875,59763.0,전라남도 여수시 봉산남8길 7-12,전라남도 여수시 봉산동 275-15,061-641-9200,정보없음,연중무휴,매일 16:00~11:00,Y,변동,N,해당없음,해당없음,해당없음,Y,Y,펜션,없음,2022-11-30
하조대해수욕장,반려동물업,반려동반여행,여행지,강원도,양양군,현북면,하광정리,80-2 번지,,,38.02295226,128.725069,,,강원도 양양군 현북면 하광정리 80-2,033-672-5647,http://hajodae.org/wp/,연중무휴,매일 00:00~24:00,Y,없음,Y,해당없음,모두 가능,목줄,N,Y,관광지,없음,2022-11-30
하중도생태공원,반려동물업,반려동반여행,여행지,강원도,춘천시,중도동,,650-2 번지,,,37.8784202,127.689945,,,강원도 춘천시 중도동 650-2,033-250-3714,정보없음,연중무휴,매일 00:00~24:00,Y,없음,Y,해당없음,모두 가능,"목줄, 배변봉투",N,Y,공원,없음,2022-11-30
하트해변,반려동물업,반려동반여행,여행지,전라남도,신안군,,내월리,,,,34.74622992,125.9024,,,전라남도 신안군 비금면 내월리,061-275-5231,https://tour.shinan.go.kr/home/tour/island_tour/bigeum/place/place_02/page.wscms,연중무휴,매일 00:00~24:00,N,없음,Y,해당없음,모두 가능,"목줄, 배변봉투",N,Y,관광지,없음,2022-11-30
하하호호프렌드,반려동물업,반려동반여행,펜션,경상남도,거제시,일운면,망치리,451 번지,거제대로,1745-9 번,34.80885697,128.663868,53329.0,경상남도 거제시 일운면 거제대로 1745-9,경상남도 거제시 일운면 망치리 451,0507-1389-1975,https://hahahohofriend.modoo.at/,연중무휴,매일 15:00~11:00,Y,변동,Y,해당없음,소형,제한사항 없음,Y,Y,"애견 동반 펜션, 사전문의 필수","20,000원",2022-11-30
한계령오색펜션,반려동물업,반려동반여행,펜션,강원도,양양군,서면,오색리,202-1 번지,설악로,1323-19 번,38.07663002,128.491895,25033.0,강원도 양양군 서면 설악로 1323-19,강원도 양양군 서면 오색리 202-1,,https://hosaekpension.modoo.at/,연중무휴,매일 15:00~11:00,Y,변동,Y,해당없음,모두 가능,제한사항 없음,Y,Y,애견 동반 펜션,없음,2022-11-30
한내근린공원,반려동물업,반려동반여행,여행지,경기도,광명시,소하동,,1308-1 번지,,,37.45057078,126.886528,,,경기도 광명시 소하동 1308-1,02-2680-6462,정보없음,연중무휴,매일 00:00~24:00,N,없음,Y,해당없음,모두 가능,목줄,N,Y,공원,없음,2022-11-30
한마음공원,반려동물업,반려동반여행,여행지,전라남도,영광군,홍농읍,성산리,514 번지,홍농로7길,24 번,35.41576218,126.431561,57003.0,전라남도 영광군 홍농읍 홍농로7길 24,전라남도 영광군 홍농읍 성산리 514,061-357-3521,정보없음,연중무휴,"매일 하절기 06:00~24:00, 동절기 06:00~22:00",Y,없음,Y,해당없음,모두 가능,"목줄, 배변봉투",N,Y,공원,없음,2022-11-30
한반도섬,반려동물업,반려동반여행,여행지,강원도,양구군,양구읍,고대리,647-1 번지,한반도섬길,76 번,38.1306367,127.982807,24514.0,강원도 양구군 양구읍 한반도섬길 76,강원도 양구군 양구읍 고대리 647-1,,정보없음,연중무휴,매일 00:00~24:00,Y,없음,Y,해당없음,모두 가능,"목줄, 배변봉투",N,Y,관광지,없음,2022-11-30
한밭수목원,반려동물업,반려동반여행,여행지,대전광역시,서구,만년동,,396 번지,둔산대로,169 번,36.36646902,127.388017,35204.0,대전광역시 서구 둔산대로 169,대전광역시 서구 만년동 396,042-270-8452,https://www.daejeon.go.kr/gar/index.do,"매주 월, 화",수~일 06:00~19:00,Y,없음,Y,해당없음,모두 가능,목줄,N,Y,"관광지, 열대식물원 수~일 09:00~18:00",없음,2022-11-30
한재골,반려동물업,반려동반여행,여행지,전라남도,담양군,대전면,평장리,405-4 번지,병풍로,395 번,35.29561022,126.879688,57321.0,전라남도 담양군 대전면 병풍로 395,전라남도 담양군 대전면 평장리 405-4,,정보없음,연중무휴,매일 00:00~24:00,Y,2000원,Y,해당없음,모두 가능,"목줄, 배변봉투",N,Y,관광지,없음,2022-11-30
함평엑스포공원,반려동물업,반려동반여행,여행지,전라남도,함평군,함평읍,수호리,1153-1 번지,곤재로,27 번,35.05618874,126.519949,57143.0,전라남도 함평군 함평읍 곤재로 27,전라남도 함평군 함평읍 수호리 1153-1,061-320-2206,https://www.hampyeong.go.kr/expopark/,연중무휴,매일 09:00~18:00,Y,5000원,Y,해당없음,소형/중형,목줄,N,Y,공원,없음,2022-11-30
핫도그 애견펜션,반려동물업,반려동반여행,펜션,충청남도,태안군,남면,달산리,1028-11 번지,달산포로,185-1 번,36.66060999,126.299758,32154.0,충청남도 태안군 남면 달산포로 185-1,충청남도 태안군 남면 달산리 1028-11,0507-1397-8201,http://hotdogtaean.modoo.at,연중무휴,매일 15:00~11:00,Y,변동,Y,해당없음,모두 가능,객실당 최대 3마리,Y,Y,애견 동반 펜션,없음,2022-11-30
해금강솔레미오펜션,반려동물업,반려동반여행,펜션,경상남도,거제시,남부면,갈곶리,382-7 번지,함목길,16 번,34.73994492,128.651345,53334.0,경상남도 거제시 남부면 함목길 16,경상남도 거제시 남부면 갈곶리 382-7,055-633-4243,http://www.solemio.co.kr/,연중무휴,매일 15:00~11:00,Y,변동,N,해당없음,해당없음,해당없음,Y,Y,펜션,없음,2022-11-30
해뜨는창문 애견동반펜션,반려동물업,반려동반여행,펜션,강원도,양양군,강현면,정암리,149-7 번지,동해대로,3359 번,38.13799024,128.615718,25003.0,강원도 양양군 강현면 동해대로 3359,강원도 양양군 강현면 정암리 149-7,050-5765-0680,http://sunrisewindow.kr,연중무휴,매일 15:00~11:00,Y,변동,Y,해당없음,5kg 미만,"푸들, 말티즈, 치와와, 요크셔테리어, 비숑, 시츄, 포메라니안만 가능, 이외 견종 입실 불가",Y,Y,애견 동반 펜션,"20,000원",2022-11-30
해뜨락,반려동물업,반려동반여행,펜션,경기도,포천시,신북면,기지리,276-10 번지,아트밸리로,175-1 번,37.9254949,127.234536,11139.0,경기도 포천시 신북면 아트밸리로 175-1,경기도 포천시 신북면 기지리 276-10,,https://blog.naver.com/sunnyterrace,연중무휴,매일 15:00~12:00,Y,변동,N,해당없음,해당없음,해당없음,Y,Y,펜션,없음,2022-11-30
해랑숲공원,반려동물업,반려동반여행,여행지,대전광역시,유성구,지족동,,1067 번지,지족동로,141 번,36.38643196,127.30816,34073.0,대전광역시 유성구 지족동로 141,대전광역시 유성구 지족동 1067,,정보없음,연중무휴,매일 00:00~24:00,N,없음,Y,해당없음,모두 가능,목줄,N,Y,공원,없음,2022-11-30
해룡 펜션,반려동물업,반려동반여행,펜션,제주특별자치도,서귀포시,성산읍,성산리,285-1 번지,성산중앙로,70-2 번,33.46523005,126.935342,63643.0,제주특별자치도 서귀포시 성산읍 성산중앙로 70-2,제주특별자치도 서귀포시 성산읍 성산리 285-1,064-782-8228,http://san0416.com,연중무휴,매일 15:00~12:00,Y,변동,Y,해당없음,5kg 이하,제한사항 없음,Y,Y,애견 동반 펜션,없음,2022-11-30
해마루펜션,반려동물업,반려동반여행,펜션,경상남도,거제시,남부면,다포리,260-1 번지,다포1길,30 번,34.72957339,128.617851,53334.0,경상남도 거제시 남부면 다포1길 30,경상남도 거제시 남부면 다포리 260-1,055-637-4456,http://www.haemarupension.co.kr,연중무휴,매일 15:00~11:00,Y,변동,Y,해당없음,10kg 이하,최대 3마리,Y,Y,"애견 동반 펜션, 사전문의 필수",없음,2022-11-30
해바라기애견펜션,반려동물업,반려동반여행,펜션,충청남도,태안군,안면읍,승언리,249-61 번지,꽃지1길,185-12 번,36.50095591,126.339322,32166.0,충청남도 태안군 안면읍 꽃지1길 185-12,충청남도 태안군 안면읍 승언리 249-61,,http://sunflowerdog.com/,연중무휴,매일 14:00~11:00,Y,변동,Y,해당없음,10kg 미만,객실당 최대 2마리,Y,Y,애견 동반 펜션,"10,000원",2022-11-30
해성 펜션,반려동물업,반려동반여행,펜션,제주특별자치도,서귀포시,중문동,,1489-1 번지,천제연로,131-8 번,33.25442464,126.419878,63545.0,제주특별자치도 서귀포시 천제연로 131-8,제주특별자치도 서귀포시 중문동 1489-1,064-738-8484,http://www.hspension.co.kr,연중무휴,매일 15:00~11:00,Y,변동,Y,해당없음,소형,제한사항 없음,Y,Y,애견 동반 펜션,없음,2022-11-30
해성파크텔,반려동물업,반려동반여행,펜션,제주특별자치도,서귀포시,중문동,,2165-2 번지,천제연로,158-4 번,33.25227443,126.421344,63546.0,제주특별자치도 서귀포시 천제연로 158-4,제주특별자치도 서귀포시 중문동 2165-2,064-738-5050,http://hsparktel.co.kr,연중무휴,매일 15:00~12:00,Y,변동,Y,해당없음,소형,제한사항 없음,Y,Y,애견 동반 펜션,없음,2022-11-30
해안성 펜션,반려동물업,반려동반여행,펜션,제주특별자치도,서귀포시,호근동,,1615-2 번지,태평로92번길,29 번,33.24179965,126.531984,63571.0,제주특별자치도 서귀포시 태평로92번길 29,제주특별자치도 서귀포시 호근동 1615-2,064-739-4884,http://www.haeansung.com/new/,정보없음,정보없음,Y,변동,Y,해당없음,소형,제한사항 없음,Y,Y,애견 동반 펜션,없음,2022-11-30
해우재,반려동물업,반려동반여행,여행지,경기도,수원시 장안구,이목동,,184-6 번지,장안로,463 번,37.31867475,126.977899,16210.0,경기도 수원시 장안구 장안로 463,경기도 수원시 장안구 이목동 184-6,031-271-9777,http://www.haewoojae.com,"1월1일, 설, 추석 연휴",매일 10:00~18:00,Y,없음,Y,해당없음,모두 가능,"목줄, 배변봉투",N,Y,관광지,없음,2022-11-30
해운대영무파라드호텔 반려견전용층보유,반려동물업,반려동반여행,펜션,부산광역시,해운대구,중동,,1124-8 번지,해운대해변로298번길,25 번,35.16089963,129.166482,48099.0,부산광역시 해운대구 해운대해변로298번길 25,부산광역시 해운대구 중동 1124-8,0507-1445-0124,https://ymparade.kr/kor/index.do,연중무휴,매일 16:00~11:00,Y,변동,Y,해당없음,10kg 이하,"입질, 공격성 심한 경우, 맹견, 3개월 이하 입실 불가",Y,Y,애견 동반 펜션,"30,000원",2022-11-30
해원의 작은집,반려동물업,반려동반여행,펜션,강원도,춘천시,동내면,거두리,309-4 번지,거두길,284-4 번,37.86029974,127.789709,24399.0,강원도 춘천시 동내면 거두길 284-4,강원도 춘천시 동내면 거두리 309-4,0507-1370-8934,https://www.airbnb.co.kr/rooms/44990083?_set_bev_on_new_domain=1626999098_ZmQ0MWEzMGUzZmUy&source_impression_id=p3_1626999101_ge5jSH707rMnmOjv,정보없음,정보없음,Y,변동,Y,해당없음,모두 가능,제한사항 없음,Y,Y,펜션,없음,2022-11-30
해품달,반려동물업,반려동반여행,펜션,전라북도,전주시 완산구,교동,,186-5 번지,은행로,93-3 번,35.81162831,127.153224,55045.0,전라북도 전주시 완산구 은행로 93-3,전라북도 전주시 완산구 교동 186-5,0507-1430-2026,정보없음,연중무휴,매일 15:00~11:00,Y,변동,Y,해당없음,소형/중형,제한사항 없음,Y,Y,"애견 동반 펜션, 사전문의 필수",없음,2022-11-30
해피월드종이학,반려동물업,반려동반여행,펜션,인천광역시,옹진군,영흥면,선재리,487-21 번지,선재로186번길,78 번,37.24858338,126.525963,23123.0,인천광역시 옹진군 영흥면 선재로186번길 78,인천광역시 옹진군 영흥면 선재리 487-21,032-889-5577,http://www.jongihak.kr/,연중무휴,매일 15:00~11:00,Y,변동,Y,해당없음,7kg 미만,"목줄, 최대 2마리까지 입실가능",Y,Y,"애견 동반 펜션, 사전문의 필수",없음,2022-11-30
햇살가득펜션,반려동물업,반려동반여행,펜션,경상북도,경주시,하동,,751-13 번지,하동1길,39-5 번,35.79429549,129.310176,38126.0,경상북도 경주시 하동1길 39-5,경상북도 경주시 하동 751-13,031-771-2011,http://www.instagram.com/sunnypetpension/,연중무휴,매일 15:00~11:00,Y,변동,Y,해당없음,8kg 미만,제한사항 없음,Y,Y,"애견 동반 펜션, 애견수영장","10,000원",2022-11-30
행담도휴게소 반려견놀이터,반려동물업,반려동반여행,여행지,충청남도,당진시,신평면,매산리,516-40 번지,서해안고속도로,276 번,36.94092407,126.80953,31750.0,충청남도 당진시 신평면 서해안고속도로 276,충청남도 당진시 신평면 매산리 516-40,041-970-2400,정보없음,연중무휴,매일 00:00~24:00,Y,없음,Y,해당없음,모두 가능,"목줄, 배변봉투",N,Y,관광지,없음,2022-11-30
행복한정원 애견펜션,반려동물업,반려동반여행,펜션,경기도,가평군,가평읍,산유리,742-1 번지,분자골로,234 번,37.76115799,127.493389,12429.0,경기도 가평군 가평읍 분자골로 234,경기도 가평군 가평읍 산유리 742-1,,http://www.enjoydog.kr/,연중무휴,매일 15:00~11:00,Y,변동,Y,해당없음,5kg 이하,"애견용품 (패드, 사료) 지참 필수",Y,Y,애견 동반 펜션,"20,000원",2022-11-30
행주산성역사공원,반려동물업,반려동반여행,여행지,경기도,고양시 덕양구,행주외동,,140-8 번지,,,37.59821749,126.819746,,,경기도 고양시 덕양구 행주외동 140-8,031-8075-3404,https://www.goyang.go.kr/haengju/haengju04/haengju04_4.jsp,연중무휴,매일 05:00~22:00,Y,없음,Y,해당없음,모두 가능,목줄,N,Y,공원,없음,2022-11-30
향가유원지,반려동물업,반려동반여행,여행지,전라북도,순창군,풍산면,대가리,1-1 번지,향가로,583-43 번,35.33953686,127.193358,56056.0,전라북도 순창군 풍산면 향가로 583-43,전라북도 순창군 풍산면 대가리 1-1,,정보없음,연중무휴,매일 00:00~24:00,Y,없음,Y,해당없음,모두 가능,"목줄, 배변봉투",N,Y,관광지,없음,2022-11-30
향림근린공원,반려동물업,반려동반여행,여행지,서울특별시,은평구,진관동,,362 번지,진관1로,40 번,37.63044073,126.923581,3311.0,서울특별시 은평구 진관1로 40,서울특별시 은평구 진관동 362,02-351-8002,정보없음,연중무휴,매일 00:00~24:00,N,없음,Y,해당없음,모두 가능,목줄,N,Y,공원,없음,2022-11-30
향수공원,반려동물업,반려동반여행,여행지,충청북도,옥천군,옥천읍,삼양리,125 번지,중앙로,131 번,36.30827363,127.572975,29031.0,충청북도 옥천군 옥천읍 중앙로 131,충청북도 옥천군 옥천읍 삼양리 125,,정보없음,연중무휴,매일 00:00~24:00,Y,없음,Y,해당없음,모두 가능,"목줄, 배변봉투",N,Y,공원,없음,2022-11-30
향일암,반려동물업,반려동반여행,여행지,전라남도,여수시,돌산읍,율림리,7 번지,향일암로,60 번,34.5937942,127.802988,59778.0,전라남도 여수시 돌산읍 향일암로 60,전라남도 여수시 돌산읍 율림리 산 7,061-644-4742,http://www.hyangiram.or.kr/,연중무휴,매일 04:00~20:00,Y,2500원,Y,해당없음,소형,"목줄, 안기, 배변봉투",N,Y,관광지,없음,2022-11-30
허브나라농원,반려동물업,반려동반여행,여행지,강원도,평창군,봉평면,흥정리,302-7 번지,흥정계곡길,225 번,37.63580936,128.342651,25300.0,강원도 평창군 봉평면 흥정계곡길 225,강원도 평창군 봉평면 흥정리 302-7,033-335-2902,http://www.herbnara.com/,연중무휴,"매일 4월 21일~10월 20일, 일 09:00~18:30, 10월 21일~4월 20일, 일 09:00~17:30",Y,5000원,Y,해당없음,소형,"목줄, 안기",N,Y,관광지,없음,2022-11-30
허브빌 펜션,반려동물업,반려동반여행,펜션,경기도,포천시,영북면,산정리,298-1 번지,산정호수로,868-24 번,38.07806915,127.321212,11103.0,경기도 포천시 영북면 산정호수로 868-24,경기도 포천시 영북면 산정리 298-1,050-5765-0600,http://herbvill.kr/,연중무휴,매일 15:00~11:00,Y,변동,Y,해당없음,5KG 이하,"진도견, 웰시코기 입장 불가, 객실당 최대 2마리",Y,Y,"애견 동반 펜션, 사전문의 필수","20,000원",2022-11-30
허브아일랜드,반려동물업,반려동반여행,여행지,경기도,포천시,신북면,삼정리,517-2 번지,청신로947번길,35 번,37.96592581,127.131708,11137.0,경기도 포천시 신북면 청신로947번길 35,경기도 포천시 신북면 삼정리 517-2,031-535-6494,http://www.herbisland.co.kr/,연중무휴,"월~금 10:00~21:00, 토~일 10:00~11:00",Y,없음,Y,해당없음,모두 가능,"목줄, 배변봉투",N,Y,관광지,없음,2022-11-30
헤이리무장애노을숲길,반려동물업,반려동반여행,여행지,경기도,파주시,탄현면,법흥리,1652-585 번지,,,37.79025158,126.70228,,,경기도 파주시 탄현면 법흥리 1652-585,,정보없음,연중무휴,매일 00:00~24:00,N,없음,Y,해당없음,모두 가능,"목줄, 배변봉투",N,Y,관광지,없음,2022-11-30
헤이리예술마을,반려동물업,반려동반여행,여행지,경기도,파주시,탄현면,법흥리,1652-539 번지,헤이리마을길,82-105 번,37.78806368,126.703739,10859.0,경기도 파주시 탄현면 헤이리마을길 82-105,경기도 파주시 탄현면 법흥리 1652-539,031-946-8551,https://www.heyri.net/,연중무휴,매일 00:00~24:00,Y,없음,Y,해당없음,모두 가능,목줄,N,Y,관광지,없음,2022-11-30
헤이미쉬풀빌라,반려동물업,반려동반여행,펜션,경상북도,경주시,마동,,1082-246 번지,새골1길,13-12 번,35.78863776,129.30744,38126.0,경상북도 경주시 새골1길 13-12,경상북도 경주시 마동 1082-246,054-774-1400,http://www.heimishpoolvilla.com/,연중무휴,매일 15:00~11:00,Y,변동,Y,해당없음,10kg 미만,제한사항 없음,Y,Y,"애견 동반 펜션, 사전문의 필수","20,000원",2022-11-30
현암지구공원,반려동물업,반려동반여행,여행지,경기도,여주시,현암동,,637-112 번지,,,37.30658178,127.63166,,,경기도 여주시 현암동 637-112,031-887-2114,정보없음,연중무휴,매일 00:00~24:00,Y,없음,Y,해당없음,모두 가능,"목줄, 배변봉투",N,Y,공원,없음,2022-11-30
호매실동반려견놀이터,반려동물업,반려동반여행,여행지,경기도,수원시 권선구,금곡동,,1119-1 번지,금곡로,190 번,37.27319917,126.951451,16397.0,경기도 수원시 권선구 금곡로 190,경기도 수원시 권선구 금곡동 1119-1,,https://blog.naver.com/suwonloves/222875987578,매주 화요일,수~월 10:00~18:00,Y,없음,Y,해당없음,모두 가능,"맹견 입장 불가, 목줄, 배변봉투, 동물등록 필수",N,Y,"공원, 강아지놀이터, 13세 미만 보호자 동반 필수",없음,2022-11-30
호명펜션,반려동물업,반려동반여행,펜션,경기도,가평군,청평면,상천리,1513-1 번지,상지로,279 번,37.76880353,127.479616,12449.0,경기도 가평군 청평면 상지로 279,경기도 가평군 청평면 상천리 1513-1,,http://호명펜션.com,연중무휴,매일 15:00~11:00,Y,변동,Y,해당없음,소형/중형,애견용품 개별준비,Y,Y,애견 동반 펜션,"10,000원",2022-11-30
호명호수,반려동물업,반려동반여행,여행지,경기도,가평군,청평면,호명리,5 번지,,,37.74881158,127.475577,12455.0,,경기도 가평군 청평면 호명리 5,031-580-2062,https://www.gptour.go.kr/tour/tour_view.jsp?menu=tour&submenu=main&paramidx=TL0000079,연중무휴,매일 00:00~24:00,Y,3000원,Y,해당없음,모두 가능,"목줄, 배변봉투",N,Y,관광지,없음,2022-11-30
호미골체육공원,반려동물업,반려동반여행,여행지,충청북도,청주시 상당구,용정동,,476 번지,수영로,380 번,36.63130459,127.515961,28747.0,충청북도 청주시 상당구 수영로 380,충청북도 청주시 상당구 용정동 476,043-201-2392,정보없음,연중무휴,매일 00:00~24:00,Y,없음,Y,해당없음,모두 가능,"목줄, 배변봉투",N,Y,공원,없음,2022-11-30
호미곶해맞이광장,반려동물업,반려동반여행,여행지,경상북도,포항시 남구,호미곶면,대보리,221 번지,해맞이로150번길,20 번,36.07783791,129.568256,37928.0,경상북도 포항시 남구 호미곶면 해맞이로150번길 20,경상북도 포항시 남구 호미곶면 대보리 221,054-284-5026,http://homigot.invil.org/index.html?menuno=568322&lnb=40106,연중무휴,매일 00:00~24:00,Y,없음,Y,해당없음,모두 가능,목줄,N,Y,관광지,없음,2022-11-30
호미반도해안둘레길,반려동물업,반려동반여행,여행지,경상북도,포항시 남구,동해면,입암리,357 번지,호미로2790번길,20-18 번,36.01429685,129.478009,37922.0,경상북도 포항시 남구 동해면 호미로2790번길 20-18,경상북도 포항시 남구 동해면 입암리 357,054-270-3203,https://www.pohang.go.kr/phtour/9300/subview.do?enc=Zm5jdDF8QEB8JTJGdG91ckluZm8lMkZwaHRvdXIlMkYxMCUyRjE3MSUyRnRvdXJWaWV3LmRvJTNG,연중무휴,매일 00:00~24:00,Y,없음,Y,해당없음,모두 가능,목줄,N,Y,관광지,없음,2022-11-30
호스텔 다현,반려동물업,반려동반여행,펜션,경상북도,경주시,성동동,,175-17 번지,원화로340번길,12 번,35.8502873,129.217901,38147.0,경상북도 경주시 원화로340번길 12,경상북도 경주시 성동동 175-17,054-776-0078,http://www.hosteldahyeon.com/,정보없음,정보없음,Y,변동,N,해당없음,해당없음,해당없음,Y,Y,펜션,없음,2022-11-30
호암지생태공원,반려동물업,반려동반여행,여행지,충청북도,충주시,호암동,,124-16 번지,,,36.96425442,127.923703,,,충청북도 충주시 호암동 산 124-16,043-850-6723,정보없음,연중무휴,매일 00:00~24:00,Y,없음,Y,해당없음,모두 가능,"목줄, 배변봉투",N,Y,공원,없음,2022-11-30
홍양저수지,반려동물업,반려동반여행,여행지,충청남도,홍성군,금마면,장성리,28-7 번지,홍양길,232 번,36.59087465,126.705933,32282.0,충청남도 홍성군 금마면 홍양길 232,충청남도 홍성군 금마면 장성리 28-7,,정보없음,연중무휴,매일 00:00~24:00,Y,없음,Y,해당없음,모두 가능,목줄,N,Y,관광지,없음,2022-11-30
홍예공원,반려동물업,반려동반여행,여행지,충청남도,홍성군,홍북읍,신경리,886 번지,홍예공원로,38 번,36.65456194,126.665506,32254.0,충청남도 홍성군 홍북읍 홍예공원로 38,충청남도 홍성군 홍북읍 신경리 886,,정보없음,연중무휴,매일 00:00~24:00,Y,없음,Y,해당없음,모두 가능,목줄,N,Y,공원,없음,2022-11-30
홍천강이야기 펜션,반려동물업,반려동반여행,펜션,강원도,홍천군,서면,개야리,154-4 번지,개야강변길,114 번,37.69258267,127.625518,25100.0,강원도 홍천군 서면 개야강변길 114,강원도 홍천군 서면 개야리 154-4,033-434-7706,http://www.xn--939az3bg41buzbs9jk9p.com/,연중무휴,매일 15:00~11:00,Y,변동,Y,해당없음,8kg 이하,케이지 이용,Y,Y,애견 동반 펜션,"10,000원",2022-11-30
홍천ST리조텔,반려동물업,반려동반여행,펜션,강원도,홍천군,서면,굴업리,349-2 번지,한서로,2141-15 번,37.6172044,127.672419,25103.0,강원도 홍천군 서면 한서로 2141-15,강원도 홍천군 서면 굴업리 349-2,033-436-3339,http://홍천리조텔.kr/,연중무휴,매일 15:00~11:00,Y,변동,N,해당없음,해당없음,해당없음,Y,Y,펜션,없음,2022-11-30
화랑공원,반려동물업,반려동반여행,여행지,경기도,성남시 분당구,삼평동,,639 번지,대왕판교로,609 번,37.39708376,127.106227,13487.0,경기도 성남시 분당구 대왕판교로 609,경기도 성남시 분당구 삼평동 639,031-707-4982,https://www.seongnam.go.kr/park/neighborhoodView.do,연중무휴,매일 00:00~24:00,N,없음,Y,해당없음,모두 가능,목줄,N,Y,공원,없음,2022-11-30
화랑유원지,반려동물업,반려동반여행,여행지,경기도,안산시 단원구,초지동,,667 번지,화랑로,259 번,37.32308895,126.816187,15385.0,경기도 안산시 단원구 화랑로 259,경기도 안산시 단원구 초지동 667,031-487-7780,정보없음,연중무휴,매일 00:00~24:00,Y,없음,Y,해당없음,모두 가능,"목줄, 배변봉투",N,Y,관광지,없음,2022-11-30
화명생태공원,반려동물업,반려동반여행,여행지,부산광역시,북구,화명동,,1718-17 번지,,,35.23108313,129.003891,,,부산광역시 북구 화명동 1718-17,051-364-4127,http://www.busan.go.kr/nakdong/hwamyungpark01,연중무휴,매일 06:00~21:00,Y,없음,Y,해당없음,모두 가능,"목줄, 배변봉투",N,Y,공원,없음,2022-11-30
화성휴게소 반려견놀이터,반려동물업,반려동반여행,여행지,경기도,화성시,팔탄면,덕천리,102-1 번지,서해안고속도로,301 번,37.14359049,126.879152,18577.0,경기도 화성시 팔탄면 서해안고속도로 301,경기도 화성시 팔탄면 덕천리 산 102-1,031-351-8140,정보없음,연중무휴,매일 00:00~24:00,Y,없음,Y,해당없음,모두 가능,"목줄, 배변봉투",N,Y,관광지,없음,2022-11-30
화순곶자왈생태탐방숲길,반려동물업,반려동반여행,여행지,제주특별자치도,서귀포시,안덕면,화순리,2045-5 번지,화순서동로,151 번,33.26347986,126.332364,63529.0,제주특별자치도 서귀포시 안덕면 화순서동로 151,제주특별자치도 서귀포시 안덕면 화순리 2045-5,064-760-4315,https://www.visitjeju.net/kr/detail/view?contentsid=CNTS_000000000018797,연중무휴,매일 00:00~24:00,Y,없음,Y,해당없음,모두 가능,"목줄, 배변봉투",N,Y,관광지,없음,2022-11-30
화암공원,반려동물업,반려동반여행,여행지,부산광역시,강서구,화전동,,554-3 번지,화전산단5로,131 번,35.11056351,128.877537,46735.0,부산광역시 강서구 화전산단5로 131,부산광역시 강서구 화전동 554-3,,정보없음,연중무휴,매일 00:00~24:00,Y,없음,Y,해당없음,모두 가능,"목줄, 배변봉투",N,Y,공원,없음,2022-11-30
화연공원,반려동물업,반려동반여행,여행지,부산광역시,강서구,화전동,,597-2 번지,,,35.10225989,128.879597,,,부산광역시 강서구 화전동 597-2,,정보없음,연중무휴,매일 00:00~24:00,Y,없음,Y,해당없음,모두 가능,"목줄, 배변봉투",N,Y,공원,없음,2022-11-30
화원유원지,반려동물업,반려동반여행,여행지,대구광역시,달성군,화원읍,성산리,310 번지,사문진로1길,40-14 번,35.81277123,128.480637,42941.0,대구광역시 달성군 화원읍 사문진로1길 40-14,대구광역시 달성군 화원읍 성산리 310,053-659-4465,http://www.dssiseol.or.kr/pages/sisul/page.html?mc=1050,연중무휴,매일 06:00~21:00,Y,없음,Y,해당없음,모두 가능,목줄,N,Y,관광지,없음,2022-11-30
화이트하우스,반려동물업,반려동반여행,펜션,경상남도,거제시,남부면,다대리,260-1 번지,거제대로,237-10 번,34.73622263,128.635534,53334.0,경상남도 거제시 남부면 거제대로 237-10,경상남도 거제시 남부면 다대리 260-1,,http://www.거제화이트하우스.com/,연중무휴,매일 14:00~11:00,Y,변동,N,해당없음,해당없음,해당없음,Y,Y,펜션,없음,2022-11-30
화전공원,반려동물업,반려동반여행,여행지,부산광역시,강서구,화전동,,582-1 번지,화전산단5로,84 번,35.1056115,128.879106,46738.0,부산광역시 강서구 화전산단5로 84,부산광역시 강서구 화전동 582-1,051-970-4522,정보없음,연중무휴,매일 00:00~24:00,Y,없음,Y,해당없음,모두 가능,"목줄, 배변봉투",N,Y,공원,없음,2022-11-30
화정공원,반려동물업,반려동반여행,여행지,전라북도,전주시 덕진구,송천1동,,1356 번지,,,35.87055241,127.13803,,,전라북도 전주시 덕진구 송천동2가 1356,063-222-1000,https://deokjingu.jeonju.go.kr/,연중무휴,매일 00:00~24:00,Y,없음,Y,해당없음,모두 가능,"목줄, 배변봉투",N,Y,공원,없음,2022-11-30
화진별장펜션,반려동물업,반려동반여행,펜션,경상북도,포항시 북구,송라면,화진리,386-1 번지,해안로,2973-43 번,36.24097696,129.375069,37512.0,경상북도 포항시 북구 송라면 해안로 2973-43,경상북도 포항시 북구 송라면 화진리 386-1,,http://www.hwajinpen.kr/,연중무휴,매일 15:00~11:00,Y,변동,Y,해당없음,10kg 이내,제한사항 없음,Y,Y,애견 동반 펜션,"10,000원",2022-11-30
환호공원,반려동물업,반려동반여행,여행지,경상북도,포항시 북구,환호동,,362-2 번지,,,36.06698309,129.389169,,,경상북도 포항시 북구 환호동 362-2,054-270-8282,정보없음,연중무휴,매일 00:00~24:00,Y,없음,Y,해당없음,모두 가능,목줄,N,Y,공원,없음,2022-11-30
환호공원,반려동물업,반려동반여행,여행지,충청북도,청주시 흥덕구,오송읍,만수리,499 번지,,,36.63939874,127.340301,,,충청북도 청주시 흥덕구 오송읍 만수리 499,043-201-4433,정보없음,연중무휴,매일 00:00~24:00,Y,없음,Y,해당없음,모두 가능,"목줄, 배변봉투",N,Y,공원,없음,2022-11-30
황남동고분군,반려동물업,반려동반여행,여행지,경상북도,경주시,황남동,,501 번지,,,35.83172603,129.211608,38164.0,,경상북도 경주시 황남동 501,054-779-8796,정보없음,연중무휴,매일 00:00~24:00,Y,없음,Y,해당없음,모두 가능,목줄,N,Y,관광지,없음,2022-11-30
황령산전망대,반려동물업,반려동반여행,여행지,부산광역시,남구,대연동,,53-58 번지,황령산로,391-39 번,35.15789457,129.082702,48424.0,부산광역시 남구 황령산로 391-39,부산광역시 남구 대연동 산 53-58,051-605-4065,정보없음,연중무휴,매일 00:00~24:00,Y,없음,Y,해당없음,모두 가능,목줄,N,Y,관광지,없음,2022-11-30
황룡강생태공원,반려동물업,반려동반여행,여행지,전라남도,장성군,장성읍,기산리,57-5 번지,,,35.30472534,126.777187,,,전라남도 장성군 장성읍 기산리 57-5,061-390-7429,정보없음,연중무휴,매일 00:00~24:00,Y,없음,Y,해당없음,모두 가능,"목줄, 배변봉투",N,Y,공원,없음,2022-11-30
황리단길,반려동물업,반려동반여행,여행지,경상북도,경주시,황남동,,280 번지,포석로,1080 번,35.8374083,129.209954,38166.0,경상북도 경주시 포석로 1080,경상북도 경주시 황남동 280,054-779-8585,https://www.gyeongju.go.kr/tour/page.do?mnu_uid=2499&code_uid=1022,연중무휴,매일 00:00~24:00,Y,없음,Y,해당없음,모두 가능,목줄,N,Y,관광지,없음,2022-11-30
황산공원,반려동물업,반려동반여행,여행지,경상남도,양산시,물금읍,물금리,162-1 번지,,,35.30198746,128.990986,,,경상남도 양산시 물금읍 물금리 162-1,055-392-2823,http://hwangsanpark.yangsan.go.kr/main.do,연중무휴,매일 00:00~24:00,Y,없음,Y,해당없음,모두 가능,"목줄, 배변봉투",N,Y,공원,없음,2022-11-30
황산근린공원,반려동물업,반려동반여행,여행지,충청남도,논산시,강경읍,황산리,81-16 번지,금백로,34 번,36.15646889,127.009282,32930.0,충청남도 논산시 강경읍 금백로 34,충청남도 논산시 강경읍 황산리 81-16,,정보없음,연중무휴,매일 00:00~24:00,Y,없음,Y,해당없음,모두 가능,목줄,N,Y,공원,없음,2022-11-30
황토기와펜션,반려동물업,반려동반여행,펜션,경기도,양평군,서종면,명달리,106-14 번지,화서로,955 번,37.62380558,127.449174,12500.0,경기도 양평군 서종면 화서로 955,경기도 양평군 서종면 명달리 106-14,,https://blog.naver.com/bboy880704,정보없음,정보없음,Y,변동,N,해당없음,해당없음,해당없음,Y,Y,펜션,없음,2022-11-30
회동저수지,반려동물업,반려동반여행,여행지,부산광역시,금정구,오륜동,,106-3 번지,오륜대로,145-107 번,35.25326244,129.107121,46255.0,부산광역시 금정구 오륜대로 145-107,부산광역시 금정구 오륜동 산 106-3,051-780-2111,정보없음,연중무휴,매일 00:00~24:00,Y,없음,Y,해당없음,소형/중형,"목줄, 배변봉투",N,Y,관광지,없음,2022-11-30
횡성호수길5코스,반려동물업,반려동반여행,여행지,강원도,횡성군,갑천면,구방리,164 번지,,,37.54963406,128.062617,,,강원도 횡성군 갑천면 구방리 산 164,033-340-2472,정보없음,연중무휴,매일 00:00~24:00,N,2000원,Y,해당없음,모두 가능,목줄,N,Y,관광지,없음,2022-11-30
효명사,반려동물업,반려동반여행,여행지,제주특별자치도,서귀포시,남원읍,하례리,45 번지,516로,815-41 번,33.32329797,126.594172,63607.0,제주특별자치도 서귀포시 남원읍 516로 815-41,제주특별자치도 서귀포시 남원읍 하례리 산 45,064-733-4950,정보없음,연중무휴,매일 00:00~24:00,Y,없음,Y,해당없음,소형/중형,"목줄, 야외 산책로만 동반 가능",N,Y,관광지,없음,2022-11-30
효열공원,반려동물업,반려동반여행,여행지,전라북도,전주시 완산구,효자4동,,1193-7 번지,,,35.80710821,127.098911,,,전라북도 전주시 완산구 효자동2가 1193-7,,정보없음,연중무휴,매일 00:00~24:00,N,없음,Y,해당없음,모두 가능,목줄,N,Y,공원,없음,2022-11-30
효원공원,반려동물업,반려동반여행,여행지,경기도,수원시 팔달구,인계동,,1117 번지,동수원로,397 번,37.26467203,127.039444,16488.0,경기도 수원시 팔달구 동수원로 397,경기도 수원시 팔달구 인계동 1117,031-228-7042,https://www.suwon.go.kr/web/visitsuwon/tour03/tour03-01/pages.do?seqNo=126,연중무휴,매일 00:00~24:00,N,없음,Y,해당없음,모두 가능,목줄,N,Y,공원,없음,2022-11-30
효자공원,반려동물업,반려동반여행,여행지,전라북도,전주시 완산구,효자2동,,634 번지,서원로,238 번,35.81104873,127.120151,55052.0,전라북도 전주시 완산구 서원로 238,전라북도 전주시 완산구 효자동1가 634,,정보없음,연중무휴,매일 00:00~24:00,Y,없음,Y,해당없음,모두 가능,목줄,N,Y,공원,없음,2022-11-30
후진어촌체험마을,반려동물업,반려동반여행,여행지,강원도,삼척시,교동,,347-2 번지,새천년도로,460 번,37.46380432,129.177273,25909.0,강원도 삼척시 새천년도로 460,강원도 삼척시 교동 347-2,0507-1317-2972,정보없음,연중무휴,매일 09:00~18:00,Y,변동,Y,해당없음,모두 가능,"목줄, 배변봉투",N,Y,관광지,없음,2022-11-30
후포리벽화마을,반려동물업,반려동반여행,여행지,경상북도,울진군,후포면,후포리,559-32 번지,,,36.68237383,129.463935,,,경상북도 울진군 후포면 후포리 559-32,054-782-1501,http://www.uljin.go.kr/tour/board/view.uljin?menuCd=DOM_000000202001000000&boardId=BBS_ATTRACTION_TU&dataSid=1697,연중무휴,매일 00:00~24:00,Y,없음,Y,해당없음,모두 가능,"목줄, 배변봉투",N,Y,관광지,없음,2022-11-30
휘게펜션,반려동물업,반려동반여행,펜션,제주특별자치도,서귀포시,성산읍,신풍리,600-3 번지,삼달신풍로,35-5 번,33.36818104,126.83494,63635.0,제주특별자치도 서귀포시 성산읍 삼달신풍로 35-5,제주특별자치도 서귀포시 성산읍 신풍리 600-3,,https://www.instagram.com/bommi_golden/,연중무휴,매일 15:00~11:00,Y,변동,Y,해당없음,모두 가능,제한사항 없음,Y,Y,애견 동반 펜션,없음,2022-11-30
휘겔빌리지,반려동물업,반려동반여행,펜션,강원도,평창군,대관령면,용산리,256-1 번지,솔봉로,236-11 번,37.668228,128.663788,25348.0,강원도 평창군 대관령면 솔봉로 236-11,강원도 평창군 대관령면 용산리 256-1,033-334-8077,정보없음,연중무휴,매일 14:00~12:00,Y,변동,Y,해당없음,모두 가능,제한사항 없음,Y,Y,"애견 동반 펜션, 사전문의 필수","50,000원",2022-11-30
휘닉스아일랜드콘도,반려동물업,반려동반여행,여행지,제주특별자치도,서귀포시,성산읍,고성리,127-2 번지,섭지코지로,107 번,33.42604238,126.926443,63642.0,제주특별자치도 서귀포시 성산읍 섭지코지로 107,제주특별자치도 서귀포시 성산읍 고성리 127-2,02-1577-0069,phoenixhnr.co.kr/page,연중무휴,매일 14:00~11:00,Y,없음,Y,해당없음,모두 가능,"목줄, 배변봉투",N,Y,관광지,없음,2022-11-30
휴원경펜션,반려동물업,반려동반여행,펜션,강원도,평창군,대화면,개수리,279-1 번지,금당계곡로,1151-1 번,37.51253614,128.390743,25357.0,강원도 평창군 대화면 금당계곡로 1151-1,강원도 평창군 대화면 개수리 279-1,033-332-5225,http://www.wonkyung.com,연중무휴,매일 14:00~11:00,Y,변동,Y,해당없음,소형,제한사항 없음,Y,Y,"애견 동반 펜션, 사전문의 필수, 추가인원 10,000원",없음,2022-11-30
휴휴암,반려동물업,반려동반여행,여행지,강원도,양양군,현남면,광진리,1 번지,광진2길,3-16 번,37.96105181,128.767348,25056.0,강원도 양양군 현남면 광진2길 3-16,강원도 양양군 현남면 광진리 1,033-671-0093,http://huhuam.org/,연중무휴,매일 08:00~23:00,Y,없음,N,해당없음,해당없음,해당없음,N,Y,관광지,없음,2022-11-30
흥업면반려견쉼터 아름들,반려동물업,반려동반여행,여행지,강원도,원주시,흥업면,흥업리,222 번지,,,37.29566456,127.925142,26403.0,,강원도 원주시 흥업면 흥업리 222,,정보없음,"1월1일, 설, 연휴 당일, 매주 월요일","월~금 10:00~20:00, 토~일 10:00~18:00",Y,없음,Y,해당없음,모두 가능,맹견류 입장 불가,N,Y,관광지,없음,2022-11-30
흥업저수지,반려동물업,반려동반여행,여행지,강원도,원주시,흥업면,매지리,1382-1 번지,,,37.27883421,127.906742,,,강원도 원주시 흥업면 매지리 1382-1,,정보없음,연중무휴,매일 00:00~24:00,Y,없음,Y,해당없음,모두 가능,목줄,N,Y,관광지,없음,2022-11-30
흥정계곡,반려동물업,반려동반여행,여행지,강원도,평창군,,흥정리,,,,37.65318466,128.310607,,,강원도 평창군 봉평면 흥정리,033-330-2399,https://www.pc.go.kr/bp/village/village-attraction?articleSeq=106742,연중무휴,매일 00:00~24:00,Y,없음,Y,해당없음,소형/중형,"목줄, 배변봉투",N,Y,관광지,없음,2022-11-30
희망공원,반려동물업,반려동반여행,여행지,부산광역시,강서구,송정동,,1625 번지,녹산산단321로,50 번,35.09309167,128.853142,46754.0,부산광역시 강서구 녹산산단321로 50,부산광역시 강서구 송정동 1625,,정보없음,연중무휴,매일 00:00~24:00,Y,없음,Y,해당없음,모두 가능,"목줄, 배변봉투",N,Y,공원,없음,2022-11-30
흰여울문화마을,반려동물업,반려동반여행,여행지,부산광역시,영도구,영선2동,,606 번지,절영로,194 번,35.07988975,129.04354,49081.0,부산광역시 영도구 절영로 194,부산광역시 영도구 영선동4가 606,051-419-4067,http://www.ydculture.com/,연중무휴,매일 00:00~24:00,Y,없음,Y,해당없음,모두 가능,"목줄, 배변봉투",N,Y,관광지,없음,2022-11-30
힐리언스 선마을 힐리펫룸,반려동물업,반려동반여행,펜션,강원도,홍천군,서면,중방대리,7 번지,종자산길,122 번,37.65154223,127.630341,25104.0,강원도 홍천군 서면 종자산길 122,강원도 홍천군 서면 중방대리 7,1588-9983,https://www.healience.co.kr/,연중무휴,매일 15:00~11:00,Y,변동,Y,해당없음,모두 가능,제한사항 없음,Y,Y,"애견 동반 펜션, 사전문의 필수, 추가인원 15,000원","30,000원",2022-11-30
힐링하시개 애견펜션,반려동물업,반려동반여행,펜션,강원도,평창군,봉평면,무이리,1116-1 번지,안흥동길,132-7 번,37.58625753,128.308248,25306.0,강원도 평창군 봉평면 안흥동길 132-7,강원도 평창군 봉평면 무이리 1116-1,,http://힐링하시개.kr,연중무휴,매일 15:00~11:00,Y,변동,Y,해당없음,10kg 미만,객실당 최대 3마리,Y,Y,애견 동반 펜션,없음,2022-11-30
GEO키즈글램핑,반려동물업,반려동반여행,펜션,경기도,포천시,이동면,도평리,585-6 번지,금강로,6561 번,38.11049678,127.396904,11110.0,경기도 포천시 이동면 금강로 6561,경기도 포천시 이동면 도평리 585-6,,http://geoglamping.kr/,연중무휴,매일 15:00~11:00,Y,변동,Y,해당없음,소형/중형,제한사항 없음,Y,Y,"애견 동반 펜션, 사전문의 필수","10,000원",2022-11-30
H moment 펜션,반려동물업,반려동반여행,펜션,부산광역시,해운대구,송정동,,288-1 번지,송정해변로,4 번,35.18127775,129.20534,48072.0,부산광역시 해운대구 송정해변로 4,부산광역시 해운대구 송정동 288-1,0507-1407-7356,정보없음,연중무휴,매일 15:00~11:00,Y,변동,Y,해당없음,5kg 이하,제한사항 없음,Y,Y,애견 동반 펜션,"20,000원",2022-11-30
S모텔,반려동물업,반려동반여행,펜션,경상남도,거제시,장평동,,380-25 번지,장평로10길,19 번,34.89282009,128.610901,53265.0,경상남도 거제시 장평로10길 19,경상남도 거제시 장평동 380-25,055-637-5908,정보없음,연중무휴,매일 15:00~11:00,Y,변동,Y,해당없음,소형,제한사항 없음,Y,Y,"애견 동반 펜션, 사전문의 필수",없음,2022-11-30
SEOSUNYA,반려동물업,반려동반여행,펜션,전라북도,전주시 완산구,풍남동,,27-2 번지,동문길,19-6 번,35.81906484,127.15269,55040.0,전라북도 전주시 완산구 동문길 19-6,전라북도 전주시 완산구 풍남동2가 27-2,0507-1331-5985,https://blog.naver.com/gksmf5148,연중무휴,매일 15:00~10:30,Y,변동,N,해당없음,해당없음,해당없음,Y,Y,펜션,없음,2022-11-30
